message_ok;count
infracciones;60582
estacionar;53823
turno;44546
multas;38094
estacionamiento;31722
consultar multas hacer descargo videollamada;28900
turnos;28344
telepase;28106
solicitar turno;25954
renovar licencia;23460
blanqueo cuenta miba;20986
chatear;20232
iniciar tramite;18891
salud;16482
turno medico;15895
cedetac;15813
sacar turno;14021
cancelar;13939
ciudadania portena;12664
cancelar turno salud;12152
licencias;10921
dni;9702
licencia conducir;9323
multa;9269
licencia;9253
hacer reclamo;8211
auto mal estacionado;7988
validar identidad;7718
ensayo filarmonica;7365
rendir recibo;7345
infraccion;7258
escombros;6977
consultar infracciones transito;6896
hablar alguien;6784
retiro escombros;6737
dudas licencia;6665
denuncia vial;6435
confirmar turno;6334
revisar multas;6088
vtv;5682
cancelar turno;5108
turno salud;4947
chau;4913
mas subtes;4858
ayudas tramitar certificado;4795
menu;4788
otorgamiento;4755
certificado domicilio;4592
hacerte consulta;4580
renovacion licencia;4472
suscribirme novedades ciudad;4247
resonancia;4194
actualizar datos cuil;4143
oftalmologia;3729
vehiculo mal estacionado;3719
pagar multa;3705
sacar turno salud;3690
respuesta automatica horario atencion 1530 whatautoai;3689
contactarme equipo termina secundaria;3665
hablar operador;3647
partida nacimiento;3552
consultar detalles inspeccion local;3521
patente;3475
ayuda;3420
audiencia virtual;3368
auto;3357
pagar;3308
chatear alguien;3298
infracciones transito;3283
renovacion licencia conducir;3136
odontologia;3136
turnos medicos;3022
turnos salud;2997
abl;2969
renovar dni;2967
hospital;2919
habitacional;2897
denuncia;2794
infracciones whatsapp;2789
mamografia;2762
agip;2756
hablar persona;2719
tramite;2715
renovar licencia conducir;2676
inscripcion escolar;2538
turno hospital;2376
boleto estudiantil;2341
habla agip;2282
pagar multas;2254
listo;2250
consulta;2240
turno controlador;2216
castracion;2214
libre deuda;2179
controlador;2152
patentes;2150
cambiar turno;2137
registro;2126
consultar;2110
consulta infracciones;2087
mal estacionado;2038
salir;2007
voluminosos;1998
sacar entrada ver ensayos orquesta filarmonica;1991
subsidio habitacional;1987
recoleccion programada;1980
noches;1941
reclamo;1888
verificacion policial;1879
renovacion;1853
cud;1830
tomografia;1819
operador;1809
sube;1789
cursos;1787
paso;1735
hol;1728
consultar solicitud;1721
vacunas;1709
traumatologia;1695
dermatologia;1682
vehiculo;1678
multas transito;1669
lenguas barrios;1664
audiencia;1659
clinica medica;1631
confirmar;1612
tramites;1581
renovar registro;1557
cardiologia;1524
pago voluntario;1498
turno dni;1498
mas;1478
auto abandonado;1469
recorrer bam;1452
confirmo turno;1451
renovacion registro;1439
puede estacionar;1434
pasaporte;1420
miba;1419
chatear operador;1416
hablar representante;1396
dale;1381
pagar infracciones;1377
turismo ciudad;1376
vacuna;1360
poda;1355
hablar asesor;1340
pedir turno;1338
partida nacimiento online;1332
recoleccion escombros;1330
descargo;1316
bien;1307
inscripcion;1301
filarmonica;1294
sacar turno hacerme estudio;1290
cesac;1289
hospitales;1284
pagar infraccion;1274
turno presencial;1271
basura;1252
subte;1251
escombro;1229
consultar ciudadania portena;1226
bueno;1223
hablar humano;1180
asesor;1167
neurologia;1160
online;1154
ginecologia;1135
tad;1133
registro conducir;1129
defensa consumidor;1125
holaa;1120
turno odontologia;1119
lengua barrios;1105
confirmo;1094
consultar multas;1087
otorgamiento licencia;1077
vacunacion;1075
cambio domicilio;1072
info licencias conducir;1066
cuenta;1066
adultos 2000;1059
hablar controlador;1056
infraccion transito;1055
controlador faltas;1053
estaciono;1043
presencial;1041
renovacion dni;1039
fin;1037
renovar;1034
consultar turnos;1024
contenedor;1021
sacar licencia;1011
residuos;1006
turno oftalmologia;1004
igualmente;997
resonancia magnetica;991
retiro escombro;988
turno infracciones;967
consultar turno;962
blanqueo cuenta;953
turno vtv;951
gastroenterologia;949
sacar turno medico;939
residuos voluminosos;935
mal estacionamiento;927
hols;924
teatro colon;917
mascotas;915
comprobante plan pago vencido;911
eventos ciudad;911
adios;908
ausa;902
ruidos molestos;901
recuperacion cuenta;886
discapacidad;884
acarreo;868
hacer descargo;866
recoleccion;856
infraciones;853
resolver controlador;849
endocrinologia;843
puntos;828
humano;798
trabajo;793
imprimir boleta;788
laboratorio;787
ahora;784
solicitud;769
deuda;758
turno resonancia;757
educacion;756
retiro poda;754
reprogramar turno;750
pague;746
denunciar auto mal estacionado;745
vereda;735
sube estudiantil;734
ecografia;734
cesacs;733
scoring;729
rendir recibo habitacional;724
boty;724
holaaa;723
perfecto;709
beca ciudad;706
hablar agente;705
cenat;705
videollamada;703
covid;701
pago;700
turno virtual;692
ingresos brutos;689
imprimir boletas;688
ver;687
permitido estacionar;685
salud mental;681
fiebre amarilla;677
orquesta filarmonica;672
bui;667
persona;665
voluminoso;664
transito;663
subsidio habitacional 690;662
hice;659
becas ciudad;647
comuna;647
vacuna antigripal;644
tele pase;640
pagar estacionamiento;638
okey;637
turno mamografia;632
vacuna covid;625
retirar escombros;621
turnos hospital;618
deuda patente;617
pediatria;611
acabo participar capacitacion agentes calle;597
becas;593
turno ginecologia;589
estacionamiento medido;584
hablar;584
entrar;580
denunciar;580
confirmado;580
cambie domicilio dni renovar licencia;577
confirmar turnos;576
finalizar;576
pase cultural;573
descargo multa;573
plan pago vencido;572
consultar infracciones;567
turno licencia;565
turno controlador faltas;565
medico;565
mensaje momento podemos responder haremos posible;563
retencion vehiculo;560
dentista;559
vacuna fiebre amarilla;558
linea 102;555
retiro programado;555
reportar vehiculo;552
turno licencia conducir;546
hospitales publicos;544
ver multas;542
moto;542
ver turnos;536
poda arboles;531
informacion vacunacion;529
audiencia online;528
cuenta miba;527
consulta bax;526
tal;522
ecoparque;519
grua;516
nivel;513
cerrar;513
hoka;512
espero;510
sacar turno controlador;509
higiene urbana;508
informacion;500
cuidadania portena;497
147;497
turnos hospitales;496
108;495
constancia domicilio;492
reclamos;491
saludos;490
ingresar;487
turismo;487
direccion;487
opciones;486
habitacional 690;486
multa transito;475
retiro muebles;474
curso;472
otorgamiento licencia conducir;471
retiro residuos;471
poda arbol;471
vehiculo abandonado;470
hospital publico;470
matrimonio;469
turno comuna;468
casamiento;468
registro civil;467
bax;467
turno tomografia;467
sacar turno hospital;465
recoleccion residuos;465
ola;463
ampliacion licencia;461
movilidad portena;461
hacer vtv;455
renovacion registro conducir;454
situacion calle;445
vacaciones invierno;443
controlador transito;443
terminar secundario;441
denuncias;439
castraciones;437
consulta multas;433
turno pediatria;432
oftalmologo;431
resonancias;431
resolver infracciones;429
partida matrimonio;428
pagar bui;426
cambiar tema;424
sirve;424
pague cenat;424
ciudadania;423
ivc;419
urologia;419
medico cabecera;418
partidas;415
restos poda;414
sacar partida nacimiento;414
renovar pasaporte;414
inscripcion escuelas;412
favor;411
peaje;409
turno boleto estudiantil;402
hago;396
partidas nacimiento;395
hospital fernandez;395
reubicar contenedor;393
perdon;392
alergia;390
grabado autopartes;389
renovar registro conducir;389
partida defuncion;388
deuda telepase;385
ampliacion;384
partida;381
chatear controlador;380
vereda rota;377
funciona;375
turno dermatologia;374
turno laboratorio;374
antecedentes penales;374
domicilio;372
revisar multa;372
manipulacion alimentos;371
linea;371
acta nacimiento;370
sacar licencia conducir;369
empleo;366
turno traumatologia;365
volver;365
turno resonancia magnetica;365
beca;365
renovacion cud;362
hla;358
turno cesac;358
holq;357
turno hospitales;357
boleta abl;356
recuperar cuenta;356
crear cuenta;355
ciudad;351
servis;347
turno cardiologia;346
sacar turno dni;346
traumatologo;345
entradas;345
telepeaje;343
renovar cud;343
veterinaria;341
hila;340
error;339
turno ecografia;339
pediatra;338
dni nuevo ejemplar;336
limpieza;335
denuncia auto mal estacionado;334
denuncia mal estacionamiento;334
soporte;334
hoal;334
solicitudes;332
tramites turnos;332
multas caba;331
charla renovacion;329
comprobante;329
jola;327
eventos;326
descargo multas;324
acta matrimonio;322
turno controlador transito;322
atras;322
holi;321
holis;321
ticket social;318
hacer denuncia;317
especialidad medica;317
revisar infracciones;316
terminar secundaria;315
documento;315
dengue;315
representante;315
turno renovacion licencia conducir;314
manana;313
certificado nacimiento;313
argentina;311
descargo infraccion;311
sacar certificado domicilio;310
retiro electrodomesticos;309
retiro residuos voluminosos;307
puntos licencia;306
baja;305
castracion gatos;303
agente;303
desastre;302
info ciudadania portena;302
consulta turno;301
plan pago;301
medico clinico;300
antigripal;300
diabetologia;300
consultar puntos;299
hacer multa;299
ciudad bilingue;298
titulo secundario;298
atencion;298
denunciar vehiculo mal estacionado;296
turno hoy;296
consultar multas hacer descargo presencial;295
terminar;295
vehiculo infraccion;294
buepp;294
cambiar turno vtv;293
consultar vacante escolar;292
otorrino;292
saco turno;292
libre deuda infracciones;292
turno renovar licencia conducir;291
sacar turnos;290
primera vez;290
ingles;290
palacio ceci;290
foto;289
deuda patentes;289
dar baja telepase;289
hablar cedetac;288
hospital santa lucia;288
nuevo turno;287
hacer;287
entiendo;286
vehiculos;286
certificado;285
turno renovacion licencia;285
pago multas;285
ginecologa;283
opcion;283
homa;283
hospital rivadavia;282
curso manipulacion alimentos;282
ensayo;282
turno videollamada;281
validacion identidad;281
hijo;281
hospital argerich;280
retiro;279
provincia;279
pago multa;277
reportar error;277
tramite dni;277
turno castracion;277
veredas;276
sirve linea 108;276
vehiculo retenido;276
sacar turno vtv;275
agendar;275
sigo esperando;275
lado derecho;274
zona tarifada;273
tarde;272
turno multas;272
tramites distancia;272
menu principal;272
certificado discapacidad;271
turno neurologia;271
arreglo vereda;270
colon;270
tarjeta ciudadania portena;270
infracciones caba;269
analisis sangre;269
video llamada;269
inscripcion escuela;268
hablar alguien equipo;267
recuperar puntos;267
turno hijo;266
turno renovar licencia;265
sacar libre deuda;264
descargo infracciones;263
turnos medico;262
resolver multas;262
nivel seguridad;261
hoy;261
psicologia;261
desratizacion;260
entrar miba;259
clave ciudad;259
amable;259
hacer descargo multa;257
turno manana;257
hematologia;256
turno vacuna;255
odontologo;255
genial;255
duplicado licencia;254
entrar cuenta;253
audiencia presencial;252
muchisimas;252
podes ayudar;251
pagar multa transito;251
turno medico clinico;251
canselar;251
acta;250
gratis;250
ninguno;250
foto multa;250
reparacion vereda;250
blanqueo;249
pagar patente;248
carnet conducir;248
jubilados;248
pagar abl;247
contenedores;246
consulta infracciones transito;246
cdtac;246
animales;246
caba;246
duplicado licencia conducir;244
perdi dni;244
clave;242
whatsapp;242
arbol;242
colectivo;241
horario;241
pago infracciones;241
neurologo;241
ninguna;241
turno resolver infracciones;240
sacar dni;240
abitacional;240
turno agip;239
pagar infraccion transito;239
cambiar fecha;238
luminaria;237
turnos agendados;237
asi;237
inscribirme;237
solicitar partida nacimiento;236
hacer consulta;235
resultados laboratorio;234
puto;234
pague bui;234
turno verificacion policial;233
persona situacion calle;233
entendes;233
mas salud;233
turno dentista;232
mas opciones;232
escuela;232
hija;231
santa lucia;230
blanquear cuenta;230
info colectivos ciudad;230
ginecologo;230
beca estudiantil;229
videollamada controlador;229
telefono;229
descuento;229
mail;228
resolvio;228
sacar;227
ensayos filarmonica;226
deja;225
ver infracciones;224
vacuna dengue;224
turno pediatra;224
ayudas;224
recoleccion poda;223
ingresar miba;222
equivoque;222
gracia;222
mil;222
curso vial;222
pista manejo;222
reclamo multa;222
cardiologo;221
charla virtual;221
resultados;220
seguimos;220
documentacion;220
inscripcion linea;219
turno oftalmologo;219
emova;219
llevaron auto;218
deportes;217
cambiar mail;216
termina secundaria;216
legalizar titulo secundario;216
conducir;216
guardia;216
especialista;215
tema;215
taxi;215
busco trabajo;214
buendia;214
sigo;213
consultar licencia;213
reubicacion contenedor;212
validar;212
problemas miba;212
ampliar licencia;212
saldo;211
sii;211
multas auto;211
pregunta;211
barrido;211
bot;211
hoa;211
baja telepase;210
basura desparramada;210
reclamar;210
subcidio habitacional;210
recibo;210
certificado legalidad;208
turno registro;208
turno hospital santa lucia;208
salud turno;208
baja patente;207
sacar registro;207
dermatologo;207
sacar turno presencial;207
turno infraccion;206
pagar tarjeta;206
subir nivel;206
oftalmologica;205
acta infraccion;205
asistire;205
numero;204
turno clinico;204
actualizar datos doc cabecera;203
consultar multas hacer descargo;203
especialistas;203
gastroenterologo;202
oficios;202
consulta infraccion;202
licencias conducir;201
queria sacar turno;201
numero partida;200
cancelar turno medico;200
consultar tramite;199
sacar turno infracciones;199
curso educacion vial;199
consultar multa;199
llego;198
nuevo dni;198
cementerio;197
vacunatorio;197
idiomas;196
pago bui;196
clinico;196
certificado convivencia;195
lado izquierdo;194
licencia moto;194
ratas;194
colectivos;193
curso virtual;193
farmacia;193
estudios;192
certificado matrimonio;192
sacar turno odontologia;192
pago voluntario infracciones;192
ciudania portena;192
perdi;192
analitico;191
denunciar mal estacionamiento;191
certificado domiciliario;191
endocrinologo;191
citacion;191
infectologia;191
validar identidad miba;190
crear cuenta miba;190
pagar online;189
atencion social;189
termine;188
audiencia controlador;188
numero tramite;188
cerrar chat;188
turno vacunacion;188
agc;188
duplicado;187
urologo;187
turno urologia;186
contrasena;186
vacuna gripe;186
empadronamiento;186
chatear persona;186
olvide contrasena;185
inicie sesion;185
reportar vehiculo mal estacionado;185
queja;185
turno hija;184
cambio domicilio dni;184
deuda abl;184
turno ciudadania portena;184
aprende;184
estare;183
llevar;182
higiene;182
turno endocrinologia;182
turno renovar dni;182
inutil;182
fan fest;181
boleta;181
horarios;181
ecografia mamaria;181
dar baja;180
retirar dni;180
copia planos;180
oftamologia;180
cambiar fecha turno;180
multas patente;180
embargo;180
otorrinolaringologia;180
charla;179
oculista;179
anses;179
natacion;179
grasias;178
clima;178
turno santa lucia;178
cancelar solicitud;178
vacunatorios;178
estacionamiento permitido;178
hospital ramos mejia;178
mundial;178
controlador infracciones;177
estudio;177
hablar ser humano;177
info;177
sube cud;177
muebles;177
sacar turno licencia conducir;176
confirmar turno medico;176
pista aprendizaje;176
nuevo ejemplar;176
multas infracciones;176
miju;176
portena;176
ver multa;175
renovar licencias;175
turno otorrino;175
trabajar;174
confirma turno;173
peajes;173
pagar tarjeta credito;173
transporte;172
servicios reclamos;172
consulta solicitud;172
cursos gratuitos;172
deudas;172
cambio turno;171
retencion licencia;171
denunciar vehiculo;171
hospital pirovano;171
escribir datos;171
ayudame;170
mierda;170
salud turnos;170
fecha;170
app;170
problema;169
holaaaa;169
nuevo ejemplar dni;169
expediente;169
turnos infracciones;168
inscripciones;168
reprogramar;168
ver turno;168
resolver infraccion;168
gripe;167
pagar cenat;167
paga;167
dice acceso denegado;167
gola;167
controlador multas;167
reclamar multa;167
seguir;167
subte tenes contarme;166
pagar infracciones transito;166
hacer dni;166
partida casamiento;166
hablar asistente;166
oki;166
llego mail;165
imprimir;165
inicio;165
entregar recibo;164
turno traumatologo;164
zoonosis;164
argerich;164
ensayo filarmonico;164
ingrese;164
pague multa;163
datos;163
turno pasaporte;163
denuncia estacionamiento;163
sacar escombros;163
vencio;163
talento tech;163
certificado domicilio real;162
cerrar sesion;162
pami;162
turno cgp;161
infracion;161
talleres;161
tarjeta;161
hacer pago voluntario;160
oficios artes;160
cambio jurisdiccion;160
vacunacion antirrabica;160
denuncia mal estacionado;159
renovacion licencia taxi;159
luminarias;159
derivacion;159
luego;159
buscar cesac;159
secundario;159
faltas;159
resultado laboratorio;158
psiquiatra;158
nueva consulta;158
cultura;158
virtual;157
anos;157
turno controlador infracciones;157
empadronarme;157
tirar muebles;156
boleto educativo;155
eventos fin semana;155
registrarme;155
especialista turno previo;155
union convivencial;155
graciass;155
correcto;154
ingresar cuenta;154
denuncia vehiculo mal estacionado;154
mal;154
turno ginecologa;154
ampliacion licencia conducir;154
turno neurologo;154
mascota;154
resolver multa;154
hospital durand;154
turno cardiologo;153
castracion gatas;153
centro salud;153
preinscripcion;153
obelisco;153
modificar turno;153
inscribo;153
estacionae;152
documentos;152
carnet manipulacion alimentos;152
subsidio;152
hice charla;152
concha madre;152
esperando;152
usuario;152
clave miba;152
chat;152
vivienda;151
sacar turno ginecologia;151
boleto;151
sos;151
puntos verdes;151
turno ginecologo;151
recibo sueldo;151
turno dermatologo;150
docente;150
psiquiatria;149
castracion gato;149
chiste;149
resolver infracciones transito;149
hablar controlador faltas;149
deja entrar;149
certificado defuncion;149
castracion perros;148
aviso obra;148
presentar descargo;148
libre deudas;147
abonar;147
beca alimentaria;147
multas vehiculo;147
subte jubilados;147
semaforo;147
puede;146
hooa;146
certificar domicilio;146
cambiar;145
confirmo turnos;145
denuncia venta;145
sube discapacidad;145
vacunacion covid;145
sacar turno oftalmologia;145
cuil;145
retiro basura;145
secundaria;145
alumbrado;145
turno sube estudiantil;144
videollamada controlador transito;144
tramitar dni;144
analisis;144
turno sube;144
consulta turnos;144
tag;144
turno resolver multas;143
atencion veterinaria;143
pagar multas transito;143
legajo;143
rutramur;143
pago patente;143
turno previo;142
denuncia ruidos molestos;142
comprobante pago;142
plan pagos;142
planetario;142
confirmacion turno;142
nono;142
turno gastroenterologia;142
pirovano;142
kinesiologia;142
divorcio;141
pileta;141
pagos;141
pedi;141
contame sepas clemente;140
turno cedetac;140
cambiar usuario;140
ive;140
proxima vencer;140
turno confirmado;140
numero equivocado;140
defuncion;139
hospital alvarez;139
reumatologia;139
libreta sanitaria;139
recibo habitacional;138
licencia renovacion;138
solicitud partida nacimiento;138
pago voluntario multas;138
buenisimo;138
realizar descargo;138
psicologo;137
numero telefono;137
reclamo telepase;136
factura;136
charla renovacion licencia;136
pase;136
recoleccion residuos voluminosos;136
renovacion pasaporte;136
link;136
infracciones auto;135
descuento pago voluntario;135
anda cagar;135
registrar sube;135
descargar;135
solicitud partidas;135
libre deuda multas;135
vacuna antirrabica;135
estudios medicos;135
formulario;135
dominio;135
rendir recibo subsidio habitacional;134
autos abandonados;134
contactarme ausa;134
recoleccion basura;134
arboles;134
reportar auto mal estacionado;134
vehiculos infraccion;134
iniciar sesion;134
retirar escombro;134
sacar turno controlador transito;134
suscripciones;134
acceso denegado;134
recupero puntos;133
nogracias;133
cemar;133
multa mia;133
historia clinica;133
solicito turno;132
igual;132
turno hospital fernandez;132
costo;132
asistente;132
retiro mueble;132
recoleccion escombro;132
momento;132
turno online;132
hice tramite;132
sacar turno boleto estudiantil;132
contenedor basura;131
licencia taxi;131
hospital gutierrez;131
nooo;131
ferias;131
pase subte;130
aires;130
llamar;130
empleos;130
turnos dni;130
sacar turno resonancia;130
sedetac;130
veterinario;130
acarreo auto;129
estaciona;129
ampliacion registro;129
vencio anterior;129
neumonologia;129
antirrabica;129
equivocado;129
turno video llamada;128
turno pediatrico;128
italiano;128
turnos pendientes;127
resolucion infracciones;127
plan facilidades;127
acta defuncion;127
llego multa;127
sacar turno renovar licencia conducir;127
hablar controlador transito;127
audiencia virtual infracciones;127
nuevo;126
vacaciones escuela;126
consultas;126
dni nuevo;126
informe dominio;126
turnos odontologia;126
pagar deuda;126
contacto;126
boletin;125
turno hospital argerich;125
ver foto;125
barrio colon;125
habilitacion;125
144;125
ayudando;124
multas dni;124
dni express;124
volver intentar;124
vacante;124
mia;124
precio;124
ver foto multa;124
vehiculos mal estacionados;123
presentar recibo;123
activar telepase;123
pago estacionamiento;123
via publica;123
turno odontologico;123
atenderme hospitales;123
turno clinica medica;123
cambiar contrasena;123
boleto universitario;122
linea 108;122
cedula notificacion citacion;122
subsidio 690;122
turno vacunas;122
electrodomesticos;122
multa auto;122
cedetac resonancia magnetica;122
turno odontologo;121
generar boleta;121
castracion mascotas;120
documento nacional identidad;120
solucione;120
blanqueo miba;120
pago cenat;120
turno renovacion registro;120
resultados analisis;120
cancelar turno verificacion policial;120
cmo;120
retiro restos poda;120
desratizar;120
estudiar;119
botia;119
urgente;119
continuar;119
julio;119
gastronomia;119
ramos mejia;119
basta;119
pedir partida nacimiento;119
deporte;119
funciona pagina;119
cancelo turno;118
chat infracciones;118
libre deuda patente;118
quisiera sacar turno;118
creditos vivienda;118
telepase activo;118
actualizar partida nacimiento;118
acta transito;118
denunciar auto;118
jubilado;118
nesecito turno;118
perros;118
hacer tramite;117
museos;117
quisiera turno;117
deuda infracciones;117
cobro;117
hoy turno;117
chao;117
hora;117
turno medicos;117
vacaciones;116
estacionar caba;116
cursos gratis;116
queria turno;116
ver tramite;116
eco parque;116
rendir resibo;116
cirugia;116
adultos2000;116
hice curso;115
descargar partida nacimiento;115
consulta tramite;115
denuncia vehiculo;115
pago infraccion;115
atendieron;115
grua llevo auto;114
residuos voluminoso;114
oficios arte;114
certificado antecedentes penales;114
cancelar turno vtv;114
anular turno;114
titular;114
turno renovar registro;114
volquete;114
recuperar contrasena;113
consulta puntos;113
cuenta bue;113
obstetricia;113
turno audiencia virtual;113
funciona app;113
hospital penna;113
tomografias;113
ver acta;113
barrendero;113
salid;113
turno urologo;112
sorpresa verte jugando;112
turno persona;112
turno presencial infracciones;112
renaper;112
graciasss;112
conectarme miba;112
iibb;112
spect;112
abone;112
teatro;111
subtes;111
consulta multa;111
colonia invierno;111
pagarla;111
cancelo;111
turno oculista;111
busco;111
line;111
cosa;111
colaborativa;111
boleta bui;111
neumonologo;110
planos;110
denunciar infraccion;110
abonar multa;110
atencion medica;110
subte gratis jubilados;110
excelente;110
sacar partidas nacimiento;110
especialistas turno previo;110
antitetanica;110
entradas ecoparque;110
validacion;110
hospital duran;110
sacar turno hijo;109
sacar turno licencia;109
sacar turno pediatria;109
retiro ramas;109
especialidad;109
holaaaaa;109
hospital tornu;109
fotomulta;109
solicitud retiro escombros;108
centros salud;108
auto acarreado;108
sacar turno comuna;108
renovacion carnet conducir;108
hospital muniz;108
turno regimiento patricios;108
pedi turno;108
manana turno;108
hacer hoy;108
ayudame sacar turno;108
sacar turno resolver multas videollamada controlador transito;108
cirugia plastica;108
sacar turno controlador faltas;108
cerrate;108
turno cud;108
telepasehola;108
tarjeta portena;107
boleta patente;107
actividades;107
turno confirmar;107
turnoa;107
bolsa trabajo;107
ensayo colon;107
multas provincia;107
consulta medica;106
legalizacion titulo secundario;106
multad;106
cancelar turnos;106
otorrinolaringologo;106
retiro poda domiciliaria;105
recoleccion muebles;105
gente situacion calle;105
registro automotor;105
cuit;105
pagar buepp;105
retuvieron vehiculo;105
hablar alguien cedetac;105
pagar estacionamiento medido;105
hacer certificado domicilio;105
polisomnografia;105
pagar telepase;105
resolver;105
infracciones patente;104
renovar licencia taxi;104
escuelas;104
deuda agip;104
partida nacimiento digital;104
mas servicios barrio;104
descargar multa;104
resto poda;104
1150500147;104
sacar nuevo turno;104
concubinato;104
resolvi;104
sabes infracciones;104
especialidades;104
policial;104
lugar;103
tarjeta sube;103
mover contenedor;103
castracion gata;103
ciudadana portena;103
cambiar cuenta;103
pude;103
turno gastroenterologo;103
boy;103
undefined;103
adultos;103
tac;103
audiencia virtual controlador faltas;103
numero solicitud;102
tarifa progresiva;102
pagar descuento;102
turno farmacia;102
constancia ingresos brutos;102
comunicarte dra pintado luciana ayudarteen cuanto pueda respondogracias atencion lunes miercoles viernes 730hs 1730hs;101
mensaje momento disponibles responderemos tan pronto regresemos;101
retuvieron moto;101
licencia conducir renovacion;101
inscripcion secundaria;101
estacionar aqui;101
sabado;101
sacar turno videollamada;101
empadronar;101
denunciar auto abandonado;100
infracciones vehiculo;100
estan;100
extravio dni;100
seguridad;100
denuncia transito;100
bue;100
turno casamiento;100
turno vacuna covid;100
codigo;100
centro diagnostico;100
rendir subsidio habitacional;100
policia;99
multaa;99
curso ingles;99
consulta ciudadania portena;99
ayudar sacar turno resolver multas videollamada controlador transito;99
otorgar licencia;99
tramite licencia;99
certificacion domicilio;99
personas situacion calle;99
estacionamientos;99
movilidad;99
anda;99
sacar turno persona;98
turno controlador multas;98
consultar infraccion;98
renovacion cambio jurisdiccion;98
moratoria;98
boletas abl;98
factura abl;98
hablar persona real;98
atencion personalizada;98
boleta cenat;98
busco empleo;98
hlla;98
retiro voluminosos;98
entradas colon;98
viewchat;98
residuos grandes;98
arbolado;98
castrar gato;97
horario atencion;97
pagar tramite;97
ruidos;97
imprimir multa;97
residencias medicas;97
sacar turno traumatologia;97
licencia retenida;97
carnet;97
dos;97
subte cud;97
boletin escolar;97
siii;97
digito verificador;97
pase jubilados;97
nacimiento;97
tramite ciudadania portena;97
turno renovacion dni;97
volver atras;97
video llamada controlador;97
domingo;96
certificado residencia;96
neurologia infantil;96
verguenza;96
rendir subsidio habitacional 690;96
confirmar turno salud;96
cambiar datos;96
hablar persona humana;96
chatear humano;96
turno hospital rivadavia;95
gustaria cancelar cita programada;95
inutiles;95
educacion vial;95
beca cuidad;95
sacar turno resolver multas;95
ubicacion;95
calle;95
estacione bien;94
cud sube;94
catastro;94
cancelar tramite;94
saque turno;94
arca;94
desconocer multa;94
seguimiento;94
radiografia;94
audiencia infracciones;93
perdon equivoque;93
extraccion arbol;93
cud subte;93
denuncia defensa consumidor;93
blanqueo clave miba;93
operador humano;93
cedtac;93
pagar peaje;92
turnos cesac;92
banco ciudad;92
sacar turno tomografia;92
ver tramites;92
atencion cliente;92
subte gratis;92
pago voluntario multa;92
2026;92
rendir;92
confirme turno;92
deja pagar;92
turno endocrinologo;92
reclamo infraccion;92
sellos;92
cgp;92
noooo;92
actas;92
consultar turno medico;91
sacar turno hospital santa lucia;91
heladera;91
comprobante vencido;91
noo;91
turno renovacion;91
pagarlas;91
jardin maternal;91
dejar;91
perdida dni;91
reclamo multas;91
certificado supervivencia;91
pago abl;91
turno vacuna antigripal;91
titulo;91
luz;91
partida nacimiento actualizada;90
averiguar multas;90
cuidania portena;90
sacar turno renovar licencia;90
jardin botanico;90
subte discapacidad;90
confirmado turno;90
validar datos;90
sesac;90
descargar boleta;90
comprobante libre deuda;90
turno presencial controlador;90
turno registro civil;90
validacion biometrica;90
botib;90
renovacion licencias;90
turno audiencia;89
tarjeta credito;89
reempadronamiento;89
cordon amarillo;89
cambiar domicilio;89
okgracias;89
buena;89
sacar turno cesac;89
entrega recibo;89
oncologia;89
iluminacion;89
duda;89
cita;89
estacion;88
registro moto;88
turno salud mental;88
deja ingresar;88
reprogramar turno vtv;88
h9la;88
confirme;88
equipo;88
estacionar ciudad;88
ayudaste;88
certificado covid;88
dni renovacion;88
declaracion jurada;88
juegos;88
expensas;88
cedatac;88
sacar turno laboratorio;87
turno pagar multa;87
castracion animales;87
multa vehiculo;87
estacionar calle;87
turni;87
audiencia virtual multas;87
pedir turno medico;87
charla renovacion licencia conducir;87
masculino;87
turno oftalmologico;87
buscas remeras packs campera regalo envio gratis interesa ver alguna opciones;87
ver mas multas;87
solo;87
apto fisico;87
mejora barrido;86
cuanto sale;86
union civil;86
hacer reclamo controlar infracciones toco sorteo regimiento patricios;86
pase discapacidad;86
adulto 2000;86
deja sacar turno;86
copia partida nacimiento;86
denunciar obra;86
infracciones dni;86
turno otorrinolaringologia;86
descargo videollamada;86
requisitos;86
supervivencia;86
comisaria;86
sacar turno medico clinico;85
partida abl;85
consultar multas hacer descargo videollamadahola consultar multas hacer descargo videollamada;85
baja patentes;85
turno estudio;85
cambiar horario;85
inscripcion jardin;85
denuncia obra;85
dni digital;85
atender hospitales;85
imprimir infraccion;85
gastro;85
turno pagar multas;85
turnod;85
ayuda miba;85
jubilada;85
valido identidad;85
turnos vtv;85
asistir;85
muktas;85
vez;85
orden;85
eatacionar;84
obra;84
habilitaciones;84
sacar turno mamografia;84
entrada ecoparque;84
respuesta automatica disponible sabado noche whatautoai;84
boleta electronica;84
hablar persona fisica;84
patente automotor;84
numero llamar;84
comprobante pago vencido;84
acceder;84
eventos hoy;84
inmobiliario;84
subsidios;84
inscribi;84
teleconsulta;84
puntos scoring;83
numero partida abl;83
patente auto;83
turno hospital gutierrez;83
hacer curso;83
resultados analisis sangre;83
contame paseo historieta;83
moto retenida;83
turno registro conducir;83
tribunal faltas;83
turno habitacional;83
stickers;83
perro;83
particular;83
dni argentino;83
actualizar dni;83
suscribirme;83
graciad;83
cancelaron turno;83
castrar;83
dame turno;82
curso reasignacion puntos;82
inscribir;82
actualizar datos;82
hacer descargo infraccion;82
sacar registro conducir;82
libre deuda patentes;82
remocion escombros;82
moto mal estacionada;82
perfil;82
sacar turno dermatologia;82
hospital zubizarreta;82
inscripcion lenguas barrios;82
turno reumatologia;82
tumo;82
cadetac;82
mas temas;82
colchon;82
empadronada;82
multas telepase;81
hablar agip;81
ingreso;81
canselar turno;81
saldo ciudadania portena;81
sisi;81
primera;81
consultar deuda;81
tueno;81
inscripcion primaria;80
estafa;80
castrar gata;80
entradas palacio ceci;80
botihola;80
turno psicologia;80
hepatitis;80
programa sumar;80
medicos;80
pagina;80
analitico secundario;80
solicitud certificado deudor alimentario;80
tecnologia;80
electrocardiograma;80
clinica;80
educacion formal;79
avisar;79
retiro electrodomestico;79
hacer curso virtual;79
resolver multa controlador;79
alta patente;79
validar identidad app;79
deuda multas;79
turno matrimonio;79
verificacion policial automotor;79
telepase deuda;79
interesa;79
conforme;79
oka;79
lpm;79
endocrinologa;78
hospital pinero;78
retuvieron auto;78
entrar pagina;78
secuestraron moto;78
cedula verde;78
visitas guiadas;78
vacunacion antigripal;78
tramite licencia conducir;78
elegir turno;78
capacitacion;78
apostilla;78
deudor alimentario;78
casa cuna;78
vacuna antitetanica;78
controlador falta;77
aplicacion;77
clave nivel;77
queria hacer consulta;77
atenderte hospitales;77
feriado;77
turno multa;77
alumbrado publico;77
autos mal estacionados;77
resultado analisis;77
donar sangre;77
multa corresponde;77
blanqueo clave;77
idioma;77
renovar documento;77
resuelto;77
bye;77
enrolamiento;77
debito automatico;77
cedetac resonancia;77
clave agip;77
mafalda amigos;76
bache;76
recuperar cuenta miba;76
programa 690;76
salu;76
impuesto patente;76
nutricionista;76
blanquear cuenta miba;76
fecha cobro;76
nueva solicitud;76
imposible;76
turbo;76
hospital turno;76
hospital udaondo;76
zubizarreta;76
respuesta;76
cementerio chacarita;76
problemas;76
chatear 147;76
cdetac;76
realizar multa;75
tenia turno;75
multa patente;75
cambiar correo electronico;75
registro digital asistencia;75
nivel miba;75
examen residencia;75
seguimiento tramite;75
sacar turno registro;75
estacionamiento caba;75
limpieza via publica;75
retirar vehiculo;75
castracion perro;75
terminar conversacion;75
agio;75
estudio medico;75
renovar vtv;75
apelar multa;75
cedetad;75
puntos registro;74
estscionar;74
cita medica;74
chatear asesor;74
infecciones;74
reasignacion puntos;74
polideportivo;74
podar arbol;74
mensaje automatico horario atencion lunes viernes 16hs comunicas emergencia llamanos dejanos mensaje indicando emergencia comunicaremos mayor celeridad posible;74
cree cuenta;74
paseo bajo;74
sacar turnos medicos;74
bot recepcion reclamos higiene empleados gcba empezar pido envies foto ilustre reclamo;74
sacar turno pagar multa;74
avitacional;74
castracion perras;74
parece correo valido favor pasame email;74
cancelar turno hoy;74
empezar;74
pague multas;74
solucionado;74
obstetra;74
ver infraccion;74
categoria;74
constancia;74
cedula notificacion;74
turnos resolver infracciones;74
cedecac;74
bien estacionado;73
ficha salud;73
plan sarmiento;73
devolucion pago;73
nombre;73
solicitud turno;73
numero acta;73
horario subte;73
rendir resivo;73
dni extranjero;73
sacar turno hospital argerich;73
espacio publico;73
antecedentes;73
turnos oftalmologia;73
vacunarme;73
funciona link;73
amo;73
hacer descargo multas;73
turno nuevo;73
reportar;73
encontre;73
audiencia multas;73
reciclaje;73
certificado unico discapacidad;73
neumologia;73
turno psiquiatra;72
solicitud partida;72
empezar nuevo;72
ano;72
mentira;72
atenderme hospital;72
turno hospital ramos mejia;72
solicitar turno medico;72
sirve app;72
pase cultural jubilados;72
bolsas;72
aprendeba;72
turno hospital durand;72
falta;72
quejas;72
blinkay;72
rectificacion partida nacimiento;71
retirar poda;71
graciassss;71
reclamar infraccion;71
puede cambiar turno;71
vendi auto;71
tirar escombros;71
certificado legalidad licencia conducir;71
pagar multa online;71
castracion perra;71
infraccion auto;71
sacar turno resonancia magnetica;71
pagar presencial;71
turnos disponibles;71
turno anses;71
sede comunal;71
plan pago multas;71
resumi sola linea objetivo fuente informacion usas responder;71
retencion;71
anotarme;71
padron;71
entonces;71
cedula;71
turno validar identidad;70
acuerdo;70
foto infraccion;70
entradas teatro colon;70
agente transito;70
consultas agendadas;70
auto retenido;70
programa ciudadania portena;70
turno cambio domicilio;70
validad identidad;70
legalizacion documentacion educativa;70
vacuna neumonia;70
pdf;70
noche;70
resolver infraccion transito;70
odontopediatria;70
aysa;70
turno sede comunal;70
ver comprobantes;70
ver todas multas;70
residuo voluminoso;70
turnos programados;70
hospital santojanni;70
sacar turno renovar dni;69
sacar turno verificacion policial;69
botic;69
restos obra;69
reprogramar turno salud;69
renovar turno;69
hpla;69
pagar boleta;69
mias;69
menor;69
pase subte jubilados;69
acarrearon auto;69
retirar muebles;69
turno ecografia mamaria;69
dermatologa;69
turno hospital udaondo;69
tecnicaturas;69
reevaluacion;69
convivencia;69
pago voluntario infraccion;68
ecobici;68
retencion moto;68
hacerlo;68
agendar turno;68
ministerio educacion;68
hacer tramite gratis;68
tramite distancia;68
pregunte;68
sinfonica;68
irep;68
sigamos;68
seguir tramite;68
retirar residuos;68
abogado;68
porfavor;68
turno infectologia;68
cambiar horario turno;68
activo telepase;68
activo;68
tecnicatura;68
turno oftalmologica;68
tirno;68
garage;67
maltrato animal;67
turno hospital pirovano;67
nutricion;67
validar cuenta;67
denunciar ruidos molestos;67
hacer curso virtual identidad marca;67
becas cuidad;67
tarifa social;67
retirar moto;67
controlador virtual;67
guardia odontologica;67
turno programado;67
orquesta sinfonica;67
estacionat;67
ayudas tramitar certificado domicilio;67
sigue;67
vial;67
actas transito;67
alguien;67
construccion;67
resultado;67
dni vencido;67
facturacion;67
sacar turno dentista;67
capacitaciones;67
palermo;66
donar;66
salir chat;66
jardin;66
turno kinesiologia;66
sacaron moto;66
tiempo;66
sacar turno ecografia;66
control faltas;66
retirar;66
portugues;66
renovar carnet conducir;66
hijos;66
informaciones;66
turno ginecologico;66
punto verde;66
comunicarme alguien;66
vence;66
cambiar turno medico;66
encantaria interaccion canal digital pesimo malo regular bueno excelente;66
credito vivienda;66
cancela;66
usina arte;66
permiso obra;66
soporte miba;66
impuesto inmobiliario;66
cremacion;66
legalizacion;66
puntos licencia conducir;65
obra social;65
entregar recibo habitacional;65
infracciones transito caba;65
consultar turnos medicos;65
bolsa empleo;65
parque chacabuco;65
enviar;65
turno argerich;65
tramitar certificado domicilio;65
nooooo;65
telepasea;65
estudiar trabajar;65
fotos;65
atienden;65
turno tribunal faltas;65
oftalmologico;65
consorcio;65
rentas;65
facturas;65
turno cirugia;65
finalizar chat;65
retiro voluminoso;65
autopista;65
hona;65
yoga;65
mmm;65
sacar turno hija;64
peaje mal cobrado;64
verificacion;64
tirar mueble;64
atienda persona;64
mercado pago;64
sale acceso denegado;64
interrupcion embarazo;64
auto infraccion;64
cerrar ventana;64
tirar;64
descargo infraccion transito;64
resultado analisis sangre;64
idioma barrios;64
ver turnos agendados;64
ustedes;64
arreglos via publica;64
transporte publico;64
jubilacion;64
licencia conducir moto;64
ramas;64
trapitos;64
atencion ciudadana;64
vemos;64
turnos hoy;64
pasa;64
asalud;64
ojos;64
horarios subte;63
ferias ciudad;63
cuanto;63
sacar turno castracion;63
validar libre deuda;63
pagar line;63
violencia genero;63
boleto estudiantil universitario;63
sacar entradas;63
inscripcion cursos;63
resolver multas controlador;63
cuantas multas;63
inspeccion;63
esperar;63
ensayos;63
ingresar tad;63
vivir casa;63
boto;63
guardia odontologia;63
turno vacuna fiebre amarilla;63
becas alimentarias;63
examen residencias;63
sacar telepase;63
turno actas transito;63
discapacitado;63
aborto;63
retiro bolsas escombros;62
hospital pena;62
chatear representante;62
sacar turno nuevo;62
fecha turno;62
pagar mercado pago;62
abonar estacionamiento medido;62
turnos castracion;62
licencia profesional;62
recoleccion electrodomesticos;62
control plagas;62
puta pario;62
tornu;62
comunicarme;62
retiro programado escombros;62
vacantes;62
rayos;62
sos pelotudo;62
boletines;62
civil;61
consulta deuda;61
dni cambio domicilio;61
turno hospital alvarez;61
hablar operador humano;61
sifer;61
vacunacion mascotas;61
termina secundario;61
rendicion subsidio habitacional;61
recibido;61
sacar turno clinico;61
hospital duenas;61
filarmonica colon;61
infracciones multas;61
enrolamiento docente;61
rendir recibo alquiler;61
rectificacion;61
siu guarani;61
ver detalle multa;61
modificar datos;61
reparacion veredas;60
estacionado;60
documento identidad;60
hice cuenta;60
llevo grua;60
extranjero;60
descargos;60
recoleccion ramas;60
bus turistico;60
vivo ciudad;60
suicidio habitacional;60
audiencia virtual controlador;60
acarreo vehiculo;60
acta intimacion;60
basura contenedor;60
robaron;60
correo electronico;60
feriados;60
huella digital;60
durand;60
turno infracciones transito;60
email;60
inteligencia artificial;60
visita guiada;60
cursos ingles;60
amigo;60
comunicarme asesor;60
descargar partida;60
baxubicacionbotontest;60
infraccion vehiculo;60
verificacion tecnica vehicular;60
dni turno;60
chatear agente;60
automotor;60
todavia;60
dios;60
fernandez;60
sedes;60
123;59
programar turno;59
carreras;59
dni pasaporte;59
queria pedir turno;59
turno gastro;59
infeccion;59
parque sarmiento;59
tomografia computada;59
vacunar;59
validar identidad nivel;59
tambien;59
dni expres;59
llevo auto grua;59
hoy habil;59
ecografias;59
estacionsr;59
atenderme;59
entrada;59
casa;59
boletas;59
atencion personal;59
actividades vacaciones invierno;59
tuno;59
cambio mail;59
infeacciones;59
impuesto sellos;59
transferencia;59
insfracciones;59
telemedicina;59
tramites registro civil;59
agenda cultural;59
fonoaudiologia;59
turno hospital muniz;59
plantar arbol;59
hospital pineiro;59
690;59
residencia;58
mina;58
jardin infantes;58
celular;58
ver acta infraccion;58
medido;58
anda pagina;58
detalle multa;58
entendi;58
inscripcion lengua barrios;58
becas secundaria;58
abonar infraccion;58
cambio domicilio licencia conducir;58
ley anti trapitos;58
rectificacion partida;58
boleta agip;58
generar bui;58
charla vial;58
estacionamento;58
retiro muebles desuso;58
consulta telepase;58
parque ciudad;58
confirma;58
estacionar moto;58
sacar turno ciudadania portena;58
gol;58
reserva ecologica;58
tuenos;58
personas mayores;58
deuda ausa;58
partida nacimiento hijo;58
conectarme;58
regimen simplificado;58
imprimir boleta infraccion;58
musica;58
incripcion escolar;58
obras;57
pago online;57
mas tramites;57
consultar turno salud;57
legalizar titulo;57
conecte;57
trenes;57
declaracion jurada domicilio;57
anoto;57
confirmar turno manana;57
presentar recibo habitacional;57
pelotudo;57
monotributo;57
confirmo asistencia;57
validar identidad digital;57
sede;57
rosedal;57
veo;57
copia plano;57
prescripcion;57
cirujano;57
novedades;57
asesor humano;57
preinscripcion escolar;57
asesoramiento;57
medicina clinica;57
audiometria;57
denuncia infraccion;56
corresponde;56
retiro colchon;56
comprobantes;56
cambiar domicilio dni;56
infracciones trancito;56
partida nacimiento urgente;56
turno hospital tornu;56
tramitar partida nacimiento;56
certificado medico oficial;56
botii;56
castrar perro;56
deudores alimentarios;56
deudas telepase;56
limpieza vereda;56
hacer finde;56
adultos mayores;56
dni instante;56
infracciones provincia;56
restos poda arboles;56
estacione;56
arreglo veredas;56
sacar turno pediatra;56
rendir recibos;56
retiro dni;56
turno psiquiatria;56
turno obstetra;56
avisarme;56
sacar turno pagar multas;56
renovar certificado discapacidad;56
administracion;56
solicitar retiro escombros;56
servicios;56
registre;56
retencion vehiculos;56
infracciones controlador;56
ruido molesto;56
ninos;56
veredas rotas;56
tarjeta ciudadania;55
recursos humanos;55
ecografia abdominal;55
eliminar cuenta;55
talleres adultos;55
flebologia;55
legalizar;55
cursos adultos;55
deja entrar pagina;55
tramitar certificado domicilio real;55
imprimir multas;55
cenar;55
guardias;55
dije;55
vencida;55
orquesta;55
pista;55
codigo verificacion;55
sube escolar;55
curso recuperar puntos;55
vigente;55
muniz;55
problemas tad;55
hello;55
charla renovacion registro;55
gatos;55
neumonia;55
app miba;55
renove;55
significa;55
orden medica;55
turno pista manejo;54
constancia inscripcion ingresos brutos;54
solicitar audiencia;54
consultar turnos salud;54
exencion;54
pagar debito;54
inscripcion ciudadania portena;54
alli estare;54
confundi;54
registrar;54
sacar turno hospital fernandez;54
formacion profesional;54
vamos nuevo;54
turno casa cuna;54
miltas;54
reclamo infracciones;54
museo;54
pagar patentes;54
ampliar licencia conducir;54
fin semana;54
consultar puntos licencia;54
consulto;54
estacionarse;54
turno nutricionista;54
regimiento patricios;54
impugnar multa;54
comunicarme persona;54
infraccione;54
provincia aires;54
deuda peaje;54
pasar nivel;54
denunciar mal estacionado;54
estaxionar;54
tur;54
ire;54
audiencia line;54
reciclado;54
denuncia auto abandonado;53
residuos electronicos;53
multa pagar;53
legalizar analitico;53
duplicado dni;53
hago sacar turno;53
denuncia vehicular;53
legalizacion titulo;53
trambus;53
vence vtv;53
inscripcion jardin maternal;53
aparece;53
gratuito;53
cambiar nivel;53
denuncia vehiculo infraccion;53
boleta pago;53
hoy feriado;53
hijo puta;53
moto secuestrada;53
obtener licencia;53
actualizacion dni;53
turno pagar infracciones;53
pagarlas tarjeta;53
hacer reclamo multa;53
atiendo;53
sirven;53
sacar turno regimiento patricios;53
tecnologia informatica;53
abonar multas;53
certificado medico;53
pago patentes;53
capacitacion laboral;53
hospital agudos;53
rendicion recibo;53
resolver infracciones controlador;53
pagar cuotas;53
vtv turno;53
turno hospital publico;53
audiencia multa;53
tiket social;53
dni renovar;53
audiencia controlador faltas;53
perdi turno;53
pagar multa tarjeta credito;53
turnos asignados;53
buscando trabajo;53
pagar vtv;53
mamografias;53
telepaseb;53
cuanto cuesta;53
cedula azul;53
santojanni;53
puede ser;52
turno medico cabecera;52
pase diario;52
rendir recibo abitacional;52
extravio;52
retirar basura;52
resolver multas videollamada;52
parque patricios;52
plazas;52
cambio titularidad;52
diabetologa;52
plazas activas;52
turnos ginecologia;52
documentacion llevar;52
error multa;52
desuscribirme;52
bien estacionada;52
vivo caba;52
seguridad vial;52
sos inutil;52
acta divorcio;52
autopartes;52
ver partida nacimiento;52
piletas;52
inscripcion maternal;52
denuncia auto;52
vale;52
holas;52
medica clinica;52
dice;52
consultar patente;52
edesur;52
pasteur;52
multas automotor;52
arreglar vereda;52
cobro indebido;52
resultados estudios;51
idiomas barrios;51
rendi recibo;51
cuanto multa;51
sacar turno sube estudiantil;51
charlar alguien;51
retiren escombros;51
dar baja patente;51
hacer infraccion;51
hacer solicitud;51
hice curso educacion vial;51
subo nivel;51
mala atencion;51
sacar basura;51
turno descargo;51
ensayos filarmonicos;51
habitacional690;51
distrito;51
subir nivel seguridad;51
cambio dni;51
hacer cambio domicilio;51
aprender;51
denunciar infraccion transito;51
fumigacion;51
vivo provincia;51
mirador obelisco;51
cambiar nivel seguridad;51
abandonado;51
tren;51
hago descargo;51
sacar turno renovacion licencia conducir;51
sos desastre;51
cambiar correo;51
boleto gratuito jubilados;51
conocer oportunidades empleo;51
plano;51
hospital odontologia;51
monto;51
diabetes;51
crear usuario;51
mucha;51
suscribete canal;51
exit;51
prescripcion multas;50
vacante escolar;50
numero bui;50
reservar turno;50
alergista;50
domicilio real;50
denuncia consumidor;50
proximo vencer;50
robo;50
vehiculo secuestrado;50
libre deuda auto;50
entiendes;50
vacante escuela;50
queria solicitar turno;50
pet;50
cuales;50
tirar heladera;50
sacar turno hospitales;50
sub habitacional;50
turno resolver infraccion;50
video llamada controlador transito;50
impuesto patentes;50
pago tramite;50
ceci;50
normas transito;50
auto llevo grua;50
termine charla;50
valuacion fiscal;50
turno psicologo;50
legajos;50
becas estudiantil;50
volver menu;50
gato;50
sabes;50
apostillar;50
vehiculo infraccionado;50
boleto escolar;50
psicologa;50
turno julio;50
verificar identidad;50
turno odontopediatria;50
tarjeta debito;50
dieron turno;50
red atencion;50
maternidad;50
embarazo;50
imprimir infracciones;50
rivadavia;50
turno asignado;50
hdp;50
inscripciones escolares;50
colonia;50
castracion gratuita;50
lidia;50
seguro;49
infracciones pagar;49
bloqueo cuenta;49
textil indumentaria;49
acepto;49
hacer pregunta;49
filarmonica teatro colon;49
vacunacion perros;49
ciudadania portena laboral;49
linea subte;49
consulta estacionamiento;49
descargo multa transito;49
sitio;49
rendir recibo habitacional 690;49
inspecciones;49
multa mal hecha;49
buena atencion;49
tramitar cud;49
programa movilidad portena;49
actualizacion partida nacimiento;49
multas controlador;49
validar dni;49
pagar tarjeta debito;49
hago consulta;49
odontologia infantil;49
registrada;49
voluntariado;49
entradas filarmonica;49
copidis;49
odontologico;49
libro digital;49
especialista turno;49
tenis;49
embargo agip;49
turno obstetricia;49
hice charla virtual;49
juez faltas;49
llamo;49
hey;49
curriculum;49
espirometria;49
pension;49
donacion;48
empadronamiento salud;48
telefono contacto;48
rendicion recibo habitacional;48
ver mas;48
inicie tramite;48
deuda ingresos brutos;48
disculpa;48
interrupcion voluntaria embarazo;48
sacar licencia primera vez;48
plan sumar;48
auto estacionado garage;48
hacer multas;48
comunicarte podemos ayudarte;48
dni recien nacido;48
juzgado faltas;48
plata;48
notificacion citacion;48
exencion abl;48
debito;48
actualizar;48
salud sexual;48
mandatario;48
atencion humana;48
cetac;48
neumologo;48
estacionar direccion;48
pagar agip;48
pude hacer necesitaba;48
pago voluntario descuento;48
cambiar email;48
multa incorrecta;48
sacar turno resolver infracciones;48
sacar licencia moto;48
inicie;48
turno neumonologo;48
tarifa;48
bendiciones;48
boleto educativo educacion superior;48
donar muebles;48
anotaste bien;48
facil;47
controlador administrativo faltas;47
pedir retiro escombros;47
sacar turno video llamada;47
solicitar audiencia online;47
vencio hace mas ano;47
hago pagar;47
horarios atencion;47
turno favor;47
biblioteca;47
turno vacunatorio;47
turnos agip;47
empezar inscripcion;47
carcel devoto;47
frances;47
feria;47
sabados;47
turnos controlador;47
pase libre subte;47
antineumococica;47
devolucion;47
turno alergia;47
entradas miju;47
curso virtual recuperar puntos;47
agosto;47
subsidio abitacional;47
juez falta;47
turnos actas transito;47
tirar colchon;47
vamos;47
multas mias;47
actividad;47
sacar libre deudas;47
filarmonica aires;47
chatear alguien equipo;47
ensayo filarmonica teatro colon;47
plantear defensa;47
curso aie;47
permiso;47
entrar tad;47
jajaja;47
sacar turno hospital rivadavia;47
graciasssss;47
turno hospital penna;47
descuento multas;47
bola;47
edtacionar;47
menu anterior;47
recordatorio;47
retuvieron licencia;47
esracionar;47
lindo;47
entradas planetario;47
infra;47
guardia medica;47
102;47
notificaciones;47
agendar nuevo turno;46
castrar perra;46
turno defensa consumidor;46
nesecito;46
entendiste;46
turno renovar registro conducir;46
hacer descargo infraccion transito;46
turno controlador falta;46
botid;46
consultar expediente;46
revision multas;46
wifi;46
vtv taxi;46
turno videollamada controlador;46
secuestro vehiculo;46
lagleyze;46
junio;46
hacer descargo videollamada;46
vacunas covid;46
certificado manipulacion alimentos;46
resultados medicos;46
solicite;46
blanquear;46
deudas patentes;46
sacar entradas ecoparque;46
funciona telepase;46
hospital velez;46
vacuna hepatitis;46
identidad;46
saque;46
sali;46
maternal;46
escuela invierno;46
pagar boleta cenat;46
renovacion carnet;46
charla educacion vial;46
matricula;46
pedir turnos;46
jubilados subte;45
rectificar partida nacimiento;45
auto mio;45
comunas;45
sacar turno neurologia;45
notificacion infraccion;45
continuar tramite;45
empadronado;45
botti;45
cuanto pagar;45
donaciones;45
seria;45
onda;45
lugar estacionar;45
hace;45
renovacion nicho;45
solicitar;45
diagnostico imagen;45
llevaron;45
autos;45
aprende familias;45
habilitar dispositivo;45
sacar turno santa lucia;45
sacar turno renovar registro;45
contame chiste;45
boca;45
turno resolver multas videollamada controlador transito;45
tramites agip;45
inscripcion escolar 2027;45
generar imprimir boletas;45
atencion odontologica;45
sacar turno multas;45
nivel secundario;45
cobra;45
tramite curso;45
dejar fumar;45
progresar;45
valor;45
permisos;45
fechacondicionadaset;45
turno neumonologia;45
hospital santojani;45
chatear controlador faltas;45
retiro heladera;45
inscripcion secundario;45
cedecat;45
cedetac mamografia;45
abonar infracciones;45
cementerios;45
curso italiano;44
anteojos;44
problema telepase;44
mia multa;44
turno hospital duran;44
mayor;44
partida nacimiento hija;44
plan pago infracciones;44
acta matrimonio actualizada;44
turno pagar infraccion;44
sacar turno cardiologia;44
llenar formulario;44
muletas;44
usuario contrasena;44
ciudadania portenia;44
curso seguridad vial;44
abonar estacionamiento;44
turno radiografia;44
telepas;44
manejo;44
reumatologo;44
sube jubilados;44
favor elegi opcion menu anterior seguir;44
cargando;44
estacioanr;44
auto mal estacionado reubicar contenedor;44
comunicarme operador;44
consultar saldo;44
cedepac;44
partida urgente;44
lavarropas;44
embargos;44
correo;44
resolver infraccion controlador;44
ecocardiograma;44
geacias;44
multa erronea;44
cargar documentacion;44
llamas;43
multa vencida;43
sacar turno renovacion licencia;43
multas pagar;43
colegio;43
sacar turno oftalmologo;43
turno diabetologia;43
estacinar;43
beca secundaria;43
turnos multas;43
turno especialidad;43
ver foto infraccion;43
prohibido estacionar;43
cuantos puntos;43
renovacion registro automotor;43
renovar carnet manipulacion alimentos;43
llego infraccion;43
clinico medico;43
turno renovacion registro conducir;43
ablar alguien;43
turno cmo;43
pagar boleta bui;43
cambio turno vtv;43
multas patentes;43
activar tag;43
problemas telepase;43
visita palacio ceci;43
espectaculos;43
tramite iniciado;43
aubasa;43
pedir grua;43
escolar;43
dgai;43
volver inicio;43
mal estacionada;43
centro;43
modificar turno vtv;43
licencia vencida;43
pase escuela;43
amparo;43
auto moto;43
comprobante legajo;43
licencia renovar;43
oficio judicial;43
sale;43
amor;43
notificacion;43
turno juez falta;43
averiguar infracciones;43
casarme;43
revisar;43
turnos confirmar;43
bebe;43
preguntar;43
ver infracciones transito;43
incripcion;43
sacar escombro;43
hospital clinicas;43
plaza;43
rendir 1recibo;43
medicamentos;43
abrir cuenta;43
turnos licencia;43
trabajos;43
okis;43
respuesta automatica horario atencion 1530;43
tunos;43
turmo;43
futbol;42
consulta infraciones;42
gimnasia;42
turno patricios;42
estavionar;42
denunciar infracciones;42
curso electricidad;42
registrarme miba;42
reclamo vereda;42
constancia inscripcion;42
llegar;42
sacame turno;42
retiro electrodomesticos desuso;42
iniciar sesion miba;42
electrodomestico;42
anda concha madre;42
practica manejo;42
otorgamiento registro;42
pagar pago voluntario;42
recuperar licencia;42
vpa;42
hacer curso manipulacion alimentos;42
abono;42
hice curso vial;42
reportar auto;42
turno analisis sangre;42
reagendar turno;42
vehiculo mio;42
entiende;42
clima caba;42
solicitar certificado domicilio;42
ahora mas;42
estacuonar;42
perdi licencia conducir;42
turno cirujano;42
cuales turnos;42
resuelvo controlador;42
centro jubilados;42
reciclar;42
ver controlador;42
atiendan;42
podes hacer;42
hospital lagleyze;42
turno transito;42
hoola;42
puntaje docente;42
pase personas discapacidad;42
responde;42
vehiculos mal estacionado;42
estacionamiento pago;42
turno retirar dni;42
obstruccion garage;42
creo;42
turno hospital lagleyze;42
hijos puta;42
jardin japones;42
caca;42
estacionamiento residentes;42
gutierrez;42
porqueria;42
vincular cud sube;42
cancele;42
ensayo teatro colon;42
examen;42
plagas;42
odontologia pediatrica;42
comercio;42
turno resolver multa;42
expo empleo;42
centellograma;42
controlador online;42
cedeta;42
agip abl;42
estaciobamiento;41
unidad administrativa control faltas;41
problema miba;41
certificado estudiar trabajar;41
tramite finalizado;41
certificado cud;41
eventos gratuitos;41
resolucion infraccion;41
mas multas;41
gestion colaborativa;41
faltas transito;41
retiro muebles electrodomesticos desuso;41
seguimiento dni;41
lenguas barrio;41
sacar antecedentes penales;41
pagar multas descuento;41
agradezco;41
ensayo filarmonica colon;41
reclamo colectivo;41
certificado civil;41
tramite partida nacimiento;41
agencia gubernamental control;41
turno hospital zubizarreta;41
neumococo;41
alquiler;41
completar ficha salud;41
generar imprimir boleta;41
consultar tramites;41
plantacion arbol;41
llega mail;41
ver turnos medicos;41
secuestro moto;41
clave fiscal;41
turno electrocardiograma;41
recuperacion cuenta miba;41
descargar infraccion;41
estacionamiento tarifado;41
vacunacion fiebre amarilla;41
licencia interjurisdiccional;41
cursos virtuales;41
sacar turno resolver multas videollamada;41
desalojos;41
agua;41
plan fines;41
turno covid;41
consulta expediente;41
bolsas escombros;41
buscar turno;41
duplicado registro;41
exencion patente;41
reclamar multas;41
constancia cuil;41
energia;41
ablar operador;41
ise;41
turno videollamada controlador transito;41
telepase discapacidad;41
infraccines;41
dni anos;41
cedetec;41
multa telepase;41
radiologia;41
analisis clinicos;41
hepatologia;40
buscar trabajo;40
turno sacar;40
certificado deudor alimentario;40
precios;40
retirar electrodomesticos;40
mueble;40
ingresar pagina;40
capital;40
averiguar multa;40
rendir recivo;40
ludopatia;40
encuentro;40
reverificacion;40
consulta patente;40
1y2;40
recorrido linea;40
andate mierda;40
descuento jubilados;40
tarjeta cabal;40
denuncia via publica;40
imprimir boleta pago;40
numero expediente;40
precio entrada;40
afip;40
vtv moto;40
infracciones pago voluntario;40
pago infracciones transito;40
empezar tramite;40
concurso;40
bromatologia;40
plano obra;40
hoteleria gastronomia;40
cancele turno;40
encuentro auto;40
verificar turno;40
cordoba;40
procom;40
hacer denuncia mal estacionamiento;40
licencia medica;40
sacar registro moto;40
holla;40
turnis;40
corregir mail;40
operacion muro;40
solucion;40
clausura;40
malisimo;40
retiro termotanque;40
telepase ausa;40
beneficio;40
ergometria;40
sslud;40
turno juez faltas;40
pesimo servicio;40
reiniciar;40
copia titulo secundario;40
login;40
estcionar;40
alcoholemia;40
turno audiometria;40
soporte tecnico;40
bno;40
diaa;40
discapacidad subte;39
sacar licencia conducir primera vez;39
sos mierda;39
descargar pdf;39
atenderme hospitales cesacs;39
recoleccion programada residuos;39
empadrono;39
apostillar partida nacimiento;39
cuanto tarda;39
queria multas;39
manana feriado;39
turno hematologia;39
turno juzgado faltas;39
pase cultural adultos mayores;39
tirar basura;39
escombros vereda;39
pagar multa descuento;39
cambio jurisdiccion licencia conducir;39
pudiste avanzar ayudar mas podes presionar boton hablar sergio atencion personalizada;39
sacar turno hospital ramos mejia;39
sacar turno oculista;39
hospital pedro elizalde;39
tacho basura;39
turnos comuna;39
same;39
dni hijo;39
recoleccion programada residuos voluminosos;39
pronto;39
pase subte discapacidad;39
actividades hoy;39
ferias itinerantes;39
asistencia;39
pago presencial;39
empecemos nuevo;39
estscionamiento;39
buena tarde;39
turno vacuna dengue;39
ingreso miba;39
udaondo;39
ingresar cuenta miba;39
retiro residuos grandes;39
lenguas;39
roedores;39
medicacion;39
hablar controlador multas;39
recoleta;39
curso manipulacion;39
alo;39
becas progresar;39
reserva;39
telefonos;39
actividades ninos;39
proctologo;39
vacuna neumococo;39
oky;39
telepase habilitado;39
asociar sube cud;39
hago curso virtual;39
proctologia;39
dos turnos;39
diagnostico imagenes;39
vtv vencida;39
queda;39
animal;39
reparar vereda;39
urgencia;39
persona humana;39
cede tac;39
cuotas;39
cartel;38
turno castracion gato;38
hacer descargo infracciones;38
atenderte hospitales cesacs;38
vehiculo acarreado;38
turno oncologia;38
pase discapacidad subte;38
estacionar lugar;38
permiso viaje;38
renovacion licencia cambio jurisdiccion;38
queria;38
residuos poda;38
llego notificacion;38
sacar turno otorrino;38
atender hospital;38
ampliacion registro conducir;38
comunicarme representante;38
turnos licencia conducir;38
cursos online;38
subte linea;38
maria ferrer;38
alicia pais maravillas;38
vivo;38
inscripcion divorcio;38
informacion transito;38
acta comprobacion;38
inscripcion nacimiento;38
reimpresion licencia conducir;38
nunca;38
boleta infraccion;38
dientes;38
servicio penitenciario;38
recibir novedades;38
atencion hospital;38
banco adn;38
partidas defuncion;38
turno hospital duenas;38
turno vacuna gripe;38
hospital jose duenas;38
turno estudios;38
fracciones;38
infraccciones;38
alguna multa;38
instituto vivienda;38
flores;38
vir;38
multa mal estacionamiento;38
llega codigo;38
obra permiso;38
consultar estacionamiento;38
poda domiciliaria;38
sirvio;38
electricidad;38
medicina;38
trabajar ustedes;38
automovil;38
terminado;38
convenio multilateral;38
turnos vacunas;38
escribir;38
limpieza urbana;38
mastologia;38
ladrones;38
turno especialista;38
vencimiento;38
subcidio habitacional 690;38
generar boleta pago;38
simple;38
autogestion;38
impuestos;38
docencia;38
cargada;37
cambio jurisdiccion licencia;37
retiro restos obra;37
pena;37
paseos;37
licencia primera vez;37
tramites finalizados;37
detalle;37
sacar turno neurologo;37
sacar turno hospital gutierrez;37
ago;37
consumidor;37
curso idiomas;37
recuperar puntos scoring;37
cruce diogenes linyera mas;37
deudas patente;37
tramites dni;37
habiles;37
estacionamiento calle;37
numero contacto;37
turno pileta;37
pasame persona;37
hice solicitud;37
hacer descargo multa transito;37
vencer;37
cambio escuela;37
direccion comuna;37
terminar chat;37
problemas limpieza higiene urbana;37
descargar libre deuda;37
llevar turno;37
pets;37
bap;37
universidad;37
reimpresion;37
pineiro;37
avaluo;37
entendemos;37
cancelar turno manana;37
chacarita;37
resuelvo;37
migraciones;37
inscripcion escolar 2026;37
ecodopler;37
rendir habitacional;37
donacion muebles;37
cuanto debo patente;37
reposicion contenedor;37
recuperar puntos licencia;37
tarifado;37
cambiar turno salud;37
apostillado;37
becas estudiantiles;37
turno alergista;37
volver empezar;37
turnos vacunacion;37
turno dermatologa;37
tramites curso;37
debo;37
mama;37
iluminaria;37
imprimir boleta infracciones;37
ampliar registro;37
sacar arbol;37
tarifas;37
turnos confirmados;37
charla licencia;37
generar boletas;37
persona fisica;37
nefrologia;37
cfp;37
cuidadania;37
motos;36
multas vencidas;36
ensayos colon;36
pagina funciona;36
consorcios;36
cementerio recoleta;36
titular vehiculo;36
turno controlador presencial;36
pagar multas tarjeta credito;36
charla infracciones;36
conectado;36
contame langostino corina;36
centros jubilados;36
lunes;36
kiero turno;36
partida matrimonio actualizada;36
sangre;36
pedro elizalde;36
turno castrar gato;36
neurologo infantil;36
inscribirme curso;36
debo llevar;36
servicio;36
llego multa mia;36
turno neurologia infantil;36
turno virtual infracciones;36
espero hablar alguien;36
retirar telepase;36
examen conducir;36
denuncia infracciones;36
testoffia;36
eventos finde;36
contenedores basura;36
descargar boleta infraccion;36
descuento multa;36
puta madre;36
analisis laboratorio;36
llego correo;36
escombros cuadra;36
asociar cud sube;36
residencia medica;36
hago pagar multa;36
retirar auto;36
sertificado domicilio;36
busco turno;36
renovar dni vencido;36
examen manejo;36
audiencia infraccion;36
turno sacar dni;36
administrador consorcio;36
constancia alumno regular;36
excelente atencion;36
exencion ingresos brutos;36
numero whatsapp;36
salus;36
mas licencias;36
ensayos teatro colon;36
castrar gatos;36
aqui;36
hacer multa auto mal estacionado;36
cederan;36
fechas;36
confirmo dos turnos;36
gestion sube;36
imfracciones;36
libre deuda infracciones transito;36
examen teorico;36
chat controlador;36
hago pago voluntario;36
anda puta pario;36
ubicacion actual;36
estacionamiento discapacitados;36
nivel seguridad miba;36
emprendimiento;36
hecho;36
retiro objetos voluminosos;36
duran;36
ingracciones;36
terciario;36
volver menu principal;36
telepasw;36
did;36
recoger escombros;36
bhospital;36
extravie dni;35
certificado solteria;35
hacer charla;35
turno pendiente;35
pagina encontrada;35
recibi mail;35
denuncia colectivo;35
entrega recibo habitacional;35
corte luz;35
confirmar turno hoy;35
certificado vacunas;35
joya;35
turno resolver multas videollamada;35
pertenece;35
corresponde multa;35
vacunar perro;35
sacar entrada;35
turno line;35
sacar turno dermatologo;35
comprar entradas;35
pago buepp;35
resolucion;35
entrar cuenta miba;35
tramites anses;35
turno vacunarme;35
hablar alguien tema turismo;35
certificado analitico;35
hacer queja;35
turnos resonancia;35
sacar boleto estudiantil;35
recoleccion programada escombros;35
turno infraccion transito;35
cobro beca ciudad;35
universitario;35
barrio;35
exencion patentes;35
trapito;35
mejor;35
llevo;35
consultas infracciones;35
consulta turno medico;35
1234;35
pido turno;35
renovar partida nacimiento;35
problemas limpieza;35
tomo;35
olvidate;35
volver intentarlo;35
hospital casa cuna;35
audiencias;35
retirar restos poda;35
presente;35
validar miba;35
reservar lugar;35
adicciones;35
infracciones turno;35
femenino;35
cursos lenguas barrios;35
rendir primer recibo;35
botiii;35
mamografia turno;35
buscando;35
polideportivos;35
aun;35
firma digital;35
cate;35
empleabilidad plateada;35
barista;35
odio;35
retirar colchon;35
puerto madero;35
hospital odontologico;35
sacar pasaporte;35
respuesta automatica guardia medica dejar mensaje texto respondere brevedad whatautoai;35
llegan turnos persona favor recibir informacion turnos pedi;35
infoagip;35
pesimo;35
estudiantil;35
tramite renovacion licencia;34
hacer denuncia defensa consumidor;34
validar nivel;34
estacionar auto;34
ayudar consultar situacion programa ciudadania portena;34
pasear ciudad;34
multa peaje;34
alicia;34
actividades gratuitas;34
espinograma;34
mas informacion;34
cursos salud;34
anular;34
turno virtual controlador;34
pude resolver consulta;34
adulto;34
pase libre;34
turno cancelado;34
robo dni;34
cumplio solicitud retiro escombros nro0072972226;34
retiran;34
multas moto;34
certificado vacunacion;34
multas vehiculos;34
empadrone;34
llega;34
guardia traumatologia;34
autorizacion viaje;34
anular multa;34
pagar multa tarjeta;34
entrar link;34
abl boleta;34
recibos sueldo;34
nivel inicial;34
retirar mueble;34
permiso menor;34
cancelacion turno;34
hablar persona favor;34
san telmo;34
ciudadania portena consulta;34
alguna novedad;34
arte;34
llego cedula notificacion citacion;34
libre deuda vehiculo;34
dar baja turno;34
turnos ciudad;34
clasificacion docente;34
atencion psicologica;34
puede pagar cuotas;34
fachada;34
ficha censal;34
arba;34
domicilio caba;34
charla seguridad vial;34
primaria;34
atendi;34
infraccioned;34
hospital velez sarfield;34
defensa civil;34
vence licencia conducir;34
jaja;34
catastral;34
denunciar trapito;34
comisarias;34
turno junio;34
hago curso;34
mamografia bilateral;34
retirar electrodomestico;34
orden merito;34
scoring licencia;34
link funciona;34
sacar turno endocrinologia;34
cerrar conversacion;34
graciaa;34
audencia virtual;34
sacar turno habitacional;34
tirar electrodomestico;34
creditos;34
pasame opciones;34
mandar;34
vih;34
llamar 147;34
oftalmologia pediatrica;34
okey dale;34
consultar multas transito;34
asd;34
telepasee;34
grcias;34
bueno dale;34
mandatarios;34
inflacion;34
imagen;34
renovar carnet;34
pagar multas online;34
solicitar partida;34
mediacion;34
fotomultas;34
ciberseguridad;34
banco;34
tirnos;34
espera;33
vencido;33
sirves;33
estafas telepase;33
sacar entradas teatro;33
entradas ensayo filarmonica;33
xno;33
pre inscripcion;33
licencia conducir primera vez;33
resultado estudios;33
vida;33
gmail;33
realizar reclamo;33
consulta infraccion transito;33
mio;33
mismo;33
sube subte;33
recuperar puntos licencia conducir;33
cometi infraccion;33
tramitar licencia;33
cambiar direccion;33
limpieza veredas;33
bibliotecas;33
cederac;33
turno tomografia computada;33
clima hoy;33
cargar;33
turno controlador fiscal;33
renovar registro conductor;33
liberacion vehiculo;33
recordarme;33
denuncia anonima;33
chino;33
pagar multas cuotas;33
especialidades medicas;33
infracciones automotor;33
descargo infracciones transito;33
sacar turno castrar gato;33
emergencia;33
estacionar cud;33
ocupacion espacio publico;33
cerrar bot;33
telepase diario;33
hoy sabado;33
puedes contarme mas bax prueba notificacion prioridad probando notificaciones push prioridad;33
llego citacion;33
turno sesac;33
llevo min esperando conecten audiencia;33
0800;33
solicitar audiencia virtual;33
renovacion licencia conductor;33
tramite renovacion licencia conducir;33
turno centro salud;33
sacar turno ginecologa;33
gente calle;33
dalud;33
renovar pase subte;33
residencias;33
secuestraron auto;33
teatros;33
objetos desuso;33
cursos idiomas;33
cocina;33
turnos pediatria;33
libre multas;33
vencio dni;33
contame;33
cirugia estetica;33
asistencia social;33
auto remolcado;33
nesesito turno;33
gcias;33
reservar;33
cree;33
presentar;33
curso scoring;33
certificado casamiento;33
renovar nicho;33
cambio;33
adolescencia;33
parquimetro;33
inscripto;33
tramite gratis;33
ticket;33
turbos;33
certificado estadia;33
forro;33
terminamos;33
reclamar infracciones;33
pagar multa line;33
avanzar;33
hospital carrillo;33
ver solicitud;33
graciss;33
aie;33
tirar electrodomesticos;33
cesar;33
recibi;33
buscar fecha;33
abonar bui;32
casar;32
pagar infraccion online;32
remolcaron auto;32
tele peaje;32
sacar turno hacer dni;32
certificado antecedentes;32
odontologia turno;32
cedectac;32
tarifa social subte;32
turn;32
rural;32
juegos portenos;32
turno otorrinolaringologo;32
habilitar telepase;32
turno reumatologo;32
curso cerrajeria;32
comprobante sanitario ayudas;32
boleto estudiantil turno;32
herramientas emprendimiento;32
sacar turno traumatologo;32
llego turno;32
interior;32
numero reclamo;32
ver partido argentina;32
beneficio residentes;32
sacar turno cambio domicilio;32
mundial 2026;32
subsidio subte;32
administracion consorcio;32
hablar alguien favor;32
ver recibo sueldo;32
ingreso tad;32
programar retiro escombros;32
estafa telepase;32
telefono llamar;32
policia ciudad;32
cerrajeria;32
ambulancia;32
hacer denuncia vial;32
guardia otorrino;32
hello from jwt demo;32
miba nivel;32
vaciar contenedor;32
cardiologia infantil;32
tramites turno;32
legalizacion analitico;32
cancelarlo;32
sacar entrada ecoparque;32
cuanto sale entrada;32
comprobante plan pago;32
limpieza calle;32
recoleccion restos poda;32
cancelaron;32
metrogas;32
acceder cuenta;32
precencial;32
auto mal;32
ver expediente;32
estafadores;32
hablar controlador infracciones;32
estudios laboratorio;32
esperando atiendan;32
cambiar nombre;32
basura calle;32
extraccion sangre;32
mudanza;32
hospital elizalde;32
constancia iibb;32
preinscripcion ciclo lectivo 2026;32
abrazo;32
siquiatra;32
domingos;32
registro conductor;32
defensa;32
mamo;32
turno grabado autopartes;32
validar telefono;32
tramite turno;32
discapacitados;32
infracc;32
apto medico docente;32
consultar nuevo;32
turno hacer dni;32
anticonceptivos;32
visita guiada palacio ceci;32
horario comuna;32
ver documentos;32
idiota;32
director obra;32
rendir recibo 690;32
puntaje;32
turno resolver infracciones transito;32
uacf;32
auto abandonado via publica;32
infraccion erronea;32
turno oftamologia;32
denunciar vehiculo infraccion;32
jorge macri;32
turno presencial multas;32
debito automatico abl;32
noooooo;32
sueldo;32
imagenes;32
apelar;32
gra;32
manejar tome alcohol;32
audiencia virtual multa;32
saldo sube;31
primera opcion;31
beca progresar;31
reubicacion;31
abierto hoy;31
traumatologia infantil;31
renovacion licencia conducir cambio jurisdiccion;31
belgrano;31
conseguir turno;31
turno subsidio habitacional;31
registro profesionales autodeclarados exentos;31
envio;31
cuanto demora;31
cancelado;31
confirmo turno manana;31
imprimir boleta multa;31
diabetologo;31
estac;31
cambio titularidad abl;31
deja entrar link;31
consultar telepase;31
ingrese cuenta;31
turno pista aprendizaje;31
infraestructura;31
estacion saludable;31
datos biometricos;31
hablar alquien;31
sacar turno infraccion;31
copia acta matrimonio;31
nose;31
renovacion certificado discapacidad;31
niveles seguridad;31
reubicacion contenedores;31
auto multas;31
quisiera hablar alguien;31
subir obelisco;31
saldo tarjeta ciudadania portena;31
obstruccion via publica;31
realice tramite;31
hacer rutramur;31
reimpresion licencia;31
anterior;31
descargar boleta pago;31
atencion telefonica;31
santoyani;31
asisto;31
inscripcion 2027;31
talleres gratuitos;31
obras teatro;31
hika;31
inmobiliario abl;31
medica;31
sacar turno hospital muniz;31
video;31
dice pagina encontrada;31
nino;31
hacer hoy ciudad;31
calles;31
plano mensura;31
turno numero;31
saco;31
hosl;31
podes dar turno;31
turno salid;31
buenass;31
estacionarme;31
turno pami;31
cambio tema;31
puta;31
ayuda social;31
cambiar turno hoy;31
perdi licencia;31
consultar turno vtv;31
carteleria;31
libre deuda automotor;31
rendicion habitacional;31
disculpe;31
turno cirugia plastica;31
servicios ciudad;31
quisiera pedir turno;31
duplicado patente;31
habitacion;31
baja automotor;31
apto medico;31
sacar turno ginecologo;31
todas multas;31
turno ecografia abdominal;31
telepase reclamo;31
neurocirugia;31
cambiar mail miba;31
ciudadaniaportena;31
informar pago;31
concursos;31
contenedor mal ubicado;31
realizar pago voluntario;31
renovar dni anos;31
multas pago voluntario;31
turno presencial controlador faltas;31
multa equivocada;31
medicina general;31
descuentos;31
infracciomes;31
dificil;31
validacion identidad miba;31
infrancciones;31
agente agip;31
realice;31
electricista;31
cedetac tomografia;31
auto estacionado;30
tachos basura;30
renovar documento nacional identidad;30
estaciinar;30
cupon pago;30
foto multas;30
parada colectivo;30
sacar turno hospital penna;30
cambiar numero;30
ayudan;30
estacionamiento discapacidad;30
aaa;30
administracion consorcios;30
registrado;30
turno castraciones;30
ayuda sacar turno;30
partidas matrimonio;30
pago telepase;30
dejar curriculum;30
generar boleta bui;30
mensaje momento responder hare posible;30
barrio chino;30
chequear padron;30
audiencia virtual infraccion;30
consultar resultado test covid19;30
sticker;30
estacionamiento libre;30
boleto jubilados;30
agenda;30
traumatologo infantil;30
marketing digital;30
ciba;30
auto secuestrado;30
turno hablar controlador;30
tramite tad;30
impuesto sello;30
responde auto moto utilitario;30
coche mal estacionado;30
pague infraccion;30
tramitar ciudadania portena;30
pedir turno controlador;30
plan pagos infracciones;30
sacar turno hospital durand;30
asi confirmar;30
contravencion;30
retiro residuos voluminoso;30
multa caba;30
crear;30
escribir academia habilitada moto cero consulta sera resuelta breve horario atencion lunes viernes 900 18hs sos alumnx queres clase reprograma lluvia recorda solo instructor escuela suspenden clase;30
turno pirovano;30
sacar turno urologia;30
atencion hospitales;30
sacar sube estudiantil;30
papa;30
retiro bolsas;30
datos personales;30
cursos capacitaciones;30
proxima;30
moratoria patentes;30
holaboti;30
inscribirme lenguas barrios;30
mas sistema estacionamiento medido;30
sacar turno pagar infracciones;30
pase escolar;30
discriminacion;30
renovar licencia cambio jurisdiccion;30
credito;30
moratoria abl;30
codigo postal;30
ajedrez;30
ayudar;30
perdi sube;30
hace falta;30
comunicacion;30
hablar mas;30
estacionqr;30
hoy domingo;30
padron salud;30
recordar turno;30
confirmar turno numero;30
holw;30
verguenza aun dedicando hora media tramite sencilla pedir recoleccion restos jardineriano logre hacerloa pesar comunicarme 147 web telefono figura pagina jefatura gabinete colgaroncuando primera lista atencion sacar foto paquetes milenium deja continuarcada vez hacen vida mas complicada lugar mas sencillame pregunto pago tiempo forma obligaciones municipalidad poda arbol deja podarlo seguridad massi hacer tramite sencillo retiro restos jardineria verdadera verguenza;30
ausa telepase;30
telepace;30
informatica;30
aguardo;30
107;30
sacar turno pagar infraccion;29
asociar cud;29
aprender manejar;29
renuevo licencia conducir;29
retiro colchones;29
registro renovacion;29
resolver videollamada;29
vehiculos abandonados;29
cambiar clave;29
empresa;29
multas capital;29
ensayos abiertos;29
anda link;29
tramite solicitud renovacion licencia conducir 0105952426 encuentra aprobado;29
app aprende;29
federico;29
comida;29
blanquear miba;29
telepase mal cobrado;29
cambiar dni;29
turno nutricion;29
denunciar autos mal estacionados;29
oratoria;29
turnos laboratorio;29
atendio nadie;29
especialistas turno;29
remocion vehiculo;29
dgroc;29
imprimo boleta;29
turno agosto;29
telepase activado;29
podar;29
licencia conducir otorgamiento;29
pago estacionamiento medido;29
vendi vehiculo;29
pagar audiencia virtual consultar puntos cambiar tema;29
consultar deuda patente;29
bus electrico;29
boleta pagar multa;29
libre deuda abl;29
denunciar colectivo;29
chauu;29
ciclo lectivo 2027;29
dudas;29
mults;29
conectar;29
libre estacionamiento;29
trata;29
vtv vigente;29
multas pagas;29
turno ciudad;29
residuos obra;29
recordatorio turno;29
turno retirar moto;29
turno cancelar;29
dame opciones;29
sacar sangre;29
basura voluminosa;29
renovar dni extranjero;29
carga;29
acedetac;29
veiculo;29
pase jubilados subte;29
oftalmologia infantil;29
boleto gratuito;29
curso oratoria;29
siiii;29
licencia conducir turno;29
hacer reclamo telepase;29
faltas especiales;29
prescripcion multa;29
holan;29
cagada;29
infracciones audiencia virtual;29
velocidad maxima;29
sacar turno vacuna;29
danos;29
chauuu;29
final;29
usurpacion;29
das turno;29
salud odontologia;29
controlador 316;29
controlador fiscal;29
infraccion vehicular;29
escribo;29
ver detalle;29
llamen;29
blanquear clave;29
termotanque;29
patologia mamaria;29
curso barista;29
chatear ahora;29
asistente social;29
todas;29
concurso 2026;29
patente deuda;29
joda;29
ser nivel;29
cuanto dura;28
ver todas infracciones;28
turno castracion gata;28
menor edad;28
falta respeto;28
reclamo ausa;28
aviso;28
sacar turno hospital udaondo;28
abrir;28
donacion bienes hogar desuso;28
hospital ninos;28
visita;28
podas;28
turno sacar registro;28
quejarme;28
myp725;28
tenes podemos consultar;28
cambiar sede;28
algun turno;28
retirar tarjeta ciudadania portena;28
retiro escombros programado;28
saludo;28
tonto;28
botellas amor;28
visita obelisco;28
colonia vacaciones;28
busqueda laboral;28
andas;28
aleman;28
lugares;28
vehiculo mas estacionado;28
consulta saldo;28
digital;28
ocupacion indebida espacio publico;28
discutir multa;28
renovacion dni anos;28
mal servicio;28
estacionar ubicacion;28
usted;28
volver menu anterior;28
cirugia general;28
retirar residuos voluminosos;28
ahola;28
resultado sangre;28
infraccion mia;28
inscripcion nivel inicial;28
mapa;28
detalle multas;28
becas nivel medio;28
adopcion;28
hacer denuncia auto mal estacionado;28
secundario adultos;28
patente vehiculo;28
ionar;28
denunciar vehiculo abandonado;28
remocion vehiculo abandonado;28
certificado partida entregada;28
sacar tarjeta sube;28
resto poda arboles;28
hago pagar estacionamiento;28
aprender oficio;28
solicitud copia escritura;28
infraciones transito;28
gay;28
retiro maderas;28
distancia;28
turnos hospital fernandez;28
ortodoncia;28
viernes;28
voto;28
validacion miba;28
pagar infracciones online;28
llamaron;28
rrhh;28
descargar acta;28
sacar turno agip;28
parking;28
consulta infracciones caba;28
licencia turno;28
reclamo poda;28
contame mas;28
inicie sesion miba;28
andate;28
ver multas transito;28
turno resolver;28
retiro programado residuos;28
reubicacion contenedor basura;28
obra construccion;28
hacer cuenta;28
programa adolescencia;28
historial clinico;28
solo turno;28
alta;28
vehiculo infracciones;28
cambiarlo;28
botin;28
sacar turno sede comunal;28
retiro escombros voluminosos;28
retirar licencia;28
che;28
estan pagas;28
tramites digitales;28
importa;28
donar colchon;28
ahora hago;28
huella;28
viajar subte cud;28
deja entrar cuenta;28
finalizar conversacion;28
pagar voluntario;28
dispositivo;28
devoto;28
programacion;28
vacunacion gripe;28
charla licencia conducir;28
dios bendiga;28
entrar app;28
pague boleta;28
bomberos;28
reprocann;28
amables;28
registrar empleadores;28
infraccion vial;28
densitometria;28
comfirmar;28
llama;28
infracciines;28
cambio colegio;28
ascensores;28
pasaron;28
telepased;28
golf;28
boleto secundario;28
juicio;28
morite;28
primera ves;28
nivel invalido niveles c1c8 caballeros d1d8 damas;28
incripciones;27
boleta unica inteligente;27
renovacion registro conductor;27
centros culturales;27
turno pagar;27
rinoplastia;27
tramitar;27
certificado domicilio caba;27
cobro indebido telepase;27
infraccion caba;27
revisar multas transito;27
sacar turno virtual;27
hable nadie;27
turno cemar;27
saldo tarjeta;27
link pago;27
turno otorgamiento licencia conducir;27
turno castracion perro;27
boleto estudiantil terciario;27
sabado habil;27
tramite otorgamiento;27
queria cambiar turno;27
sacar turno resolver multa;27
turno veterinario;27
dar baja tele pase;27
consulta informacion;27
renovar liciencia;27
sacar turno cardiologo;27
velocidad;27
abre;27
matias contame mas;27
bolsas escombro;27
ver notificaciones;27
llega codigo verificacion;27
centros;27
turno bebe;27
ver partido;27
cursos formacion profesional;27
entendiendo;27
docentes;27
chai;27
okay;27
sacar turno renovacion registro;27
obtener licencia conducir;27
anda mierda;27
suscribete canal perderte proximos videos;27
codo codo;27
proximo turno;27
recibo alquiler;27
veterinarias moviles;27
recoleccion mueble;27
auto mal estacionado garage;27
turista;27
acarreo vehiculos;27
vacuna hpv;27
perdida;27
grs;27
caballito;27
renovarlo;27
forma presencial;27
inscripcion idiomas;27
hospital velez sarsfield;27
mult;27
camion odontologico;27
contame loco chavez;27
reintegro;27
mas buepp;27
bicicleta;27
subtitulado jnkoil;27
ayudes;27
proximos turnos;27
fotografia;27
hacer curso recuperar puntos;27
abone cenat;27
cursos capacitacion;27
inscripcion ingresos brutos;27
hablar alguna persona;27
boleta pagar;27
penna;27
dentistas;27
turno neurologo infantil;27
auto multa;27
revisarvmultas;27
eventos julio;27
pase cud;27
multas trancito;27
turno endocrinologa;27
abl deuda;27
sacar certificado domiciliario;27
plano propiedad;27
union civil convivencial;27
controlador turno;27
pagar deuda abl;27
sedes comunales;27
descargar multas;27
sacar turno clinica medica;27
2027;27
infraccion corresponde;27
pedir;27
tramite cud;27
atencion salud;27
asistente gerontologico;27
mande;27
turno oftalmologia santa lucia;27
tuberculosis;27
camcelar;27
hoja;27
boleto educativo superior;27
pedir turno resonancia;27
cud renovacion;27
activar;27
pagar partida nacimiento;27
asdf;27
quisiera hacer consulta;27
recuperar vehiculo;27
ensayo orquesta filarmonica;27
cenat pago;27
licencia otorgamiento;27
entendido;27
secuestro;27
sacar turno vacunacion;27
personalmente;26
teatro colon gratis;26
factura telepase;26
claro;26
hacer plan pago;26
discapacidad sube;26
descuento infracciones;26
multa infraccion;26
solicitar grua;26
sistema autoproteccion;26
cuanto debo multas;26
consultas medicas;26
limpieza contenedor;26
descargo multas transito;26
sacar turno online;26
pido;26
quisiera cambiar turno;26
dudas licencia conducir;26
arreglo luminarias;26
carnet manipulador alimentos;26
retirar tarjeta;26
automovil mal estacionado;26
chauuuu;26
realizar denuncia;26
remision vehiculo;26
habilitacion local;26
centro formacion profesional;26
bloqueo cuenta miba;26
cuanto entrada;26
agencia habilidades futuro;26
actualizar acta matrimonio;26
sicologo;26
cerra ventana;26
ropa;26
turno traumatologia infantil;26
museo larreta;26
dieron;26
registro auto;26
tramite agip;26
turno antigripal;26
turno hijos;26
rendir recibo avitacional;26
turno medico hospital;26
receta;26
avancemos;26
turno acta transito;26
curriculum vitae;26
mutas;26
cambio datos licencia conducir;26
denuncia extravio;26
multa auto mal estacionado;26
acceso;26
tren sarmiento;26
hijo turno;26
pedido;26
iniciar reclamo;26
reserva espacio;26
multa moto;26
telepase cud;26
voley;26
secuestraron vehiculo;26
vincular sube cud;26
hora turno;26
cirujia;26
hago solicitud;26
vidrios;26
charlar;26
estaciones saludables;26
pagar multa vencida;26
desconocer infraccion;26
certificacion servicios;26
estacionamiento motos;26
hicieron multa;26
solicitud certificado domicilio real caba;26
basura electronica;26
estacionamiento moto;26
turno fecha;26
reclamo tramite;26
hacer fin semana;26
otorgamiento licencias;26
queria cancelar turno;26
oficio;26
flebologo;26
pension discapacidad;26
playa acarreo;26
pasame alguien;26
saco certificado domicilio;26
cerca;26
sacar turno sube;26
enfermeria;26
dnrpa;26
turno boleto educativo;26
sacar turno hospital alvarez;26
viajar gratis subte;26
hracias;26
inscripcion ingles;26
saca turno;26
sigo tramite;26
apoyo escolar;26
hacer licencia;26
cobro peaje;26
pago electronico;26
suspender turno;26
hisopado;26
sacar turno hospital duran;26
ficha medica;26
catalina;26
mas tarde;26
hospitales publico;26
habilitado;26
turno rayos;26
acarreo moto;26
okk;26
cid;26
paso patente;26
solicito audiencia online;26
turno especialidad medica;26
ebus;26
modo hincha;26
messi;26
solicitar acta nacimiento;26
licenciad;26
sacar turno validar identidad;26
cine;26
infraccion incorrecta;26
persona real;26
prestamos;26
tango;26
infracciones dominio;26
alvarez;26
viajar;26
junta medica;26
contenedor verde;26
conectada;26
precaria;26
adelantar turno;26
reprogramar vtv;26
pasan;26
pago vtv;26
sumidero;26
botijuegos;26
bajen dice hacer pago voluntario;26
respuesta automatica licencia 7062026 vacaciones whatautoai;26
estacionamos;26
consultar reclamo;26
inf;26
biti;26
denuncia robo;26
hospital maria ferrer;26
turno cesacs;25
material estudio;25
grafiti;25
pedido retiro escombros;25
tramito;25
donar ropa;25
sirve sistema;25
pagar multa presencial;25
rendir subsidio;25
turno documento;25
estacinamiento;25
turno estudio medico;25
gerontologia;25
mas colon;25
muebles desuso;25
remitieron moto;25
curso portugues;25
avance;25
hora funciona subte;25
publicidad;25
putos;25
turno clinico medico;25
pista roca;25
baja vehiculo;25
consulta abl;25
comprobante plan vencido;25
vence licencia;25
movilidad portena jubilados;25
sacar turno medico cabecera;25
curso electricista;25
callao;25
empezamos;25
tarifa jubilados;25
concurrir;25
dar baja vehiculo;25
pagar factura;25
finde;25
servicios barrio;25
turno nino sano;25
renovar licencia conductor;25
nivel medio;25
evento;25
estare presente;25
tda;25
sacar turno gastroenterologia;25
subir nivel miba;25
conciertos;25
verificacion vehicular;25
curso lenguas barrios;25
perdon polleria vendemos tipo articulos preparo pollo autoresponderai;25
turno regimiento patricio;25
curso rcp;25
limpieza calles;25
designacion residencias;25
turnos traumatologia;25
vamos argentina;25
licencia conducir renovar;25
cuanto sale entrada ecoparque;25
hacer boleto estudiantil;25
resolver multas transito;25
turno hospital santojanni;25
dni 24hs;25
puede sacar turno;25
reevaluacion examen practico;25
lenguaje barrios;25
concurso enfermeria;25
ciudadania portena saldo;25
documentacion debo llevar;25
dame mas opciones;25
pase subte cud;25
pileta santojanni;25
turno castrar gata;25
teatro colon ensayos;25
turno espirometria;25
pedir turno hospital;25
vacunas perros;25
mataderos;25
charla renovar licencia;25
asesoramiento legal;25
fondo ojos;25
test eventos ciudad;25
caminos sabores;25
queria consultar multa;25
comunicarme humano;25
vtv turnos;25
certificado divorcio;25
cambio datos;25
retiro materiales;25
infracciones descargo;25
reclamo multa transito;25
turnos ciudadania portena;25
consultar deuda telepase;25
prioridad portena;25
planilla;25
botie;25
problemas cuenta miba;25
contenedor roto;25
reclamo vereda rota;25
tarjeta alimentar;25
cambio nivel;25
tutno;25
test covid;25
internet;25
tres;25
descargar carnet manipulacion alimentos;25
peluqueria;25
turno castracion gatas;25
adulto2000;25
miniutos espera audiencia;25
curso reeducacion vial;25
boletas agip;25
carga pagina;25
sirve ayuda;25
microcentro;25
bombonera;25
infraccionea;25
turno dgai;25
aparece acceso denegado;25
atienda alguien;25
curso manejo;25
haciendo;25
suscripcion;25
pagar infraccion tarjeta credito;25
modificar;25
sirve bax;25
realizar vtv;25
baja ingresos brutos;25
vacune;25
recoleccion voluminosos;25
comunicarme controlador;25
911;25
1030;25
ser humano;25
botanico;25
desalojo;25
quisiera;25
cardiologia prequirurgica;25
retiro programado basura;25
recuperar;25
realizar infraccion;25
aida;25
audiencia virtual transito;25
extranjera;25
instituto pasteur;25
comunicarme ausa;25
inscripta;25
hablar personal;25
escribi;25
sugerencia;25
turno hospital santojani;25
sacar turno especialista;25
controlador multa;25
servicio social;25
escombros retiro;25
revisar multas patente;25
boletin digital;25
besos;25
pagar ingresos brutos;24
turno otorgamiento licencia;24
pedir audiencia;24
ifts;24
solicito partida nacimiento;24
despues;24
paso nivel;24
pendiente;24
habilitar;24
sacar partida defuncion;24
cambiar gmail;24
fisico;24
comfirmar turno;24
acta infracciones;24
estacionad;24
cobra beca ciudad;24
adhesion boleta electronica;24
deja validar;24
turno farmacia cesac;24
legalizar partida nacimiento;24
hospital turnos;24
boleta multa;24
pase gratis subte;24
turno renaper;24
ayuda turno;24
llevo grua auto;24
reprogramar turno medico;24
numero telepase;24
tema salud;24
dni menor;24
hacer telepase;24
solo ano;24
pasa barrendero;24
roca;24
matrimonio civil;24
hpv;24
primera licencia;24
renova licencia;24
reserva estacionamiento;24
sumar;24
consulta tramites;24
practica laboratorio;24
sellado;24
certificado vivienda;24
curso gastronomia;24
habilitado telepase;24
reciclables;24
bloqueo;24
ayuda verificacion policial;24
pileta libre;24
web;24
reportar infraccion;24
turnos dermatologia;24
turno hospital pinero;24
pagar infracciones tarjeta credito;24
denuncia extravio dni;24
trae elegi letra lista escribime buscando recibir novedades vehiculo tramites turnos servicios reclamos eventos mas temas;24
pasaporte menor;24
revisa multas;24
recuperar moto;24
detalle infraccion;24
turno controlador videollamada;24
hacer resonancia;24
reforzar solicitud;24
pase jubilado;24
pinero;24
mas ahora;24
significa resolver controlador;24
certificado legalidad licencia;24
estacio;24
permiso circulacion;24
confirmar dos turnos;24
barracas;24
escribir academia habilitada moto cero consulta sera resuelta breve horario atencion lunes viernes 900 2000 sos alumnx queres clase reprograma lluvia recorda solo instructor escuela suspenden clase;24
botu;24
cambio radicacion;24
nececito turno;24
buenaa;24
certificado libre deuda;24
informacion sumaria;24
registro administradores;24
control;24
tramites realizar;24
veiculo mal estacionado;24
queria confirmar turno;24
lugano;24
citacion comparecer procedimiento administrativo faltas;24
turno castracion perros;24
constancia agip;24
olvide clave;24
alguien atienda;24
moto vereda;24
blanqueamiento cuenta;24
experiencia;24
planes pago;24
mail contacto;24
sube estudiantes;24
monto multa;24
cuales multas;24
estudiar ingles;24
solicitar partida defuncion;24
retiro vehiculo;24
turno neumologia;24
prestamo;24
subsanacion;24
suicidio;24
ecodoppler;24
partida divorcio;24
saco entrada;24
pene;24
pagar multa auto;24
jugar;24
liberar vehiculo;24
empezamos nuevo;24
especialista columna;24
yyy;24
castraciones gatos;24
cambio nivel seguridad;24
realmente pesimo bot operador;24
ayudame sacar turno controlador;24
entro;24
validar identidad app miba;24
castrar mascota;24
confirmacion turnos;24
cancelar turno hospital;24
estacionamienro;24
hematologo;24
inscripcion online;24
turno renovar;24
usuario miba;24
talleres culturales;24
oftalmologia turno;24
noti;24
mano derecha;24
libre multa;24
renovacion nichos;24
portal pagos;24
plan ciudadania portena;24
verla;24
cita controlador;24
nuevamente;24
habilitar local;24
ensayo filamornica;24
deuda judicial;24
eatacionamiento;24
jajajaja;24
codigo verificador;24
botiiii;24
comenzar;24
voluntario;24
residencias geriatricas;24
pregunto;24
ruido;24
desaparece;24
grscias;24
licencia digital;24
libre deuda multa;24
covid19;24
genio;24
recetas;24
ninguna consulta;24
acompanante terapeutico;24
estacionamienti;24
comprobantes pago;24
ensayo sinfonica;24
bdia;24
elizalde;24
tercera edad;24
blinkay funciona;24
apoderado;24
turno flebologia;24
recibi notificacion;24
actividad fisica;24
matias;24
libro quejas;23
hospital sarda;23
parque roca;23
pagar deuda telepase;23
partido argentina;23
notas examen residencia;23
estacionamiento ciudad;23
pasame mas opciones;23
fallecimiento;23
aparece opcion;23
actas infraccion;23
veo tramites;23
confirmar turnos medicos;23
hospital publicos;23
denunciar comercio;23
centros diagnostico;23
sacar turno urologo;23
turno hospital pedro elizalde;23
ciudadania portera;23
boleto estudiantil superior;23
solicitud certificado domicilio;23
cedula citacion;23
viajo;23
pedir nuevo turno;23
inscripcion escuela secundaria;23
turno diabetologa;23
solucionan;23
pago peaje;23
buscar;23
tramite discapacidad;23
valor multa;23
problema tramite;23
oportunidades laborales;23
hospitales cerca;23
glaucoma;23
puntos verdes moviles;23
gracis;23
inscripcion secundaria 2027;23
intentar nuevo;23
cambiar medico cabecera;23
buscar empleo;23
tirar termotanque;23
hablar alguin;23
conseguir trabajo;23
examen residencias medicas;23
cargaron ciudadania portena;23
ver deuda;23
mukta;23
certificados;23
turnos tramites;23
sabes nombre;23
turno precencial;23
pases;23
retiro material;23
patente moto;23
abre pagina;23
inicio sesion;23
planos propiedad;23
denunciar extravio dni;23
licencia conductor;23
sirve aplicacion;23
lengua barrio;23
falta higiene;23
basura via publica;23
depositaron;23
acta multa;23
asueto;23
acesor;23
basura vereda;23
permite;23
camioneta;23
descargar acta nacimiento;23
estacionamiento discapacitado;23
credito hipotecario;23
turismo cuidad;23
remover contenedor;23
solicito audiencia virtual;23
recuperar auto;23
historial;23
renovacion carnet manipulacion alimentos;23
estan cargando;23
hoy abierto;23
vacunacion animales;23
sacar cud;23
carreras terciarias;23
olvide contrasena miba;23
renovar licencia turno;23
resolviste;23
valor entrada;23
multas pagadas;23
rosario;23
revalida guardavidas;23
sacar turno renovacion dni;23
patricios;23
cambiar contrasena miba;23
ver fotomulta;23
reprogramarlo;23
lomo burro;23
multa automotor;23
vacuna covid19;23
hacer charla virtual;23
registro profesional;23
turno odontologia infantil;23
horario turno;23
plataforma tad;23
info agip;23
50500147;23
pueden ayudar;23
vencimiento vtv;23
multa mal estacionado;23
ingresar agip;23
cambio apellido;23
acceder nivel;23
renovar dni pasaporte;23
devolucion dinero;23
solucionaron;23
castracion felina;23
certificado concubinato;23
cordon;23
sacar turno odontologo;23
deuda infraccion;23
cardio;23
arreglo luminaria;23
barrido limpieza;23
anote;23
sacar turno hospital pirovano;23
linea colectivo;23
cambio domicilio licencia;23
validar documento;23
pago infraccion transito;23
saco entradas;23
turno validacion identidad;23
lugares estacionar;23
palacio libertad;23
turno turno;23
comisaria corresponde;23
actualizacion;23
codigo validacion;23
informe;23
hablar alguien telepase;23
abierto;23
adontologia;23
infraccion patente;23
iniciar;23
recuperar clave;23
tramites tad;23
spect cardiaco;23
cedatec;23
deja inscribirme;23
liniers;23
rechazado;23
ninguna duda;23
solicitud poda;23
recoleccion residuos obra;23
curso administracion consorcio;23
hospital santoyani;23
partida inmobiliaria;23
vasectomia;23
loguearme;23
est;23
cuantos puntos licencia;22
seguridad higiene;22
consultar legajo;22
auto tapando garage;22
inscripcion jardin infantes;22
volver sacar turno;22
sacar turno gastroenterologo;22
auxiliar farmacia;22
hacer app;22
deja validar identidad;22
hablar alguien agip;22
sacar turno hospital elizalde;22
tramite pendiente;22
pagan;22
vencimiento dni;22
llego multa auto;22
punto;22
paga entrada;22
ayudas sacar turno;22
sigue tramite;22
odontopediatra;22
reparacion;22
sacar turno registro conducir;22
retuvieron licencia conducir;22
rectificar partida;22
cambiar forma pago;22
consulta odontologia;22
declaracion jurada linea;22
vencio hace menos ano;22
turnos boleto estudiantil;22
sacar entradas planetario;22
tramites digitales educacion;22
domicilio ciudad;22
licencia cambio jurisdiccion;22
pague boleta cenat;22
chupame pija;22
certificado alumno regular;22
copia escritura;22
acceder miba;22
linea amarilla;22
genero;22
denunciar vecino;22
pasteleria;22
trans;22
beneficios;22
castracion mascota;22
turnos mamografia;22
retiro electrodomestico desuso;22
hablo;22
hablar ausa;22
multas dominio;22
retiro muebles electrodomesticos;22
pagarla tarjeta;22
ai225ja;22
ver turnos salud;22
solicitud cambio escuela;22
escuela secundaria;22
curso inteligencia artificial;22
mas info;22
sacr turno;22
retiro objetos;22
formularios;22
baja cambio radicacion;22
maravillosa alicia;22
cetedac;22
jefe gobierno;22
hospital rocca;22
paso turno;22
estacionar puerto madero;22
portal autenticidad;22
numero sacar turno;22
turno nuevo dni;22
reconsideracion;22
vacunacion gatos;22
extravio licencia;22
boleto estudiantil secundario;22
documentos llevar;22
don nicola mas;22
validacion nivel;22
libre deuda infraccion;22
recorrido;22
visitar obelisco;22
controlador presencial;22
averiguar;22
turno diabetologo;22
viviendas;22
quinquela martin;22
valida identidad;22
atendio;22
sacar turno controlador falta;22
tramite sube;22
paso dni;22
test;22
existen comprobantes pago legajos vencido actualicelo ingresando chat opcion comprobante plan pago vencido;22
bori;22
solicitar semaforo;22
quisiera solicitar turno;22
hija turno;22
turno medico hijo;22
seguimiento solicitud;22
mas higiene urbana;22
cobraron mal;22
pague tramite;22
pagado;22
licencia conducir profesional;22
eventos gratis;22
realizar descargo multa;22
inscripcion curso;22
multa infracciones;22
carton;22
intimacion;22
turno multas transito;22
ecocardiograma doppler;22
resolver multa videollamada;22
cambio contrasena;22
medios pago;22
sade;22
turno irep;22
ningun turno;22
ayudarte sacar turno;22
atendida;22
gas;22
pagar estacionamiento calle;22
inscripcion adultos 2000;22
quisiera hablar persona;22
turno entregar recibo;22
gestion;22
lengua;22
conduccion;22
administrador;22
multa controlador;22
jardines maternales;22
pagarlo;22
comunicar;22
escribirlos;22
corredores viales;22
sacar turno controlador infracciones;22
libre deuda transito;22
poda rosedal;22
funciona linea;22
actualizar nivel seguridad;22
presentar descargo multa;22
sacar turno hospital tornu;22
activar cuenta;22
psicopedagogia;22
preinscripciones;22
barbaro;22
adjudicacion;22
doc cabecera;22
profesional;22
casamiento civil;22
funciona aplicacion;22
turnos estudios;22
jueves;22
idioma italiano;22
basura grande;22
ver solicitudes;22
demora;22
residuo;22
decime;22
infraccion mal hecha;22
asistente humano;22
rata;22
igualmente usted;22
cedetax;22
descargar factura;22
asistencia humana;22
scorin;22
filarmonica ensayo;22
vacunacion dengue;22
autorizacion;22
planes facilidades;22
adultos 200;22
edificio;21
ingrese miba;21
hacer multa mal estacionamiento;21
recoleccion residuos grandes;21
debo telepase;21
hablo controlador;21
ver boletin hijo;21
gravado autopartes;21
turno retencion vehiculo;21
telefono comuna;21
ocupacion via publica;21
dni extraviado;21
turno infracciones presencial;21
hice pago;21
hacer nuevo dni;21
trabajar gobierno ciudad;21
retiro moto;21
recuerdo;21
confirmar turno laboratorio;21
rehubicacion contenedor;21
cambio categoria;21
solicitar nuevo turno;21
patente multas;21
turno analisis;21
saluf;21
curso pasteleria;21
validar titulo secundario;21
depositan;21
queria consultar;21
turno proctologia;21
atienda humano;21
turno odontopediatra;21
pagar peaje telepase;21
cremacion mascotas;21
retiro podas;21
consultar denuncia;21
datos tramite;21
libro deuda;21
turno union convivencial;21
realizar descargo infraccion;21
turno psicologa;21
pase personas discapacidad trasplantadas;21
turno agendado;21
funciona blinkay;21
recuperacion puntos;21
vacuna antineumococica;21
turno menor;21
turno nefrologia;21
hospital quemado;21
funciona bax;21
renovacion licencias conducir;21
puede hacer online;21
pasaporte express;21
pagar infracion;21
cambios vtv;21
boleta electronica abl;21
licencia vigente;21
turno renovacion licencia taxi;21
telepase baja;21
ver boleta;21
telefono comunicarme;21
blanque cuenta;21
dni domicilio;21
dejo;21
consulta vtv;21
viajar subte;21
educacion superior;21
denunciar estacionamiento;21
analitico secundaria;21
saco entradas ecoparque;21
ensayo filarmonica aires;21
reubicar contenedor basura;21
imprimir partida nacimiento;21
estaxionamiento;21
boludo;21
denuncia dni;21
red primeros meses;21
descargar boletas;21
tarjeta ciudadana portena;21
llegue;21
viajar gratis;21
persona calle;21
mensaje;21
consulta infracciones transito scoring;21
hago ahora;21
buscar auto;21
turno ojos;21
apelar infraccion;21
turno online controlador;21
funciona miba;21
hospital roca;21
examen practico;21
inmobiliarioabl;21
fecha inscripcion;21
retencion veiculo;21
tener nivel;21
hospital oftalmologia;21
chorros;21
actualizacion mayor;21
tarifa simple;21
multas descargo;21
hablar acesor;21
algun descuento;21
multas autos;21
trafico;21
validar cuenta miba;21
dan turno;21
viajar cud;21
sacaron auto;21
pagos pendientes;21
facturas abl;21
agendado;21
estacion tribunales;21
verificacion policial auto;21
turno retirar vehiculo;21
desbloqueo;21
salidas;21
turno video llamada controlador;21
turno manipulacion alimentos;21
empadronarse;21
aprobe;21
sacar turno renovar registro conducir;21
imbecil;21
palacio ceci devoto;21
nadagracias;21
exacto;21
sigracias;21
cesac turno;21
inscribirme lengua barrios;21
certificado deudores alimentarios;21
denuncia administrador;21
obtener nivel;21
santojani;21
jorge;21
plantear defensa multa;21
resolvieron;21
08009992727;21
letra;21
debo hacer;21
turnos ecografia;21
reprocan;21
copia;21
infraccion vencida;21
encontre buscaba;21
aprender ingles;21
turnos hospital rivadavia;21
consultar multas hacer descargo videollamadaa;21
hepatologo;21
pago voluntario infracciones transito;21
dua;21
cancelae;21
concierto filarmonica;21
gedo;21
embargo judicial;21
alumno regular;21
bot mierda;21
resolver multas videollamada controlador transito;21
puede reprogramar;21
nesecito sacar turno;21
sacar libre deuda infracciones;21
tren mitre;21
vic;21
turno neumologo;21
deuda peajes;21
usar;21
pase gratis jubilados;21
moto abandonada;21
contactar controlador;21
retiro restos poda domiciliaria;21
cedetag;21
tomografia torax;21
ministerio salud;21
hablar 147;21
resultado estudio;21
vtb;21
retencion licencia conducir;21
entrega dni;21
plan vencido;21
igualmente saludos;21
solicitud planos;21
electromiograma;21
sede tac;21
editar datos;21
podes ayudarme;21
sacar vtv;21
operador miba;21
apra;21
radicacion;21
rechazar multa;21
patente adulterada;21
velez sarfield;21
conductor;21
vencimiento licencia;21
buens;21
multa llego correo dan numero dice chatear controlador robot;21
ortogamiento;21
apellido;21
credencial;21
formacion superior;21
auto removido;21
1158273930;21
remolque;21
ingresar app;21
turno resolver controlador;21
habilitacion comercial;21
csncelar;21
dice cuil uso;21
ayuda humana;21
pagar multa buepp;21
oblea;21
vola;21
turno registro automotor;21
certificado cambio domicilio;20
persona hablar;20
recupero cuenta;20
cambiar turno fecha;20
abone multa;20
sacar turno infracciones transito;20
recitales;20
residuos contenedor;20
reponer contenedor;20
aborto legal;20
estacionamiento gratis;20
vacunarme fiebre amarilla;20
grua auto;20
sacar partida casamiento;20
trabajar transito;20
turnos tomografia;20
respuesta automatica respuesta automatica comunicaste adm consorcios informamos telefono dejo funcionar consultassolicitudes reclamos deberan comunicarse whatsap 1130971643 wam soluciones telefonicamente 50321413 lunes viernes 16hs urgencias deberan contactarse telefono 1151326254 1600 1000 lunes viernes sabado domingo feriados whatautoai whatautoai;20
historial vtv;20
vehiculo multas;20
infracciones cometidas persona;20
vtv caba;20
horario cesac;20
toca vtv;20
tramitar licencia conducir;20
pagada;20
foto vehiculo;20
estacionamiento reservado;20
sacar turno cud;20
continuo;20
turno castracion gatos;20
enviar curriculum;20
verificacion policial vehiculo;20
saco libre deuda;20
pago boleta;20
educacion especial;20
hacer acta vehiculo mal estacionado;20
gravias;20
retiro escombrosrestos obra;20
solicitud cud;20
hablar alguien real;20
licencia conducir digital;20
renovacion vtv;20
confirmo turno numero;20
multa pago voluntario;20
retiro lavarropas;20
mental;20
turno confirmarlo;20
charlar operador;20
mamaria;20
sacar turno retirar moto;20
actividades ciudad;20
hablame inodoro pereyra mendieta;20
multas provincia aires;20
reclamo defensa consumidor;20
sacar dni nuevo;20
abonarlas;20
numero denuncia;20
carnet vacunacion;20
cesac mas cercano;20
concursos enfermeria;20
alta ingresos brutos;20
recibo 690;20
argentino;20
pase cultural adultos;20
turnos controlador faltas;20
anotar;20
turno vtv caba;20
resolver multas video llamada;20
tomo turno;20
camaras;20
lentes;20
reclamo infraccion transito;20
hablar ahora;20
costo dni;20
digo;20
validar numero telefono;20
infraccion estacionamiento;20
renivar licencia;20
turno consultar;20
resolvi consulta;20
hacerme dni;20
solicitar turnos;20
pasear;20
container;20
cancelar multa;20
inscribirme terminar secundario;20
reciduos;20
trayecto formacion obligatoria acompanantes inclusion escolar aie;20
realizacion estudio;20
licencia conducir duplicado;20
desestimar multa;20
libros;20
hablar equipo ausa;20
horario atencion comuna;20
estupido;20
sarmiento;20
retiro carteles;20
tarifa social sube;20
cambiar medio pago;20
cambiar mail cuenta;20
sube discapacitados;20
tecnopolis;20
infracciones vencidas;20
verificar multas;20
turno renovar pasaporte;20
acarreos;20
herpes zoster;20
certificado union convivencial;20
dar baja sube;20
ver mas infracciones;20
sacar turno anses;20
desinfeccion;20
eventos semana;20
odontologia gratis;20
tramite subsidio habitacional;20
mia turnos;20
resultados analisis clinicos;20
chapa patente;20
solicitud escombros;20
conocer infracciones;20
turno udaondo;20
consultar multas dominio;20
estaciomar;20
certificado grabado autopartes;20
modificar mail;20
ruidos molestos obra;20
turno hospital casa cuna;20
ensayos ofba;20
tramite movilidad portena;20
plan facilidades abl;20
curso administracion consorcios;20
mandaron;20
infraccion pagar;20
lluvia;20
verificar cuenta;20
hago validar identidad;20
perdida tiempo;20
neurodesarrollo;20
cambiar titularidad;20
deja ingresar pagina;20
indumentaria;20
multa mal;20
turno sacar licencia;20
turno confirmo;20
sacar turno audiencia virtual;20
ministerio publico fiscal;20
subterraneo;20
sexo;20
especialidad turno previo;20
suicidio habitacional 690;20
respuesta automatica encuentro licencia trabajo llamar federico 1167173826 tarjetas 112641 7098 personal pueda contestare whatautoai;20
holabuenas;20
callate;20
actualizar partida;20
figura;20
espacios verdes;20
saco turno controlador;20
vecino;20
renovacion documento;20
cancelat;20
hacerme resonancia;20
subte jubilado;20
hago descargo multa;20
tenia turno hoy;20
historial infracciones;20
tirar lavarropas;20
curso barberia;20
experto;20
escombros obra;20
temas;20
alimentos;20
voti;20
puede hacer plan pago;20
semaforos;20
consultar dni;20
manipulacion;20
laboral;20
validar identidad forma presencial;20
resonacia;20
cuenta bloqueada;20
finalizado;20
dispositivo telepase;20
pedir turno salud;20
asesoramiento juridico;20
castracion animal;20
sube boleto estudiantil;20
factura vtv;20
segunda dosis dengue;20
espanol;20
hacer charla renovacion licencia conducir;20
turno vacunacion covid;20
pagar boletas;20
entradasba;20
licencia auto;20
complete;20
acto publico;20
retiraron;20
baches;20
escritura;20
telepase deudas;20
expo empleo barrial;20
turno adolescencia;20
diagnostico;20
circulacion microcentro;20
cloacas;20
cables;20
ensayo fila armonica;20
infrqcciones;20
infrscciones;20
ifracciones;20
telepasec;20
extraccion;20
pago vencido;20
taxis;20
mascotas castracion;20
vivo aires;20
llamada;20
noto;20
andis;20
dni perdido;19
residuos peligrosos;19
transferencia auto;19
error infraccion;19
retirar heladera;19
infranciones;19
guardia otorrinolaringologia;19
kiero sacar turno;19
buscar dni;19
curso recuperar puntos scoring;19
dermatologia infantil;19
confirmar turno hospital;19
reimprimir licencia;19
ver fotos;19
multa paga;19
sistema mierda;19
grabado cristales;19
descargar foto;19
autos mal estacionado;19
pagar turno;19
lucencias;19
revision multa;19
ecodopler cardiaco;19
subi;19
pedi ningun turno;19
ordenes medicas;19
electrodomesticos desuso;19
dni hija;19
vtv auto;19
solicitar poda;19
entrar argentina;19
denuncia comercio;19
seguimiento denuncia;19
gcba;19
pagar estacionar;19
citacion comparecer;19
infraccion moto;19
pude ingresar;19
numero telefono llamar;19
hacerla;19
hacer verificacion policial;19
pagar entrada;19
inscripcion docente;19
sos boludo;19
hablar soporte;19
solicitud copia plano;19
estimados;19
charla renovar licencia conducir;19
tramite renovacion;19
creditos viviendas;19
revaluacion examen practico;19
inscripcion talento tech;19
inscripcion ciudad bilingue;19
comprobante pago infracciones;19
horarios cesac;19
nooooooo;19
tramite vtv;19
registro conducir moto;19
sacar turno casamiento;19
botella amor;19
vaciado contenedor;19
turno presencial resolver infracciones;19
cambio juridiccion;19
hacer partida nacimiento;19
limpieza campana;19
uso indebido espacio publico;19
divertirme;19
deja registrarme;19
pase gratuito subte;19
pago tarjeta;19
realizar consulta;19
turno examen manejo;19
carnet discapacidad;19
ciudadania argentina;19
mensaje contiene siglas transcribirlas puntos;19
perdi documento;19
guardia pediatrica;19
queria hacer reclamo;19
link inscripcion;19
pago voluntario infraccion transito;19
facilidades pago;19
necesites;19
reimpresion registro;19
salgo;19
limpieza campanas;19
programa vivir casa;19
asacar turno;19
pedir partida;19
fin conversacion;19
puedes hacer;19
multas vehicular;19
llego cedula notificacion;19
permiso estacionamiento;19
infracciones mias;19
aprobado;19
hacer curso virtual recuperar puntos;19
reverificacion vtv;19
registro manejo;19
gobierno ciudad;19
vencimiento licencia conducir;19
pagar infracciones descuento;19
personal;19
patente multa;19
verificacion policial moto;19
formas pago;19
farmacia cesac;19
hago tramite;19
agentes transito;19
santa;19
dni virtual;19
primera vez saco;19
cambiar apellido;19
recordar turnos;19
retiro programado muebles;19
baja radicacion;19
funciona 147;19
simbolo internacional acceso;19
fecha vencimiento;19
turno patologia mamaria;19
multa prescripta;19
asociar cud tarjeta sube;19
impugnar;19
canse;19
patentes automotor;19
nueva;19
sacar turno registro civil;19
venta ambulante;19
nunca atendieron;19
error git existe dominio inscripto codigo sql 100 recurso avmv;19
dar baja multa;19
renovacion licencia turno;19
resonancia turno;19
clases;19
bicicletas;19
costo acarreo;19
atienda operador;19
precio entrada ecoparque;19
dinero;19
tramite registro civil;19
retiro tarjeta ciudadania portena;19
pagar patente auto;19
estacionaron garage;19
verdad;19
vivo provincia aires;19
nop;19
cargan ciudadania portena;19
validar celular;19
puede hacer;19
obtener certificado domicilio;19
confirmar turno odontologia;19
sacar partidas;19
noche museos;19
sidale;19
hospital borda;19
renovar sube;19
telepasse;19
protocolos escuelas;19
pagar multa mercado pago;19
sacar turno juez faltas;19
descargar boleta abl;19
holter;19
arreglar luces;19
chsu;19
presentar recibo alquiler;19
consulta legajo;19
entro tad;19
multa vehicular;19
turno hospital elizalde;19
persona turno;19
telepase funciona;19
debo patente;19
gente durmiendo calle;19
dar baja tramite;19
ayuda telepase;19
sacar turno hospital publico;19
retirar termotanque;19
neurologa;19
hacer pago voluntario infracciones;19
holabuen;19
plan pagos vencido;19
hablar alguien humano;19
tomografia turno;19
mayores;19
eco;19
oye;19
resultado tomografia;19
descargar infracciones;19
infracciones provincia aires;19
redir recibo;19
entra;19
infraccion multa;19
puede estacionar aqui;19
tapando garage;19
sacar turno endocrinologo;19
seguir solicitud;19
partida digital;19
estafas;19
cursos electricidad;19
comprobante pago multa;19
hospital oftalmologico;19
ingresar clave ciudad;19
mas infracciones;19
controladores;19
sacar turno otorrinolaringologia;19
turno cambiar;19
deuda tele pase;19
computacion;19
electroencefalograma;19
reconocimiento;19
unipase;19
reportar mal estacionamiento;19
ayer;19
retiro objetos desuso;19
turno mascota;19
persona juridica;19
turno renovacion cud;19
chupala;19
cerrar cuenta;19
estudios sangre;19
infracciones turnos;19
verga;19
requisitos renovar licencia;19
facilidades;19
estomatologia;19
infantil;19
mul;19
turno odontologia pediatrica;19
cedetc;19
recibi multa;19
turno polisomnografia;19
lado izquierdo puede;19
tercera movimiento;19
infraccio;19
hospital oftalmologico santa lucia;19
respuesta automatica atencion lun vie recibimos pagos comprobantes whatsapp enviarlos pagoexpensasbyzgmailcom emergencias 5963 7889 whatautoai;19
chatear ausa;19
expedientes;19
tabaquismo;19
contactarme;19
hospital alvares;19
cerra;19
cedac;19
arreglo;19
turno lugar;19
verificacion policial vehicular;19
respuesta automatica escribir consorcios medio atendemos recibimos mensajes texto atendemos llamadas audios whatsapp horario atencion telefonica celular directo lun vie 900 1300hs urgencias llamar directamente 2000hs enviar comprobantes pago pagoscrconsorciosgmailcom aclarar edificio depto cochera baulera whatautoai;19
cesetac;19
ignacio;19
cancela turno;19
guardia hospital;19
contesta;19
remis;19
hacerlo online;19
valuacion fiscal homogenea;19
laboratorios;19
vtv remis;19
velez;19
villa urquiza;19
tocoginecologia;19
multa descargo;19
descargar acta infraccion;19
infr;19
embarazada;19
exencion discapacidad;19
abogados;19
ecografia renal;19
renta inmobiliaria;19
telepasr;19
bus;19
uba;19
doble bacteriana;19
denuncia infraccion transito;18
corte calle;18
hacer rendir recibo;18
retencion registro;18
orientacion vocacional;18
titulo automotor;18
licencia manejo;18
viaje;18
museo miju;18
turnos pediatra;18
termine tramite;18
corte raices;18
ahora bien;18
blanqueo cuenta mibahola;18
taller memoria;18
renovar dni hijo;18
campana;18
yyyy;18
malo;18
subsidio jubilados;18
denuncia policial;18
perdi titulo secundario;18
turno durand;18
secuestro auto;18
capo;18
bien sigamos;18
dice resolver controlador;18
reclamo pago;18
regrabado autopartes;18
falta turno;18
renovar documento identidad;18
pasar;18
paga estacionamiento;18
primera dama;18
vacuna antirrabica perros;18
turno proctologo;18
consulta deuda patente;18
cortes calles;18
solicite turno;18
adicion apellido;18
resultado resonancia;18
renovar licenci;18
turno ecocardiograma;18
necesario;18
interjurisdiccional;18
boleta infracciones;18
apelar multas;18
confirmacion;18
sacar turno hospital pena;18
acta completa;18
debo pagar;18
hoy tenia turno;18
marketing;18
remedios;18
ddjj anual administradores consorcios;18
escombros via publica;18
autos abandonado;18
sos idiota;18
extravio licencia conducir;18
confimar turno;18
estacionaf;18
ninguna opciones;18
necesitas atenderte ayudarte sacar turno centros salud accion comunitaria cesacs chequeos consultas hospitales publicos urgencias casos complejos vacunatorios calendario centros diagnostico tratamiento alta complejidad cedetac estudios diagnostico imagen;18
deja acceder;18
revaluacion;18
pude resolver;18
residuos tecnologicos;18
boletin escuela;18
estacionar pagar;18
estacionar cerca;18
hacer hoy aires;18
estqcionar;18
turno controlador infracciones transito;18
recibos;18
violencia laboral;18
vacunarme covid;18
ciudadania porten;18
test vih;18
turno gineco;18
pilas;18
turno oftalmologia hospital santa lucia;18
datos necesitas;18
error git existe cuit informada codigo sql 100 recurso git0000;18
renovar livencia;18
voluntariados;18
turno siquiatra;18
quedo pendiente;18
turno cirugia general;18
botif;18
actividades fin semana;18
andate concha madre;18
abren inscripciones;18
agendar turno controlador;18
abl boletas;18
denunciar moto mal estacionada;18
polideportivo parque patricios;18
vehiculo mal;18
turnos cedetac;18
pedo;18
inmueble;18
supuesto;18
envie;18
enviaron;18
ver partida;18
guardia oftalmologica;18
personas discapacidad;18
visita guiada teatro colon;18
beneficiario ciudadania portena;18
deja entrar miba;18
ayudes tramites;18
renovacion licencia conducir caba;18
turno licencias;18
inscripcion policia ciudad;18
talleres memoria;18
inscripcion talleres;18
sacar turno cedetac;18
sacar turno infectologia;18
cambiar turno licencia;18
turno sube escolar;18
turno curso vial;18
guardia ginecologica;18
pagar legajo;18
ciudad portena;18
app funciona;18
turno fiebre amarilla;18
pagar multas line;18
agregar apellido;18
sacar partida;18
dice pesos;18
solucionas;18
turno hematologo;18
rechazar resolucion controlador;18
retenido;18
lic conducir;18
sabes isidoro canones;18
hacer charla renovacion;18
entrega indumentaria;18
portal turnos;18
turno gutierrez;18
descargo controlador;18
cancelar verificacion policial;18
reclamar infraccion transito;18
patentes deuda;18
menu escolar;18
turno ergometria;18
inservible;18
ecografia transvaginal;18
reposicion sube estudiantil;18
sacar licencia conducir moto;18
turno ecodopler;18
psicofisico;18
estacionar gratis;18
hablar personas;18
retirarlo;18
licenciaa;18
atencion espontanea;18
colchones;18
espero respuesta;18
llego ningun mail;18
prestacion retiro escombro;18
turno hora;18
puede estacionar calle;18
esperando hablar alguien;18
cesto papelero;18
debe resolver controlador;18
holu;18
actividades culturales;18
hospital odontologia jose duenas;18
luces;18
corregir;18
turnoooo;18
retiro bolsas escombro;18
deuda patente auto;18
plan pagos abl;18
sacar turno electrocardiograma;18
turnos manana;18
ensayos orquesta filarmonica;18
clima manana;18
retirar lavarropas;18
valido identidad miba;18
reasignar puntos;18
deja pagar multa;18
respuesta automatica bienvenidao generic pharma momento podemos atender brevedad llamaremos;18
infraccion trancito;18
turno tornu;18
importe;18
atiende;18
estacionr;18
holap;18
libre infracciones;18
chacabuco;18
recien nacido;18
sacar turno hospital zubizarreta;18
uds;18
cursos cortos;18
nacionalidad;18
deja entrar sitio;18
turnos dentista;18
medio;18
acta inspeccion;18
averiguar turno;18
retiro escombros obra;18
salud ginecologia;18
pedido urgente;18
estacionamiento indebido;18
comunicarme 147;18
licitaciones;18
patrocinio;18
trabajar agente transito;18
castraciones gratuitas;18
motriz;18
atiende nadie;18
contrasena miba;18
fachadas;18
renuevo;18
poronga;18
debo hacer vtv;18
hospital ramon carrillo;18
pasaporte renovacion;18
estacionamiento progresivo;18
medico cabezera;18
sacar turno mama;18
hacer ciudadania portena;18
cambiar numero telefono;18
manana asueto;18
pago boluntario;18
academia emprende;18
estacionar ahora;18
hablar equipo;18
calle rota;18
subir recibo;18
imprimir boleta pagar;18
partido;18
historial pagos;18
cobro telepase;18
renovar lucencia;18
holab;18
programa cultural barrios;18
vacuna perros;18
cursos disponibles;18
ciudadanai portena;18
becas secundario;18
infrcciones;18
caso;18
turno estudios medicos;18
casamientos;18
yola;18
turno dni express;18
deja crear cuenta;18
sacar turno videollamada controlador;18
verificacion tecnica;18
duplicado titulo secundario;18
fonoaudiologa;18
dis;18
gratuitos;18
seguir esperando;18
pude entrar;18
infraccion vehiculo mal estacionado;18
bache calle;18
centro diagnostico cedetac;18
turno hospital odontologia;18
reductor velocidad;18
tele consulta;18
inscripcion ciclo lectivo 2027;18
hospital ricardo gutierrez;18
verificar;18
infracciones telepase;18
facturas telepase;18
descargarla;18
contralor;18
rabia;18
turnos oftalmologo;18
operator;18
graciassssss;18
volve;18
rurno;18
estacionamieto;18
infraccionrs;18
escombros voluminosos;18
becas alimentaria;18
tramitar certificado;18
veraz;18
cobro peaje indebido;18
ctac;18
slaud;18
recoleccion restos obra;18
infracciones varias;18
telepases;18
turnos resonancia magnetica;18
pap;18
multss;18
consulta van cancelar programa ciudadania portena laboral cerraron cooperativas firmamos acuerdo estan olvidando viviamos ingreso llegamos fin mes;18
grafitis;18
chip anticonceptivo;18
reparacion luminaria;18
cardilogia;18
rcp;18
viri;18
lei;18
aprobe charla;17
recupero puntos scoring;17
resolver uacf unidad administrativa control faltas;17
ver patente;17
informacion turno;17
cambiar lugar contenedor;17
audiencia virtual infraccion transito;17
domicilio fiscal electronico;17
hospital ojos;17
mas turnos;17
ciudadania portena tarjeta consulta;17
curso recuperacion puntos;17
andate puta pario;17
multa estacionamiento;17
comunico;17
actualizacion acta matrimonio;17
carteles;17
busqueda trabajo;17
hector;17
reparacion celulares;17
estacionamiemto;17
ensayo filarmonica junio;17
valido identidad app;17
realice charla;17
serviste;17
salud oftalmologia;17
ampliacion licencia moto;17
ver detalle infraccion;17
cis;17
miercoles;17
parques;17
estacionando;17
pasame operador;17
paga multa;17
licencia interjuridiccional;17
turno medica clinica;17
cursos gobierno ciudad;17
mas telepase;17
habil;17
tramitar nuevo dni;17
contestas;17
turno veterinaria;17
boleto terciario;17
ver video;17
atencion 147;17
mensaje momento disponibles responderemos tan pronto regresemos horario servicio martes domingo 1100 viernes sabado domingo hacemos repartos dentro barrio flores;17
donar mueble;17
abitacional 690;17
sacar turno multa;17
parador;17
tirar sillon;17
turno cambiarlo;17
remocion;17
resonancia cedetac;17
hoala;17
lamento confusion canal ventas elemental outfit manejamos tramites publicos;17
clases canto;17
buepp descuento;17
pedi partida nacimiento;17
pagar multa caba;17
talento tech adultos;17
infracciones audiencia;17
entrar agip;17
legajo vencido;17
vista;17
hice denuncia;17
programa adultos 2000;17
atencion virtual;17
vacunarme gripe;17
sacar entradas miju;17
pedir semaforo;17
universitarios;17
pagar acarreo;17
aumentar nivel seguridad;17
terminar secundario online;17
transporte cud;17
partida nacimiento gratis;17
multas transito caba;17
blanqueo cuenta mibablanqueo cuenta miba;17
turno sacar licencia conducir;17
subir;17
valido;17
cuanto sale vtv;17
respondeme json;17
hablar operadora;17
curso virtual scoring;17
beneficios cud;17
abl pagar;17
conseguir empleo hermano discapacitado;17
vereda sucia;17
ahablar cedetac;17
retiro residuos obra;17
colon barrio;17
retiro residuos poda;17
deudas multas;17
resultado test;17
hacer hoy caba;17
solicitud retiro;17
violencia;17
estudiantes;17
pagar renovacion licencia;17
camaras seguridad;17
educacion financiera;17
vender;17
nuevo tramite;17
carnet manipulacion;17
pelotudos;17
audiencia infracciones transito;17
nomuchas;17
llego multa vehiculo;17
nivel primario;17
tarjeta ciudadana;17
pude hacer;17
boletin estudiantil;17
pase libre discapacidad;17
ampliacion moto;17
moto mal estacionado;17
especialidades turno previo;17
recuerdo contrasena;17
ecografia ginecologica;17
laboratorio sangre;17
hacer aplicacion;17
mandame stickers;17
turnos agendado;17
objetos voluminosos;17
pagar multas auto;17
hacer pago voluntario multas;17
cambiar mail principal;17
mensaje momento podemos responder haremos posible equipo profesional cis retiro;17
becas estudiantes;17
numero telefonico;17
sacarme sangre;17
multar;17
reclamo abl;17
verificacion automotor;17
sacar turno estudio;17
cursos gastronomia;17
maternal hijo;17
denuncia vehiculo abandonado;17
inscripcion curso ingles;17
consultar multas hacer descargo forma presencial;17
hablar alguien fisico;17
sacar turno casa cuna;17
solicito audiencia;17
turnos presencial;17
dni tramite;17
inclusion laboral;17
servicios cercanos;17
sacar turno castrar gata;17
denunciar trapitos;17
holaaaaaa;17
horarios ecoparque;17
declaracion jurada docente;17
blanqueo cuenta mibaa;17
lineas;17
abortar;17
envio telepase;17
maderas;17
cuales requisitos;17
inscripcion colegio;17
espero rato;17
llego email;17
pesima atencion;17
extravio patente;17
cursos computacion;17
licencia motos;17
pagar ahora;17
hacerlo presencial;17
turno consulta;17
diseno grafico;17
fondo ojo;17
multas infraccion;17
descarga;17
estudio sangre;17
turno dengue;17
senalizacion;17
infraccion mal estacionamiento;17
obtengo nivel;17
pedir turno oftalmologia;17
turno retirar auto;17
entrada eco parque;17
coche;17
hospital moyano;17
numero atencion cliente;17
lengua senas;17
cruce peligroso;17
sistema;17
truno;17
turno lagleyze;17
acceder pago voluntario;17
dani;17
duenas;17
camion;17
certificado vacuna covid;17
sacar turno juzgado faltas;17
residuos especiales;17
inscripciones escuela;17
retiro residuo voluminoso;17
materias;17
titular auto;17
cededac;17
operacion;17
entradas obelisco;17
copia certificado convivencia;17
programa abrazar;17
turno virtual controlador faltas;17
sacar turno presencial infracciones;17
horario ecoparque;17
mando;17
mar plata;17
funcionando linea;17
exencion pago vtv;17
actualizada;17
english;17
denuncio;17
edtacionamiento;17
oncologo;17
bilingue;17
llego telepase;17
realizar tramite;17
resultados sangre;17
cortes;17
lisencia;17
tarifa estacionamiento;17
inicie sesiones;17
cedetat;17
licencia vencio hace mas ano;17
complicado;17
vacaciones invierno escuela;17
nesecito hablar alguien;17
turno presencial agip;17
arevisar multas;17
licencia inhabilitada;17
odontologos;17
reubicar;17
clases natacion;17
ezeiza;17
raro;17
canto;17
habalr alguien;17
infracciones vehiculos;17
subcidio abitacional;17
manejar;17
concurso residencias;17
gracuas;17
impuesto;17
solicitar turno salud;17
pagar pago facil;17
activar tele pase;17
turno ahora;17
creditos hipotecarios;17
costo tramite;17
reposicion;17
infacciones;17
turno direccion general administracion infracciones;17
certificado valuatorio;17
util;17
primer dni;17
hagan;17
cordon pintado amarillo;17
confirme turnos;17
pagar patente automotor;17
inftacciones;17
cambiar fecha vtv;17
resolvi problema;17
multa pagada;17
vidrio;17
turnos presenciales;17
llevaron vehiculo;17
ecoparque entradas;17
ver recibos sueldo;17
cuota alimentaria;17
quisiera hacer descargo;17
deja hacerlo;17
feriado manana;17
telefono ecoparque;17
deuda telepeaje;17
anular infraccion;17
charla aprobada;17
sacar turno controlador multas;17
estan bien;17
gata;17
titulos;17
consultar multas patente;17
hos;17
renovarla;17
circulacion;17
gruas;17
temperatura;17
validar identidad presencial;17
quisiera multas;17
hacer vacaciones invierno;17
total multas;17
cobros;17
castraciones gatas;17
atendido;17
claves;17
asesoria legal;17
apto psicofisico;17
arbol caido;17
factura agip;17
bien anotado;17
renovar licencia conducir caba;17
auditoria;17
fila armonica;17
cancelar turno dni;17
subcidio 690;17
salio mal;17
crear miba;17
iniciar validacion;17
vep;17
verificacion policia;17
estacionar zona;17
residuos programados;17
doble fila;17
licencia consucir;17
forros;17
pedir turno infracciones;17
multa corresponde vehiculo;17
visitas;17
maria curie;17
carrera;17
sicologia;17
cinemometro;17
dni ejemplar;17
arboleda;17
turno ramos mejia;16
entradas gratis;16
mas cultura;16
sanidad fronteras;16
queria consultar infraccion;16
sacar sube;16
denunciar robo;16
resolver multas controlador transito;16
revisar infracciones transito;16
residuos via publica;16
certificado reincidencia;16
oftamologo;16
pagar buepp descuento;16
registro sube;16
instituto vivienda ciudad;16
multa provincia;16
reagendar;16
recoleccion objetos voluminosos;16
clases ingles;16
retiro cosas;16
curso lenguas;16
entrar pagar;16
teatro san martin;16
ver acta multa;16
empecemos;16
turnos registro civil;16
buena semana;16
20695927;16
solucionar multa;16
pagar multas presencial;16
parque avellaneda;16
zona;16
eventos ninos;16
consultar abl;16
multa dni;16
inscribirme curso ingles;16
funciona web;16
turnos cgp;16
certificado dominio;16
licensia conducir;16
monotributo social;16
pagar unas multas;16
hiv;16
circular;16
acarrearon;16
clave miba nivel;16
islas digitales;16
plano departamento;16
prescripcion infracciones;16
consultar patentes;16
manipulacion alimento;16
contame escuela invierno;16
sacar turno cgp;16
exceso velocidad;16
retiro residuos programado;16
boletas patente;16
charla registro;16
doctor cabecera;16
anteojos gratis;16
infraccones;16
restos poda domiciliaria;16
permiso conducir;16
hotel;16
grabado auto partes;16
turno examen teorico;16
turno holter;16
constancia ultimo domicilio;16
pagar multa pago voluntario;16
horario visita;16
autopistas urbanas;16
pagar dni;16
rmn;16
hosteleria gastronomia;16
oftalmologia santa lucia;16
donacion sangre;16
infracciones pendientes pago;16
pagar multas caba;16
turno hospital maria ferrer;16
turno urgente;16
nivel3;16
otorgamiento licencia moto;16
educacion inicial;16
boleto superior;16
precio entradas;16
estacuonamiento;16
entradas eco parque;16
aprende bien concha madre mierda;16
turno vacunacion antigripal;16
costura;16
terapia;16
venta;16
perdon confundi;16
ingles barrios;16
pagar multas pago voluntario;16
rios;16
sacar turno psiquiatra;16
legalizar analitico secundario;16
orquesta filarmonica colon;16
genero bui;16
salir bot;16
retencion auto;16
digas;16
sacar turno resolver videollamada;16
obtener partida nacimiento;16
agradecida;16
pagar partida;16
negativa anses;16
sacar turno matrimonio;16
auto nombre;16
hago reclamo;16
turno pavon rios;16
querido;16
sacar turno obstetra;16
hacer pago voluntario infraccion;16
vigencia licencia;16
tramite subte;16
perdi registro;16
turno presencial comuna;16
ecotacho;16
palacio ceci entradas;16
denuncia obra construccion;16
valor multas;16
precio dni;16
propuestas culturales;16
sacar turno tribunal faltas;16
lado derecho puede;16
playa;16
denuncia venta vehiculo;16
distrito caba;16
turno hacer descargo;16
puede hacer pago voluntario;16
renovar pase;16
turnos hospital santa lucia;16
escuelas tecnicas;16
rendicion recibo subsidio habitacional;16
inada;16
blanque cuenta miba;16
sos respondeme json;16
hablar controlador multa;16
ampliar;16
curso gerontologia;16
cambio domicilio registro conducir;16
planes;16
cambio email;16
mensaje momento podemos responder haremos posible queres conocer mas dejamos link httpswwwinstagramcomemunahpapeleriaigshmxqynhphbg5ybxfreq;16
retina;16
denuncia administrador consorcio;16
turno controlador virtual;16
mano izquierda;16
recoleccion residuos programada;16
turno endoscopia;16
descargarlo;16
equivoco numero;16
registro digital;16
turno renovar licencia taxi;16
plan;16
luz calle;16
cuanto sale acarreo;16
chicos;16
calidad identidad;16
retiro esconbros;16
sacar turno analisis sangre;16
acuerdo contrasena;16
hospital lagleyse;16
andate cagar;16
inscripciones 2027;16
sacar libre deuda multas;16
direccion general administracion infracciones;16
lincencias;16
visitas guiadas palacio ceci;16
turno apto fisico;16
duplicar licencia;16
sacar constancia domicilio;16
ex202619373796 gcabadgajur;16
chupa pija;16
turmos;16
dalee;16
controlador faltas transito;16
haciendo ciudad trapitos;16
botig;16
quisiera hablar controlador;16
atencion presencial;16
dar alta patente;16
sicol;16
corrientes;16
constancia divorcio;16
sacar acta nacimiento;16
colon gratis;16
cuanto cuesta entrada;16
carga descarga;16
vacunar fiebre amarilla;16
curso licencia conducir;16
podes ver toda informacion productos precios medios pago sitio wwwcooltechar favor consultame necesites;16
boletin calificaciones;16
retirar vehiculo retenido;16
lineas subte;16
doctor;16
certificado estudios;16
sacra turno;16
jodas;16
punto verde movil;16
enfermera;16
solicito retiro escombros;16
cambio genero;16
tramite pasaporte;16
llamar telefono;16
hago nivel;16
tramites obras;16
cacelar;16
comer;16
mulatas;16
revisar turnos;16
dice error;16
tarjeta habitacional;16
talleres adultos mayores;16
infracciones presencial;16
vacunas mascotas;16
entrar bax;16
camion mal estacionado;16
turno papa;16
informacion multa;16
toca hacer vtv;16
turnos hospital gutierrez;16
tarded;16
infracion transito;16
tramite presencial;16
exenciones;16
feliz;16
nueva especialidad;16
consulta turno salud;16
atencion publico;16
preguntas;16
depositaron ciudadania portena;16
hacer denuncia ruidos molestos;16
turno neurocirujano;16
comprobantes vencidos;16
remitieron vehiculo;16
buenss;16
aprender italiano;16
turno primera vez;16
chat operador;16
renovacion manipulacion alimentos;16
polideportivo martin fierro;16
estudio imagen;16
turno presencial regimiento patricios;16
recoleccion muebles desuso;16
turno hospital oftalmologia santa lucia;16
estudio mamografia;16
reclamos infracciones;16
museo quinquela martin;16
postularme;16
monto infraccion;16
entregue;16
plan pagos multas;16
habilitacion local comercial;16
ver puntos;16
devolucion pagos;16
centro diagnostico tratamiento alta complejidad cedetac;16
modo online controlador faltas;16
imprimir boletas infracciones;16
pasame link;16
multas videollamada;16
esicol;16
silvia;16
reclamos multas;16
consulta presencial;16
otorrinonaringologia;16
renovar locencia;16
equivocaron numero;16
sacar turno hospital santojanni;16
puedes ayudar;16
permiso viaje menor;16
siempre mismo;16
vence agosto;16
turnos verificacion policial;16
zonosis;16
cursos formacion;16
llego tarde;16
cambiar turnos;16
hospitales turnos;16
enviar recibo;16
recupero;16
retenciones;16
consultar scoring;16
pre quirurgico;16
avellaneda;16
soporte tecnico miba;16
consultar multas infracciones;16
problemas validacion cuenta miba solicito ser derivado representante recibir asistencia personalizada;16
sigeci;16
fiab;16
vete ala verga;16
costos;16
estacionsmiento;16
esconbros;16
meni;16
polideportivo pomar;16
contactar operador;16
telpase;16
residente;16
anonimo;16
pileta parque chacabuco;16
turnos otorgados;16
impresion;16
forma pago;16
hospital ninos gutierrez;16
jhj;16
luminaria apagada;16
tramite partida;16
vfh;16
imprimo;16
reportar problema;16
moratoria patente;16
hacer biometria;16
actas nacimiento;16
esperando respuesta;16
curso cocina;16
cierro;16
arciba;16
2000;16
jol;16
porfa;16
domiciliario;16
sacar turno hacerme dni;16
turno oftalmologia pediatrica;16
cirujia plastica;16
hablar controlador humano;16
turno mascotas;16
lanus;16
villa;16
visitar palacio ceci;16
hospital ferrer;16
patente infracciones;16
pedir turno odontologia;16
licencia conducir vigente;15
infraccion cometi;15
vacuna vph;15
bhola;15
historial medico;15
circular microcentro;15
linea 147;15
ciudadania nortena;15
turnos hospitalarios;15
turno control faltas;15
pague infracciones;15
robaron dni;15
consulta scoring;15
feria mataderos;15
nuevo codigo;15
hacer natacion;15
audiencia virtual infracciones transito;15
queria sacar turno medico;15
castracion turnos;15
podamos arboles;15
persona durmiendo calle;15
realizar multas;15
turno infracciones caba;15
cuanto pago voluntario;15
pagar infracciones presencial;15
sacar turno vacunatorio;15
precio ecoparque;15
contenido jovenes;15
turno descargo infraccion;15
tener audiencia;15
renovacion licencia conducir profesional;15
ojo;15
cancelar vtv;15
500;15
esperando llamada;15
cursos talleres;15
cargaron tarjeta ciudadania portena;15
chequeos consultas;15
hacen trapitos;15
cambio correo electronico;15
obstruccion vereda;15
cambiar turno renovacion licencia;15
inscripcion recien nacido;15
desbloquear;15
cobraron mal peaje;15
deuda auto;15
solicitar partidas;15
podar arboles;15
registro publico administradores;15
clausura obra;15
llevar renovar dni;15
robot;15
numero partida inmueble;15
renovar licencis;15
reporto error;15
especialidad turno;15
vacunar covid;15
ver boletin hija;15
horario linea;15
lenguaje senas;15
estacionamiento prohibido;15
encuentro tramite;15
tenia;15
exento;15
pedir pago voluntario;15
pedir turno vtv;15
colegios;15
okok;15
queria infracciones;15
resonancia magnetica cerebro;15
multas pendientes;15
fiebre amarilla vacuna;15
gracais;15
cursos italiano;15
certificado pobreza;15
abl agip;15
turno castrar perra;15
inscripcion policia;15
visitas articuladas club atletico boca juniors quinquela arte... pasion multitudes;15
becas media;15
acceder cuenta miba;15
sacar turno favor;15
ensayo filarmonica anos;15
recuperar cuenta argentina;15
camino;15
sacar turno cirugia;15
sacar nuevo dni;15
termine charla virtual;15
curso recupero puntos;15
hospitales cesac;15
queria turnos;15
vehiculo mal estacionados;15
acta infraccion transito;15
anda app;15
sacar tirno;15
bsas;15
trabajo ciudadania portena;15
depositan ciudadania portena;15
analisis clinico;15
seguridad nivel;15
verificacion tecnica policial;15
boletin primaria;15
esperando turno;15
hacerme resonancia magnetica;15
dni horas;15
eco bici;15
alta medica;15
parkinson;15
pago multas transito;15
equipoba;15
verlo;15
consulta pediatria;15
servis mierda;15
pagar multa controlador;15
ver todas;15
mes;15
queria consultar turno;15
primera licencia conducir;15
hospital quemados;15
interjuridiccional;15
pago deuda;15
fines semana;15
nunca aires;15
sacar turno renovacion registro conducir;15
comercios adheridos;15
puede cambiar fecha;15
ser agente transito;15
cuantos puntos licencia conducir;15
posponer turno;15
siudadania portena;15
adopcion perros;15
sube jubilado;15
resultados estudios medicos;15
informe infracciones;15
atencion guardia;15
geriatricos;15
infracciones vehicular;15
plantear defensa infraccion;15
psicologia infantil;15
inscripcion pase cultural;15
vigencia vtv;15
consultar padron;15
menores;15
turno infraciones;15
cable caido;15
comunicado devolucion;15
turno mastologia;15
turno examen;15
cuidad;15
actualizar matricula;15
cosas;15
reprogramacion turno;15
pague multa sigue apareciendo;15
sacar turno pasaporte;15
discutir infraccion;15
entrada gratuita;15
escombros retirar;15
consultar multas hacer descargo video llamada;15
discutir multas;15
donar libros;15
verificacion policial turno;15
lineas colectivo;15
escuela maestros;15
jodiendo;15
actividades adultos mayores;15
descargar documento;15
tramite emova;15
turno salud cesac;15
otorgamiento registro conducir;15
pagar menos;15
dijiste;15
castracion turno;15
sacar turno videollamada controlador transito;15
parque manuel belgrano;15
estudios clinicos;15
inscripcion curso manipulacion alimentos;15
sas;15
sacar certificado nacimiento;15
ver cursos;15
quedo;15
mensaje responderemos dentro horario atencion;15
hacer vtv auto;15
luis pasteur;15
hojas;15
turno hospital quemado;15
cambiar turno licencia conducir;15
turnos online;15
beneficiario;15
centro atencion sube;15
turno sacar registro conducir;15
turno partida nacimiento;15
ver boletin;15
vayanse mierda;15
solucionar multas;15
cambiar turno renovacion registro;15
telefono comisaria;15
cobran entrada;15
turno ecografia transvaginal;15
recoleccion poda domiciliaria;15
todavia turno;15
inscripcion escuela primaria;15
beneficio jubilados;15
turno retirar tarjeta ciudadania portena;15
pagar forma presencial;15
llevaron moto;15
auto estacionado garaje;15
denuncia perdida dni;15
solucionar;15
pagar credito;15
rectificacion partidas;15
tutnos;15
partido nacimiento;15
tramite certificado domicilio;15
eventos manana;15
aires aprende;15
abonar infraccion transito;15
chistes;15
matate;15
hhh;15
controlador infraccion;15
cuenta ciudad;15
creo cuenta;15
retuvieron;15
retencion vehicular;15
renovacion emova;15
turno espinograma;15
andrea;15
turno online controlador faltas;15
ver estacionar;15
habilitacion remis;15
sacar turno hospital lagleyze;15
costo renovacion dni;15
cobraron peaje pase;15
consulta dni;15
certificado domicilio real caba;15
pago descuento;15
gustaria sacar turno;15
multas audiencia virtual;15
castraciones perros;15
agendar cita;15
cloaca;15
estetica;15
autopistas;15
baja tramite;15
terminar tramite;15
sacar turno pagar;15
alquileres;15
pasame humano;15
turno clinica;15
16072026;15
llame;15
sacar turno sacar licencia conducir;15
unidad controladora;15
renovar licensia;15
turno nedico;15
auto mas estacionado;15
lavar contenedor;15
confirmar turno cardiologia;15
monumentos turismo;15
motivo;15
primer pasaporte;15
resolver video llamada;15
desechos;15
significa cumplido;15
registrar tarjeta sube;15
pago boleta bui;15
denunciar multa;15
manual conductor;15
colonia vacaciones invierno;15
revision;15
falta transito;15
denuncia online;15
veo multas;15
dni persona;15
pluvial;15
agente humano;15
solicitar pago voluntario;15
charla renovacion registro conducir;15
denuncia local;15
revisar multad;15
gineco;15
entrar aplicacion;15
independencia;15
jose duenas;15
hospital maria curie;15
pagar multa vehiculo;15
turnooo;15
revisar infraccion;15
plan pago abl;15
puede pagar;15
turnoo;15
consultar solicitudes;15
ves;15
iupi;15
blanquiamiento cuenta;15
turno psicologico;15
cambiar turno laboratorio;15
nivel superior;15
abel;15
charla virtual renovacion licencia;15
queria multa;15
sacar turno vacunarme;15
subte gratuito;15
notas;15
tab;15
danos obras;15
arreglo via publica;15
error patente;15
sacar turno hospital pinero;15
hablar juez;15
reeducacion vial;15
problemas cuenta;15
denunciar perdida dni;15
consultar vtv;15
hacer vtv mas;15
turno vehiculo;15
verde;15
retiraron escombros;15
turnos renovacion licencia conducir;15
retirar medicacion;15
quisiera sacar turno medico;15
infracciones pendientes;15
preceptor;15
renovacion dni menor;15
cursos ciudadania portena;15
sacar residuos;15
anda aplicacion;15
turno manejo;15
todas infracciones;15
pude solucionar;15
haberes;15
curso gasista;15
enviar solicitud contribuyente;15
tomar turno;15
lengua barrios inscripcion;15
centro cultural;15
certificado matrimonio actualizado;15
ile;15
amarillo;15
siempre;15
renovacion conducir;15
dgiur;15
turnos salid;15
turno retina;15
fondo metropolitano;15
remover escombros;15
portal empleo;15
renuevo dni;15
turno descargo multas;15
listo chau;15
nicho;15
turno oftalmologia infantil;15
mendoza;15
local;15
aplicacion miba;15
hacer pago voluntario multa;15
biu;15
rendir recibi;15
cuanto entrada ecoparque;15
agenda cultural eventos;15
certificado recidencia;15
dermatologia pediatrica;15
denunciar basura;15
encuesta;15
matricula apm;15
turnos casa cuna;15
confirmar turno oftalmologia;15
1230;15
isla digital;15
mundo gea;15
casa rosada;15
hospital bernardino rivadavia;15
corregir datos;15
dni mayor;15
formulario cud;15
colonoscopia;15
cambio usuario;15
entrega medicamentos;15
respondiste;15
tele pase activo;15
sacar turno patricios;15
castracion gratis;15
fumigar;15
iniciar secion;15
hhola;15
ritmos;15
uroginecologia;15
repara movil;15
test sabes app bax;15
soltate;15
multar auto;15
baja telepeaje;15
instrumentacion quirurgica;15
subsidio avitacional;15
holiii;15
ae410ga;15
siiiii;15
cetetac;15
cedetar;15
restriccion vehicular;15
olvide cuenta;15
contactos;15
linda;15
prueba;15
biblioteca digital;15
descuento subte;15
devolver contenedor;15
anular turno vtv;15
turnos registro;15
turno diabetes;15
tickets social;15
resuelven;15
sacar turno clinico medico;15
multa pague;15
ninez;15
ciudad llena trapitos estan haciendo resolverlo;15
cebetac;15
codigo urbanistico;15
entradas gratis teatro colon;15
solicitar acta matrimonio;15
hice necesitaba;15
controlador videollamada;15
turno madico;15
recuperar contrasena miba;15
sacta;15
daleee;15
sacar mueble;15
disponible;15
sos verga;15
pase cud subte;14
acepto turno;14
denuncial vial;14
comuna turno;14
sacar mueble calle;14
turnl;14
ayuda turno verificacion policial;14
pedir acta nacimiento;14
subte gratis jubilado;14
darme baja;14
actividades chicos;14
salud publica;14
confirmar turno vtv;14
cede;14
controlador faltas turno;14
sacar turno examen manejo;14
reserva espacio estacionamiento;14
nacionalidad argentina;14
hacer cuenta miba;14
turno video llamada controlador transito;14
entradas ensayo orquesta filarmonica teatro colon;14
ballets;14
retirar licencia conducir;14
autodromo;14
anular tramite;14
acarrearon vehiculo;14
nunez;14
atencion odontologia;14
contenedores verdes;14
reglamento copropiedad;14
saavedra;14
controlador faltas online;14
liberacion moto;14
renovar dni hija;14
retiro escobros;14
agentes recaudacion;14
pago multa transito;14
centro inclusion social;14
abona;14
renovar telepase;14
reposicion patente;14
scombros;14
certificado vacuna;14
toxicologia;14
agip turno;14
beca secundario;14
mas servicio barrio;14
visitas escolares;14
encuentro bui;14
reempadronamiento subte;14
saco turno vtv;14
baja impuestos pymes;14
recoleccion colchon;14
circunscripcion;14
once;14
sacar partida matrimonio;14
estacionamiento puerto madero;14
certificado primaria;14
codigo pago electronico;14
denunciar maltrato animal;14
inicie secion;14
curso marketing;14
atenderme cesac;14
resolver multa video llamada;14
lomas zamora;14
hacer descargo infracciones transito;14
autorizacion viaje menor;14
hora funciona linea;14
genero boleta;14
consulta multas transito;14
dni carta ciudadania;14
sacar entrada ver ensayos orquestas teatro colon;14
entrar aires;14
turno hospital odontologico;14
dar baja telepeaje;14
vienen;14
infraccion automovil;14
denuncia maltrato animal;14
escanear dni;14
legalizacion partida nacimiento;14
martes;14
tramite beca ciudad;14
paro trenes;14
infracciones encaba;14
hala;14
sacar cita;14
sacar turno hablar controlador;14
reclamo peaje;14
deudas infracciones;14
hospitales cesacs;14
actualmente podemos responder horario atencion lunes viernes 900 1800 sabados hste contactaremos mayor brevedad;14
solicitar partida matrimonio;14
consulta reclamo;14
eventos culturales;14
rutamur;14
mande foto;14
pagar online multa;14
estacionamiento hoy;14
audiencia controlador transito;14
cursos emprendedores;14
bonificacion;14
sacar multa;14
ofertas laborales;14
consultas multas;14
pago tarjeta credito;14
deja avanzar;14
factura ausa;14
mude caba;14
cursos oficios;14
pagina web;14
mal estacionados;14
villa crespo;14
documentacion presentar;14
hospitales publicos urgencias casos complejos;14
sacar turno pediatrico;14
consultas infracciones transito;14
comprobantes pago legajos vencido;14
mesa ayuda;14
mias multas;14
acta casamiento;14
resultado biopsia;14
cargue;14
averiguar infracciones transito;14
estacionamiento gratuito;14
pagar infraciones;14
retiro resto poda;14
sacar bolsas escombro;14
grabado;14
patente tapada;14
hospital general ninos pedro elizalde;14
espero turno;14
solo confirmar turno;14
auto grua;14
eventos noche;14
curso asistente gerontologico;14
atenderte hospital;14
mensaje momento responder hare posible seguime redes instagramcomleliamedinainmuebles facebookcomleliamedinainmuebles arlinkedincominleliamedinalatorre;14
beneficio subte;14
curso renovacion licencia;14
tramite verificacion policial;14
prevenar;14
hacer licencia conducir;14
multas turno;14
ascensor;14
app bax;14
mas anos;14
social;14
tai chi;14
comfirmo;14
turno medico hija;14
fanfest;14
encontrar auto;14
permitir estacionar;14
teleconsulta medica;14
denuncia via;14
motivo multa;14
chatear alguien favor;14
asi dale;14
acceso miba;14
ingles docentes;14
boleta pago cenat;14
solo multa;14
hockey;14
estacionar puede;14
resultados examen residencia;14
sacar turno renovacion;14
mensaje momento podemos responder horario consultorio lunes viernes 900 1500 hrs;14
estacionam;14
vigencia licencia conducir;14
auto garage;14
biopsia;14
desvincular;14
patentes auto;14
villa devoto;14
vehiculo removido;14
comfirmo turno;14
asistir turno;14
sos bax;14
funciona subte;14
foto auto;14
cenat pagado;14
ver mundial;14
tramites pendientes;14
completar formulario;14
hospital oftalmologia santa lucia;14
cemar3;14
subsidios habitacional;14
saud;14
entradas ensayo filarmonica teatro colon;14
consultar controlador;14
servicio consumidor;14
ver dni;14
lincencia;14
dar;14
ubicacion contenedor;14
descargo fotomulta;14
turno juez;14
turno policial;14
secundaria adultos;14
hospital ramos mejias;14
solucionaste;14
actividades hoy ciudad;14
pague ayer;14
aprende familia;14
apostillar partida;14
barberia;14
solicitud acta matrimonio;14
numero tag;14
inscripcion 2026;14
infraccionws;14
impugnar infraccion;14
pagar multa cuotas;14
retirar moto secuestrada;14
aires ciudad;14
espectaculos gratis;14
vehiculo abandonado via publica;14
sacar multas;14
habla alguien;14
gestionar turno;14
curso peluqueria;14
consulta oftalmologia;14
consulta turnos medicos;14
consulta clinica medica;14
averiguar infraccion;14
cansaste;14
puse;14
comprobantes legajo;14
atencion operador;14
fka934;14
bom;14
turno audiencia virtual infracciones;14
vacuna turno;14
turno cambio domicilio dni;14
museo ciencias naturales;14
turno roca;14
reparticion;14
multa dominio;14
descargo acta infraccion;14
visita articulada;14
turno hepatologia;14
hacerme mamografia;14
ahora sacar turno;14
borrar;14
hacer manana;14
sacar turno juez falta;14
ayudaron;14
puede reprogramar turno;14
infraccion equivocada;14
llego dni;14
cambiar hora;14
audiencias infracciones;14
total;14
recibi citacion;14
validar app;14
mal cobro;14
retiro contenedor;14
tuno medico;14
obras educacion;14
alergias;14
turno dni extranjero;14
cancer;14
cambiar turno manana;14
consulta solicitudes;14
recolectar escombros;14
licencia conduccion;14
pintar cordon;14
turnos hijos;14
reempadronamiento subsidio habitacional;14
ciudadani portena;14
imprimirla;14
mediacion comunitaria;14
haola;14
copia dni;14
turno ecografia tiroides;14
turno presencial infracciones transito;14
plaza activa;14
programas sociales;14
sirve chat;14
turno panoramica;14
examenes;14
internacion;14
sifilis;14
terror;14
beca escolar;14
veo tramite;14
retiro ramas poda;14
vender auto;14
reserva ecologica costanera sur;14
consultar turnos agendados;14
ramon carrillo;14
tramite renovacion dni;14
hacer constancia domicilio;14
inoperancia nivel noquis espectacular;14
cargaron tarjeta;14
puesto diarios;14
vicente lopez;14
desconocer multas;14
vehiculos mal estacionados abandonados;14
sacar tuno;14
cturnos;14
aguinaldo;14
descuento jubilados subte;14
fiscalia;14
evaluacion;14
sacar turno sesac;14
nino sano;14
siu;14
audiencia virtual controlador infracciones;14
pagar infraccion descuento;14
pase jubilado subte;14
sorete;14
panoramica;14
retiro muebles viejos;14
onfracciones;14
beca nivel medio;14
pagar pasaporte;14
vacunas anos;14
turno dalud;14
mover contenedor basura;14
prescribio;14
pago renovacion licencia;14
feria itinerante;14
sumideros;14
leer notificaciones;14
escribo patente;14
hacer descargo controlador;14
cursos lenguas barrios abiertos comunidad;14
apelar infracciones;14
das solucion;14
covid vacuna;14
dni urgente;14
turno fondo ojos;14
presurometria;14
presento;14
fiebre;14
turnos hijo;14
podria cambiar turno;14
reclamo subte;14
valide;14
anotarme tumo;14
tramitar pasaporte;14
hablar alguein;14
bueep;14
prevencion;14
subsidio subte jubilados;14
cuales habiles;14
turno ecografias;14
multq;14
pagar bui licencia conducir;14
velocidad maxima avenidas;14
alguna infraccion;14
reembolso;14
sacar turnos salud;14
alli;14
licenci;14
acceso denegado dice;14
turnos sube;14
cobra beca;14
sacar clave ciudad;14
orientacion;14
saco telepase;14
formulario verificacion policial;14
turnos renovacion licencia;14
vayanse cagar;14
defensoria;14
inscripciones secundaria;14
ddjj;14
turno rendir recibo;14
subte discapacitados;14
endoscopia;14
hospital marie curie;14
turno hospital pena;14
liciencias;14
turno controlador atiende videollamada;14
departamento;14
fecha audiencia;14
cpi;14
trades;14
fines;14
holaaaaaaa;14
lagleyse;14
juego;14
hablar algien;14
citas;14
termino;14
subtes hoy;14
turno hospital clinicas;14
extranjeros;14
consultar solucitud;14
maria;14
adjudicacion residencias medicas;14
sacar turno obstetricia;14
sia;14
cedera;14
uruguay;14
geriatrico;14
enof;14
detalles;14
bataxi;14
inscribirme cursos;14
comunicarte sirius soluciones edilicias momento podemos responder horario atencion horario lunes viernes mensajes recibidos horario leidos pedimos favor reenvies dentro horario atencion consulta reparaciones contactate 79440000 78420001 dudas consultas liquidaciones expensas comunicate 31155678 caso urgencias llama 25401234;14
inoperantes;14
solucione problema;14
boleto gratuito subte;14
queria cancelar;14
presentar documentacion;14
multa mal realizada;14
escobros;14
ensayos filamornica;14
derecho;14
grasia;14
recuperar turno;14
turno pista;14
registro deudores alimentarios;14
otorgar licencia conducir;14
cuanto debo;14
funciona mal;14
cambio direccion;14
fecha nacimiento;14
llega codigo validacion;14
traumatologia columna;14
consultar solicitud undefined;14
ets;14
rendicion;14
transferencia automotor;14
consultar estacionar;14
hibrido;14
hok;14
exencion vtv;14
descargo online;14
mecenazgo;14
cambiar patente;14
centros vacunacion;14
listo pague;14
agip patente;14
sofia;14
oficios judiciales;14
pude hablar;14
stop;14
gente;14
12345;14
eco mamaria;14
validacion datos;14
imfraciones;14
retirar pasaporte;14
infraccion controlador;14
jardineria;14
cirujano plastico;14
carlos;14
pap colpo;14
hoteleria;14
poste;14
actividades julio;13
turno muniz;13
realizar infraccion transito;13
infracciones capital;13
mal multa;13
danos obra;13
eventos vacaciones invierno;13
beca estudiante;13
sacar turno argerich;13
danza;13
avisame;13
renovar licencia conducir vencio hace tres meses;13
moto infraccion;13
plan adultos 2000;13
boleto estudiantil educacion superior;13
inscripcion inicial;13
union convivencia;13
santificado domicilio;13
gba;13
adoptar perro;13
pago line;13
enfrente jirafa mordillo contas mas;13
solucionar infracciones;13
consulta puntos licencia conducir;13
consultar licencia conducir;13
semana;13
centros formacion profesional;13
curso carpinteria;13
turno resolver infraccion transito;13
guardia oftalmologia;13
consulta virtual;13
turno tribunal falta;13
vacunar gato;13
numero seguimiento;13
servicio reclamo;13
actualizacion partidas nacimiento;13
momento disponibles mensaje recibido responderemos apenas volvamos horario atencion paciencia sennara indumentaria;13
infracciones libre deuda;13
orquesta filarmonica aires cumple anos;13
moto estacionada vereda;13
estacionar ubicacion actual;13
estacionar lado derecho;13
turnos proximos;13
automotores;13
ballet;13
mapa subte;13
tramite tarjeta ciudadania portena;13
curso online;13
senda peatonal;13
ver multas auto;13
ampliar registro conducir;13
ciudadania portela;13
ablar persona;13
constancia inscripcion iibb;13
validar datos miba;13
requisitos renovar licencia conducir;13
alta patentes;13
recogida escombros;13
sartificado domicilio;13
contacto controlador;13
cursos cocina;13
comprobante pago infraccion;13
renovarlicencia;13
tramites argentina;13
cambiar escuela;13
bolsa escombros;13
direccion turno;13
celu;13
obra ilegal;13
pueden dar turno;13
turno guardia;13
declarar domicilio;13
permite sacar turno;13
programar;13
renovar licencia profesional;13
accedo;13
vencio mas ano;13
respuesta automatica respuesta automatica comunicarse taxi base momentos mandar mensajes whatsapp marcela 62359626 abel 62359766 pulsa dedo numeros celeste lleva enlace whatsapp elegirnos whatautoai;13
arreglo calle;13
cambiar contenedor lugar;13
retiro mueble desuso;13
portal contribuyente;13
solicitar turno dni;13
lineas colectivos;13
sacar muebles;13
consigo turno;13
turno fonoaudiologia;13
suspende lluvia;13
hacer vereda;13
pasame;13
transporte escolar;13
cidadania portena;13
ver boleta abl;13
lejos;13
tarifa subte;13
descargo partida nacimiento;13
zoom;13
cursos informatica;13
habilitacion comercio;13
sacar certificado antecedentes penales;13
turno hospital lagleyse;13
puntaje licencia;13
blanquear clave miba;13
1130;13
109;13
certificado vacunas covid;13
entradas usina arte;13
veo turno;13
reclamo salud;13
hables;13
ampliacion licencias;13
licencia conducir cambio jurisdiccion;13
multal;13
veterinaria movil;13
vehiculo nombre;13
espacio reservado;13
hablar algun operador;13
paseo;13
terminar escuela;13
inscribirme adultos 2000;13
chantas;13
respondes;13
leb;13
seguimiento reclamo;13
tramite registro;13
exencion iibb;13
amarilla;13
turno vacunar;13
constancia residencia;13
sacar bolsas escombros;13
programa;13
beca alimentar;13
lugar estacionamiento;13
tramite realizado;13
infraccion veicular;13
turno union civil;13
sacar turno nutricionista;13
salud visual;13
zona sur;13
desconozco multa;13
turnos sube estudiantil;13
auto malestacionado;13
turno renovacion pasaporte;13
reprogramar turno licencia conducir;13
estan vencidas;13
vacunar mascota;13
anda miba;13
tomando pelo;13
edenor;13
habitacion 690;13
colocacion semaforo;13
auto infracciones;13
audiencia faltas;13
solicite partida nacimiento;13
turno disponible;13
oblea telepase;13
cancelar tramite verificacion policial;13
pedir subsidio;13
rapido;13
denuncia obra permiso;13
pagar deuda patente;13
contenedor residuos;13
evento fin semana;13
multa foto;13
paradas;13
solicitud acta nacimiento;13
mensaje momento podemos responder haremos posible horario atencion jugueteriachurrinchemitiendanubecom;13
pagar deuda patentes;13
telepse;13
centro diagnostico tratamiento alta complejidad;13
registros;13
plantacion;13
contactar deckologico momento podemos responder haremos posible wwwdeckologicocomar productos;13
duplicado registro conducir;13
certificado vtv;13
pagar nicho;13
resolvio pedido;13
seguimiento caso;13
sacar turno casarme;13
fecha cobro beca ciudad;13
monto pagar;13
partida nacimiento apostillada;13
plan pagos patentes;13
educacion adultos;13
terminar consulta;13
venta vehiculo;13
noooooooo;13
veo turnos;13
ver turno vtv;13
turno abl;13
adherirme boleta electronica;13
fecha multa;13
deja ingresar cuenta;13
baja multa;13
espero operador;13
solicito;13
hago tener nivel;13
sacar entradas eco parque;13
responden;13
ampliacion registro moto;13
dni argentina;13
duplicado licencias;13
turno moto;13
jjj;13
tramite habitacional;13
mayo;13
sacar turno medico hija;13
enferma;13
animal muerto;13
plan pago patentes;13
concha hermana;13
retire;13
nuevo ejemplar titulo secundario;13
remover vehiculo;13
licencia internacional;13
consegui turno;13
hgy;13
ver estudios medicos;13
momento ocupada dejame consulta comunicare brevedad;13
haces;13
pague cenar;13
tag telepase;13
ver comprobante;13
ver carnet manipulacion alimentos;13
salita;13
pago duplicado;13
calles estacionar;13
ayudame sacar turno controlador transito;13
animales perdidos;13
retiro basura voluminosa;13
buenisimo confirmar turno;13
adulto mayor;13
tucuman;13
reportar infraccion transito;13
donacion ropa;13
cobro indebido peaje;13
ser docente;13
parque centenario;13
gustaria;13
turno medico odontologia;13
curso estetica;13
ayuda cuenta;13
reprogramar cita;13
copia plano mensura;13
rechazar infraccion;13
deudas agip;13
botiturno;13
pagar peajes;13
inscripciones escuelas;13
atencion persona;13
cuanto debo multa;13
vacunaron;13
turno castrar perro;13
pagar tarjeta credito subte;13
pre inscripcion escolar;13
charla seguridad vial renovacion licencia;13
mayor anos;13
comisaria corresponde domicilio;13
turno cancelarlo;13
confirmando turno;13
turno descargo infracciones;13
turnos mes;13
pude pagar;13
turno glaucoma;13
juan;13
manden mas mensajes;13
reserva filarmonica;13
comprobante pago multas;13
curso computacion;13
pagar estacionamiento puerto madero;13
neumologo infantil;13
constancia domicilio real;13
seguimiento expediente;13
actualizar cuil;13
tigre;13
cambiar turno dni;13
cancelar denuncia;13
infracciones pagadas;13
pagar renovacion licencia conducir;13
atenderme cesacs;13
parque;13
accedo nivel;13
turno neurodesarrollo;13
bienes hogar desuso;13
hora funciona subte hoy;13
sacar turno kinesiologia;13
pesimos aterradores;13
hacerme estudio;13
turno fernandez;13
pasaportes;13
abl inmobiliario;13
comisaria comuna;13
turno ciudadania;13
juzgado falta;13
domicilio fiscal;13
valor acarreo;13
pagar verificacion policial;13
lugar turno;13
terciarios;13
ayudame sacar turno resolver multas videollamada controlador transito;13
art;13
chatear alguine;13
permite ingresar;13
gasista;13
ultima multa;13
turno especialidades;13
descuento infraccion;13
pagar multa voluntaria;13
cuit empresa;13
realizar pago;13
cambiar turno renovacion licencia conducir;13
carajo;13
recuperar usuario;13
codigo estudiante;13
nesesito;13
jubilados gratis;13
pido partida nacimiento;13
recoleccion voluminosa;13
pago agip;13
denuncia basura;13
descargar tramite;13
trabajo comunitario;13
siento mal;13
campus adultos 2000;13
blanquear contrasena;13
hacer sacar turno;13
audiencia videollamada;13
desbloquear netbook;13
recoleccion programa;13
bro;13
digito verificador abl;13
subsanar tramite;13
sos util;13
encuentro opcion;13
taller escritura;13
perdi sube estudiantil;13
estan bien datos;13
descargar constancia ingresos brutos;13
realizacion estudios;13
comunicar 147;13
libre;13
validar titulo;13
asueto manana;13
mas vehiculo;13
turnos cardiologia;13
sacar turno otorgamiento licencia conducir;13
diu;13
problema cuenta miba;13
lpqtp;13
partidas casamiento;13
obra clandestina;13
saver multas;13
teorico;13
turno hospital oftalmologico;13
situacion;13
turno apto medico docente;13
buscar infracciones;13
retirar vehiculo secuestrado;13
bacolaborativa;13
vacuna doble adultos;13
certificacion docente privado;13
chip;13
denunciar administrador consorcio;13
baja debito automatico;13
turno zubizarreta;13
cargo;13
sacar turno vacuna antigripal;13
pedir turno presencial;13
jhu;13
rechazo multa;13
masajes;13
hablar representante humano;13
lucencia;13
deuda transito;13
multa mal echa;13
clausura local;13
690 habitacional;13
comprobante plan pagos vencido;13
confirmas turno;13
equivocaste numero;13
colonias;13
examen residencia medica;13
ver acta transito;13
computadora;13
medico clinica;13
cardiologa;13
listado;13
revisar multas mostrar tenes infracciones contarte pagarlas tambien sacar libre deuda tenes multas;13
lucas;13
holahola;13
sacas turno;13
recoleccion electrodomestico;13
pagar legajos;13
renovar registro automotor;13
pagar infracciones pago voluntario;13
vacuna covid turno;13
realizar inscripcion;13
llegando;13
consultar multas hacer descargo videollamadab;13
saco calle;13
cambio fecha;13
pedir certificado domicilio;13
arreglo plaza;13
participacion ciudadana;13
consultorio;13
hojas calle;13
renovacion licencia conducir turno;13
turno cuidadania portena;13
cuanto tiempo;13
pago boleta cenat;13
termine curso;13
ver notificacion;13
quisiera reprogramar turno;13
hemograma;13
auxiliar escuela;13
turno carnet conducir;13
orden derivacion;13
mensaje momento podemos responder haremos posible momento cerrado horario comercial siguiente lunes sabados 0900 1800 domingos cerrado;13
sakud;13
costanera sur;13
recoleccion bolsas escombros;13
registro campanas;13
mas cursos;13
firmar turno;13
primer licencia;13
sarda;13
sacar turno resolver controlador;13
sacar turno oftalmologico;13
okmuchas;13
fia;13
perfusionspectmiocardio;13
cambio horario;13
sacar turno vacuna covid;13
descargo virtual;13
29082026;13
santollani;13
asesorar productos soma ventassolnicsomacomar wwwsomaelectroproductoscomar;13
sicologa;13
finalizar charla;13
daleeee;13
cobran;13
pagar tarifa;13
rpa;13
play store;13
feo;13
adentro;13
auditiva;13
graffiti;13
raices;13
hablar alguiem;13
sistema sirve;13
vtc;13
cambiar persona;13
pomar;13
sacar turno oftamologia;13
ostalmologia;13
cobro beca;13
retiro voluntario;13
turno renovar carnet conducir;13
telepasa;13
turnooooo;13
tramo pedagogico;13
hablar alguien ausa;13
abc;13
wasap;13
debito automatico patente;13
vincular cud;13
conocer multas;13
vacunacion neumonia;13
programado;13
descargar certificado;13
deja ingresar link;13
adn delincuentes;13
habilitar comercio;13
otorrinologia;13
hable;13
consegui;13
ab699hg;13
obtener descuento;13
infracciones turno presencial;13
generar clave ciudad;13
reclamo limpieza;13
psicodiagnostico;13
consulta multa transito;13
hago ser nivel;13
permiso estacionar;13
paradores;13
cambio patente;13
turnomedico;13
baile;13
guardias odontologicas;13
realizar descargo multas;13
vacuna prevenar;13
rda;13
papel;13
pedir turno renovar licencia conducir;13
descargo video llamada;13
dime;13
ceramica;13
sacaron;13
reclamo solicitud;13
ingresar link;13
multas peaje;13
audencia;13
trasporte;13
resolver faltas;13
secundaria distancia;13
villa lugano;13
turnos neurologia;13
consultar saldo ciudadania portena;13
reempadronamiento habitacional;13
turno santojanni;13
traumotologia;13
activar tarjeta;13
radicacion vehiculo;13
manual;13
pagar vep;13
tema telepase;13
pablo;13
1930;13
turnos santa lucia;13
finalizados;13
nro;13
volver principio;13
hacer aires;13
instalacion semaforo;13
renovar emova;13
podologia;13
multa corresponde auto;12
infracciones teansito;12
podes contar patoruzu;12
turno comuna boleto estudiantil;12
pago pendiente;12
neurocirujano;12
denuncia venta automotor;12
pagar multa deja;12
hacer nivel;12
puede hacer hoy;12
tramitar documentacion;12
dos multas;12
vencen multas;12
portal director obra;12
derecho admision;12
mensaje momento podemos responder horario lunes sabados saludos;12
cobro ciudadania portena;12
danos casa;12
dejo auto;12
pasaporte dni;12
turno dermatologia infantil;12
turno acuerdo;12
espero chatear alguien;12
curso plomeria;12
renovar dni turno;12
salud bucal;12
vacuna antirabica;12
sacar turno presencial controlador;12
infraaciones;12
incluir salud;12
auto mal eatacionado;12
discapasidad;12
conecto;12
consulta estacionar;12
denunciar administrador;12
eventos gratuitos hoy;12
ver licencia conducir;12
retiro sillon;12
consultar infracciones patente;12
cuantos puntos scoring;12
crear cuenta nueva;12
certificado analitico secundario;12
curso acompanante terapeutico;12
final obra;12
ruidos molesto;12
operador 147;12
conecta;12
baja omitida;12
nena;12
sacar partidas nacimiento casamiento defuncion;12
infracciones moto;12
cargan;12
devolucion acarreo;12
generar;12
tarjeta cultural jubilados;12
colectivo linea;12
consultar infraccion transito;12
densitometria osea;12
hacemos;12
ferias gastronomicas;12
recoleccion residuos contenedor;12
estacionar via publica;12
ecografia tiroides;12
numero infraccion;12
reclamo haberes;12
atendieron bien;12
intenta nuevo;12
macri;12
puntos registro conducir;12
discapacitada;12
aprender finanzas online;12
cargo solicitud;12
hacer estudio;12
pagar multas buepp;12
plan cuotas;12
retirar bolsas escombros;12
nueva licencia;12
turno audiencia virtual controlador faltas;12
reposicion contenedor basura;12
recordas turnos;12
consulta informaciones;12
clave ciudad nivel;12
sacar turno resolver;12
auto acarreo;12
tramite boleto estudiantil;12
certificado institucion activa;12
solicitar turno infracciones;12
tarjeta ticket social;12
turno certificado domicilio;12
sudadania portena;12
certificado domicilio online;12
turno pet;12
curso costura;12
anular solicitud;12
infraccion turno;12
creo cuenta miba;12
casarse;12
escuela primaria;12
mas ayuda;12
cancha;12
actualizar domicilio;12
transferencia moto;12
encuentra pagina;12
solicite codigo;12
legalizar documentos;12
turno hospital velez sarsfield;12
activado telepase;12
hablar whatsapp;12
caniles;12
renovar dni extravio;12
malos olores;12
acta nacimiento actualizada;12
estaciinamiento;12
sacar turno ecografia mamaria;12
comunicarte ayudarte;12
ver legajo;12
turno controlador multa;12
mal patente;12
hacer cambio domicilio dni;12
domicilio dni;12
informar infraccion;12
turno medico manana;12
cambio categoria licencia conducir;12
campana vacunacion;12
perro perdido;12
blanqueo cuenta mibab;12
auto patente;12
venta auto;12
artes;12
blanqueo contrasena;12
sacar turno oftalmologica;12
ver partido argentina hoy;12
solicitar libre deuda;12
nonada;12
ruidos molestos vecinos;12
cerrar cesion;12
titulo digital;12
turno resonancias;12
reposicion cesto papelero;12
infracciones pagas;12
turnos hospital pirovano;12
turno vacuna neumococo;12
resibo;12
retiro bienes desuso;12
hablar representantes;12
pague peaje;12
receta medica;12
viejo;12
subsidio habilitacional;12
turnos cesacs;12
crack;12
impuestos patente;12
pasa trapitos;12
abrir cuenta miba;12
holii;12
podamos arbol;12
deuda vehiculo;12
solicitar turno controlador faltas;12
sacarturno;12
descargar certificado domicilio;12
ginecologia turno;12
administradores consorcios;12
piano;12
solicitud semaforo;12
holaaaaaaaa;12
chatarra;12
comunicarme persona fisica;12
ver mas tramites;12
reparacion bache;12
turno familiar;12
direccion cemar;12
apnd;12
renovar licencia conduccion;12
manana estare;12
codigo edificacion;12
facultad odontologia;12
turno rentas;12
esracionamiento;12
decis estacionar;12
colonias invierno;12
equivoque patente;12
curso masajista;12
vehiculo multa;12
reclamo basura;12
pileta martin fierro;12
continuar tramite renovacion licencia conducir;12
examen nivelacion;12
boleto subte jubilados;12
empleo joven;12
turno ive;12
legalizacion titulos;12
buscador administradores;12
sacar turno bebe;12
exterior;12
boticomo valido identidad;12
certificado domicilo;12
planos edificio;12
nueva denuncia;12
turno atencion ciudadana;12
baja patente robo;12
direccion correcta;12
actividades ninos anos;12
casa cultura;12
ventanilla unica;12
boro;12
pastillas anticonceptivas;12
turno rmn;12
interrumpir embarazo;12
turno vista;12
hice cuenta miba;12
pase gratuito;12
atencion consumidor;12
chatear alquien;12
hago pagar infraccion;12
comprar entradas planetario;12
iniciar tramite designacion;12
descargar partida matrimonio;12
hacer dni nuevo;12
auto mall estacionado;12
inscripcion agente transito;12
examen teorico licencia conducir;12
pagarla tarjeta credito;12
sube universitaria;12
actualizacion dni anos;12
turno salita;12
abogado familia;12
error tad;12
parque olimpico;12
terapia ocupacional;12
sacar turno primera vez;12
amparo habitacional;12
partida nacimiento hijos;12
anda subte;12
radiografia panoramica;12
poder;12
cancelar turno vacunacion;12
pasar turno;12
acceder clave ciudad;12
actos publicos;12
choque;12
precio multa;12
comunicarme alguna persona evadido peaje pues cabinas peaje manual estan solo pudiendo pagar telepeaje mendoza telepeaje conocemos sistema provincia siento discriminado ser provinciano tener sistema telepeaje aprovechan generar multas mintiendo evadimos peaje dicen verdad toman reen quieren lucrar inventandos multan siendo discrimados tener telepeaje podemos usar autopistas quieren lucrar provincianos solo usamos veces ano sacaron peajes manual ahora solo telepeaje;12
secundario distancia;12
sacar turno vacuna fiebre amarilla;12
multa pertenece;12
empadronamiento subsidio habitacional;12
nomenclatura catastral;12
cartel prohibido estacionar;12
certificado vacunacion covid;12
pagar multa moto;12
hacer turno;12
arreglos;12
profesorados;12
descargos infracciones;12
verificacion identidad;12
programar recoleccion;12
actividades gratis;12
opcion comprobante plan pago vencido;12
renovar lic conducir;12
descargar titulo secundario;12
estacionamiento via publica;12
reclamo acarreo;12
uyu;12
citacion faltas;12
sacar turno renovar pasaporte;12
libre deuda ausa;12
turno fonoaudiologa;12
entrada palacio ceci;12
renovacion nicho chacarita;12
alta vehiculo;12
nene;12
agustina;12
contactarme asesor;12
regimiento patricio;12
servicio reclamos;12
manana abierto;12
charla virtual renovacion licencia conducir;12
consulta controlador;12
licencias renovacion;12
turno aun;12
perdi partida nacimiento;12
retirar contenedor;12
sacar turno psicologia;12
vayas;12
cancela lluvia;12
certificacion;12
gabriela;12
curso capacitacion;12
resignacion puntos;12
titulo terciario;12
preciso;12
sale error;12
obstruccion;12
ingresar pagar;12
valuacion;12
turno mama;12
imprimir factura;12
mayor edad;12
pago dni;12
significa debe resolver controlador;12
clases baile;12
cim;12
soluciono;12
consigo;12
llego notificacion infraccion;12
saco turno renovar licencia conducir;12
abono bui;12
respondiendo;12
licencia duplicado;12
necesitaria turno;12
centro salud accion comunitaria;12
hospital velez sarfiel;12
muntas;12
turbo medico;12
libre deudas infracciones;12
tele;12
resultados resonancia magnetica;12
ingresar usuario;12
multar vehiculo mal estacionado;12
hablar ejecutivo;12
hacer sube estudiantil;12
recuperar licencia retenida;12
lado;12
grandes residuos;12
charla virtual renovacion;12
descargo presencial;12
grabado partes;12
controlador faltas virtual;12
cancha tenis;12
copia analitico;12
registrar huella;12
chola;12
sacar pase cultural;12
identidad genero;12
parente;12
oftalmologia hospital santa lucia;12
turno faltas;12
reservar cancha;12
dni extranjeros;12
registro conducir renovacion;12
hacer reclamo infraccion;12
llamo 147;12
moto acarreada;12
sacar turno hospital velez sarfield;12
realizo descargo;12
contas chiste;12
hablemos batu perro tutum;12
porno;12
registro residentes;12
mas educacion;12
deuda automotor;12
solicitud tramite;12
licencia interjuridicional;12
reclamo deuda;12
ley anti trapito;12
mal hecha multa;12
anular multas;12
hospital cerca;12
cursos cerrajeria;12
floresta;12
hacerme cuenta;12
vehiculo remitido;12
crear cuenta bue;12
pago licencia;12
ampliar licencia moto;12
hospital ramos megia;12
licencia conducir vencida;12
universidad ciudad;12
sacar turno video llamada controlador;12
planilla solicitud cud;12
hablar gestor;12
multa exceso velocidad;12
cargar solicitud;12
pagar deudas;12
sacarlo;12
tramites hacer;12
info transito;12
visita cementerio recoleta;12
patente duplicada;12
hacerme tomografia;12
venezuela;12
holabuenos;12
decis;12
consulta licencia;12
infraciones caba;12
perdida agua;12
hacer charla renovacion licencia;12
cursos formales;12
tarifa colectivo;12
cerra chat;12
carreras tecnicas;12
descargar fotos;12
denuncia vecino;12
habla;12
banco adn identificar delincuentes;12
tenia turno manana;12
turnow;12
chatear chatear;12
entradas gratis colon;12
aprender familias;12
ingresar aplicacion;12
podria sacar turno;12
veo multa;12
sacar contenedor;12
activacion telepase;12
equivocaste;12
columna;12
turnos cud;12
chat alguien;12
dibujo;12
cambiar domicilio licencia conducir;12
hacer mamografia;12
cargar recibo;12
resolves;12
idioma chino;12
olvidalo;12
saldo ticket social;12
atienden 147;12
completo;12
ultima infraccion;12
retenida;12
siiiiii;12
barrera;12
prorroga;12
multa cometi;12
baja auto;12
vivo zona;12
hospital clinica;12
turno neurologa;12
permiso ferias;12
infracciones transitorias;12
ayuda tramite;12
anote bien;12
Hola;12
medica cabecera;12
sacar turno odontologico;12
pagar multa transito online;12
actualizar partida matrimonio;12
solicitar turno presencial;12
precio subte;12
bajar app;12
campo golf;12
ecg;12
ensayo general;12
infrecciones;12
consulta actas;12
solicitar audiencia virtual controlador faltas;12
cabcelar;12
consulta patentes;12
telefono telepase;12
subsidio luz;12
curso pago voluntario;12
turno sacar nuevo dni;12
turnos hospital ramos mejia;12
registrar sube cud;12
pago pasaporte;12
descartar;12
renove licencia;12
vehiculo estacionado;12
diferencia bax;12
turno salud hospital;12
mandas;12
obtengo;12
hablar telefono;12
reduccion cremacion;12
reprogramar turno licencia;12
telepase patente;12
ayuda economica;12
confimar;12
chauuuuu;12
pito;12
maquina mierda;12
retiro licencia;12
odontologia pediatrico;12
ensayo filamonica;12
renovar dni vencimiento;12
unicaba;12
bienas;12
lavarden 370;12
llame 147;12
pagar efectivo;12
sacar turno resolver infraccion;12
nombre usuario;12
turno hospital sarda;12
entrar perfil;12
rto;12
preciso turno;12
mafalda;12
turno hepatologo;12
guardia traumatologica;12
quilmes;12
accedo pago voluntario;12
unas multas;12
reintentar;12
103;12
audiencias virtual;12
tareas comunitarias;12
estacionamient;12
cabal;12
cbu;12
lcdtm;12
primera vtv;12
filarmonica ensayos;12
ver reclamo;12
bui pagar;12
fisiatria;12
legalizaciones;12
culo;12
renovacion habilitacion remis;12
quedan;12
robaron licencia conducir;12
remision;12
hice reclamo;12
its;12
ley 5920;12
restos;12
cambiar telefono;12
turno practica manejo;12
blanqueo cuenta mib;12
descargar recibo sueldo;12
gusto;12
asociar sube;12
solicitud retiro poda;12
descargar boleta pago infraccion;12
multas mal estacionamiento;12
1136223356;12
erika;12
resultado hisopado;12
cajon azul;12
ingresar sitio;12
pase gratis;12
incucai;12
nooooooooo;12
kdt;12
molestes;12
inhabilitacion;12
costo entrada;12
pagar cementerio;12
trabajando;12
telepase plus;12
costo vtv;12
ver normas;12
llaman;12
guitarra;12
buep;12
106;12
balvanera;12
amba;12
sacar turno centro salud;12
cano roto;12
lista;12
beneficio pago voluntario;12
planos departamento;12
escombroa;12
infracciones infracciones;12
multas corresponden;12
coudadania portena;12
textil;12
multa falsa;12
denunciar estafa;12
presenciales;12
renovar pasaporte menor;12
funciona tad;12
presencia policial;12
ciudadania potena;12
cualquier cosa;12
cedetsc;12
conectame;12
impuesto automotor;12
sos tonto;12
mulras;12
resonancias magneticas;12
ineptos;12
turno junta medica;12
modificar turno salud;12
cierro chat;12
medicina nuclear;12
fiscalizacion;12
buenndia;12
primario;12
llueve;12
intentar;12
telepade;12
gracoas;12
antirabica;12
neumonologa;12
pension contributiva;12
pagaste cenat genial ahora toca completar ficha salud seguimos dale mejor;12
chequeo;12
comunico multa;12
descuento pago multas;12
multa indebida;12
noooooooooo;12
plataforma;12
reservar entradas;12
campanas;12
targeta;12
banera;12
resonansia;12
audiciencia virtual;12
atencion oftalmologica;12
sacar turno oncologia;12
nicolas;12
cdu;12
cecac;12
idiotas;12
guardias odontologia;12
hicieron;12
matate grbalo;12
buenasss;12
okkk;12
reclamo agip;12
turnos castraciones;12
solicitar turno vtv;12
inicio tramite;11
turno tarjeta ciudadania portena;11
turno hospital pineiro;11
asi hare;11
radicado vehiculo;11
solicitud retiro residuos;11
traslados comunitarios;11
publico;11
puede ser paso cancelaron tambien turno neurologo tambien ahora electroencefalogrsma puede ser paso boia quehar ustede piede ser asi aser trabajo;11
tramite renovar licencia;11
entrar aprende;11
imprimir boleta patente;11
vacuna animales;11
busco centro inclusion social;11
pagar impuesto sellos;11
tramite hecho;11
tramite otorgamiento licencia conducir;11
ingles adultos;11
recoleccion residuos poda;11
turno ecg;11
canbiar turno;11
programa proteger;11
viaje gratis subte jubilados;11
abierto ecoparque hoy;11
boleta pago infraccion;11
cuanto sale subte;11
turno agencia;11
multas presencial;11
reimpresion dni;11
detalles multa;11
ver partido seleccion;11
quisiera pagar multa;11
vacuna doble bacteriana;11
hago pago;11
turno descargo multa;11
tramitar sube estudiantil;11
gestiones;11
licencis;11
compro entradas;11
pagar multa infraccion;11
atletismo;11
breve contesto;11
consultar persona;11
titulo secundario digital;11
viaje gratis subte;11
divorciar;11
tramite online;11
pase libre multimodal;11
dni menores;11
certificado union civil;11
pagar inmobiliario;11
parida nacimiento;11
informar auto mal estacionado;11
turno salu;11
turno resolver infracciones controlador;11
comer cuidad;11
mal cobro telepase;11
renovar licencia cambio domicilio;11
deuda multa;11
solicitud partida matrimonio;11
boleto educativo universitario;11
turno lunes;11
modificarlo;11
mas licencia;11
villa parque;11
cuanto vale;11
cursos educacion financiera;11
reconsideracion licencia conducir;11
denuncias vial;11
programas;11
cancelar tueno;11
hacer bax;11
turno entregar recibo habitacional;11
registrar sube estudiantil;11
reservar visita;11
salud hospital;11
bui abonada;11
cambiar colegio;11
ver final mundial;11
pase discapacitados;11
hago pregunta;11
ver partido hoy;11
turno oct;11
descargar boleta multa;11
hacer multa transito;11
arreglen vereda;11
boleto gratuito subte jubilados;11
queda comuna;11
pagar infracciones cuotas;11
falta agua;11
turno cesac medico clinico;11
turno ampliacion licencia conducir;11
imprimir boletas pagar;11
ciudadania portena tarjeta;11
pasas link;11
ver infracciones auto;11
luminarias apagadas;11
turno nuevo ejemplar dni;11
bajar boleta abl;11
pedir audiencia virtual;11
subsidios habitacional 690;11
denunciar local;11
partida agip;11
targeta ciudadania portena;11
reservar entrada;11
plan pago infraccion;11
ayuda problema adicciones;11
pagar tele pase;11
charla virtual licencia;11
cordon vereda;11
listo ahora;11
realice defensa contesta nadie solo interesa recaudar;11
pcia;11
extraccion muela;11
grua llevo vehiculo;11
entradas jardin botanico;11
hacer consulta telepase;11
hacer descarga;11
renovar matricula apm;11
automal estacionado;11
comprobante turno;11
boleto estudiantil nivel superior;11
hoy julio;11
donacion bienes;11
cuenta nivel;11
hgh;11
plan pago vencidos;11
retiro residuos especiales;11
motocicleta;11
alumbrado barrido limpieza;11
turno sacar boleto estudiantil;11
denuncias mal estacionamiento;11
carreras distancia;11
turno patente;11
oido;11
recuperar licencia conducir;11
extrano;11
abonos;11
ingreso bruto;11
sacar turno hospital casa cuna;11
turno tramitar ciudadania portena;11
boletos estudiantil;11
aser;11
laborable;11
estacionamiento feriados;11
licencia docente;11
administrador consorcios;11
imprimir multa transito;11
estudios salud;11
turno examen practico;11
vacunas gratis;11
bueno bien;11
poda altura;11
queda cesac;11
barrido calle;11
beneficio estacionamiento;11
publicacion grillas resultados partir junio;11
estcionamiento;11
pase sube;11
edad;11
bajar partida nacimiento;11
museo imaginacion juego;11
aire acondicionado;11
curso frances;11
cursos salida laboral;11
turno mes;11
saco licencia conducir;11
sacar turno sacar licencia;11
corazon;11
solucionar problema;11
comprobante multa;11
salud cesac;11
superintendencia salud;11
auto mal estacionafo;11
registrar miba;11
retiro scombro;11
solicitar certificado nacimiento;11
turno controladores;11
oks;11
estacionamiento direccion;11
consultar multas hacer pago voluntario;11
reubicar contenedores;11
boleta ivc;11
renovacion registro cambio jurisdiccion;11
copia acta nacimiento;11
estacionaniento;11
contestan;11
mascotas vacunacion;11
boletin hijo;11
instituto zoonosis luis pasteur;11
renovacion patente;11
turno dni anos;11
pase estudiantil;11
confirmados;11
hacer noche;11
facturacion telepase;11
renovar licenca;11
retiro muebles voluminosos;11
cerrado;11
dinde estacionar;11
hacer validacion;11
mediaciones;11
transferencia vehiculo;11
infrac;11
plano casa;11
turno miba;11
validar identidad subir nivel;11
recordatorio turnos;11
cambiar cesac;11
rubrica digital;11
renovar matricula;11
validar numero celular;11
retiro tarjeta;11
reserva espacio discapacidad;11
revisar puntos;11
sacar turno psicologo;11
sacaron registro;11
estacionar recoleta;11
deuda monotributo;11
practicar manejo;11
busqueda empleo;11
reclamar multa mal hecha;11
pedir turno dermatologia;11
clases yoga;11
sacar turno direccion general administracion infracciones;11
horarios subtes;11
sede cercana;11
baja tele pase;11
okupas;11
turno cardiologia infantil;11
estafaron;11
tarifas subte;11
curso chino;11
presentar queja;11
turno resolver multa videollamada;11
horarios subte linea;11
fechas inscripcion;11
queria turno medico;11
tomas;11
ultas;11
dejar auto;11
descargar certificado manipulacion alimentos;11
subsidio transporte;11
certificado fiebre amarilla;11
reconocimiento facial;11
completa;11
turno casarme;11
averiguar patente;11
visita teatro colon;11
electrodomestico desuso;11
informacion infracciones;11
dni primera vez;11
saldo ciudadania;11
fotos multa;11
agip patentes;11
infracciones automovil;11
estacionaron garaje;11
curso manipulacion alimento;11
ensayo orquesta;11
controlador infracciones transito;11
actas infracciones;11
sacar turno controlador videollamada;11
van atender;11
walter;11
recibo subsidio habitacional;11
perdida licencia;11
reservar cancha tenis;11
hice charla aprobe;11
numero turno;11
certificado nacimiento actualizado;11
puedes contarme mas bax mandamos solicitud bac interna numero tramite 0069356226 novedades aviso;11
constancia matrimonio;11
casa usurpada;11
pista aprendizaje manejo;11
entrega recibo abitacional;11
corresponde infraccion;11
sillon;11
venta alimentos mal;11
turno documentacion;11
registro propiedad inmueble;11
cursos inteligencia artificial;11
renovar pase emova;11
inscripcion jardines;11
infracciones comercio;11
fertilidad;11
partida nacimiento legalizada;11
direccion caba;11
sacar turno salud mental;11
multqs;11
recoleccion programada electrodomesticos;11
bajar multa;11
imprimir infraccion transito;11
pagar informacion;11
chatear asistente;11
inscripciones 2026;11
ver boletin escolar;11
presentar recibo subsidio habitacional;11
turno 2026;11
cambio vereda;11
denunciar violencia domestica;11
boletin escuela primaria;11
telapase;11
hospital veterinario;11
hijo mil puta;11
blanqueo cuenta mina;11
renovacion reserva espacio estacionamiento personas discapacidad;11
cedula auto;11
cambio lugar contenedor;11
recibi cedula notificacion citacion;11
bolsas trabajo;11
turno radiologia;11
podes hablar alguien cedetac sacar turno resonancias tomografias mamografia estudios tratamientos alta complejidad;11
nivel clave;11
pedir turno pediatria;11
imprimo multa;11
direcciones;11
inscripcion line;11
visa;11
solicitar partidas nacimiento;11
hacer validacion biometrica;11
telepase pagar;11
chatear persona humana;11
natatorio;11
llego notificacion citacion;11
solicitar partida nacimiento hijo;11
tramitar constancia domicilio;11
pago realizado;11
inspeccion local;11
entrega recibo subsidio habitacional;11
banos;11
denuncia transporte publico;11
turno controlador online;11
ecografia mamaria bilateral;11
pedir partida defuncion;11
cambiar datos personales;11
borrar cuenta;11
comunicarte shoes key podemos ayudarte breve contestaremos;11
cambiar turno favor;11
retiro escombro obra;11
atendi ultimos meses;11
infraccion pagarla;11
perdida patente;11
vacunas antigripal;11
intento mas tarde;11
juez paz;11
turno hospital oftalmologico santa lucia;11
cursos arte;11
cursos tecnologia;11
banco adn delincuentes;11
sacar turno neurologia infantil;11
cursos distancia;11
tickets;11
administradores consorcio;11
historial multas;11
premetro;11
especialista rodilla;11
inscripcion vacaciones invierno;11
pagar infracciones tarjeta;11
turno certificado discapacidad;11
pase colegio;11
boleto estudiantes;11
pagar multas vehiculo;11
sacar entrada miju;11
turno registro moto;11
playa auto;11
vacaciones invierno ciudad;11
tramite movilidad;11
conseguir;11
validarme;11
congreso;11
violencia infantil;11
turno hospital ricardo gutierrez;11
visita escolar;11
pagarlas tarjeta credito;11
eliminar cuenta miba;11
estacionamiento cud;11
descargar app;11
titulo primario;11
rendir recibo subsidio habitacional 690;11
consultarte;11
vacuna anos;11
ana;11
tarifa jubilados subte;11
esi;11
empece;11
stacionar;11
cuanto cuesta entrada ecoparque;11
concurrire;11
info turno;11
ver deuda telepase;11
derecho consumidor;11
sos bot;11
casa tomada;11
imprimirlas;11
aplicacion aprende;11
turno sede;11
plan facilidades patentes;11
validado;11
secundario online;11
ordenes;11
renovar patente;11
laboratorio turno;11
titularidad;11
funciona linea subte;11
correr contenedor;11
turno verificacion policial moto;11
momento carro horarios 2030 23hs hoy cerrado disculpe molestias elegirnos;11
sigo aguardando;11
quisiera turnos;11
registro conductores;11
merlo;11
retomar;11
hacer plan pagos;11
casamiento lugares emblematicos;11
ingresa;11
1100;11
pedir poda;11
notificado;11
app estacionamiento;11
pedir turno tomografia;11
esperare;11
turno tramite pendiente;11
antirrabica perros;11
turno verificacion policial caba;11
buscando empleo;11
turno ampliacion licencia;11
turno cgp comuna;11
turnos vacuna;11
pague turno;11
puede hablar alguien;11
pagar infraccion vencida;11
averiguar tramite;11
cargaron;11
turno medico oftalmologia;11
sacar turno castrar perro;11
barrido calles;11
boleta unica;11
volvamos;11
llego mail confirmacion;11
descargo boleta;11
hablar operador 147;11
sucesion;11
responder;11
llega telepase;11
saludos cordiales;11
sandra;11
renovar documentos;11
frio;11
infracciones consulta;11
escuela especial;11
retire tarjeta;11
empadronamiento habitacional;11
llamar grua;11
polo;11
segundo;11
odontologa;11
persona atienda;11
reclamo patente;11
motovehiculo;11
podes contar;11
carta ciudadania;11
solicitud empleo;11
libre dueda;11
cuanto tarda tramite;11
turno ampliacion;11
puto mierda;11
enviar descargo;11
actividades infantiles;11
boleta pagar infraccion;11
retiro grandes residuos;11
domicilio provincia;11
soretes;11
hablar asistente humano;11
how;11
plaga;11
cualquiera;11
licencia nueva;11
cambie numero;11
vigencia;11
test ets;11
pagar licencia;11
comfirmado;11
permiso viaje menores;11
quisiera telepase activo;11
sacar turno nuevo dni;11
suscribete dale like;11
seccion perfil;11
ronovar licencia;11
tribunal falta;11
yurno;11
electro;11
cesto;11
turno resonancia cerebro;11
infractions;11
infeccion transito;11
turnos salud mental;11
emova jubilados;11
rstacionar;11
hospital munis;11
resuelve;11
auxiliar porteria;11
cursos enfermeria;11
hago inscribirme;11
pueden llamar;11
cens;11
turno cementerio;11
infraccion dni;11
idioma frances;11
hablar operador favor;11
menu inicial;11
ciudadania portena turno;11
telepasetelepase;11
nunca lugar;11
buenad;11
yyyyy;11
mensaje contiene siglas transcribirlas puntos mensaje contiene siglas transcribirlas puntos;11
podrias ayudar;11
toma dni;11
dni rapido;11
soportemiba;11
cedetak;11
estudio resonancia;11
renivacion;11
pagar impuestos;11
mas auto;11
fotos multas;11
pagar parquimetro;11
taller;11
arbol vereda;11
turno presencial multa;11
descargar bax;11
calles cortadas;11
sacar turno hospital santojani;11
renovar licencia conducir cambio jurisdiccion;11
pude hacerlo;11
hematologa;11
sacar turno hospital duenas;11
habla agiphola;11
habilitar negocio;11
construccion permiso;11
final mundial;11
subsidio habitacion 690;11
hospital santollani;11
endocrinologos;11
libreta matrimonio;11
pasaje estudiantil;11
turno tomografia torax;11
real;11
francisco;11
coche abandonado;11
contactar ausa;11
adolescente;11
pasaporte turno;11
derivacion medica;11
cumpleanos;11
puede cambiar;11
acarreado;11
bici;11
nota;11
infraccioes;11
infracviones;11
renovacion lic conducir;11
miescuela;11
primero;11
turnos hospital durand;11
sellos contratos;11
entregar recibo abitacional;11
contactar equipo termina secundaria;11
ayuda favor;11
empadronar salud;11
hoy atienden;11
resultados resonancia;11
estacionmiento;11
234;11
hola...;11
error pagina;11
delincuentes;11
cdt;11
doctora;11
infraccionew;11
suciedad;11
hibridos;11
python;11
mulas;11
vacunacion animal;11
oct;11
sircreb;11
turno traumatolojia;11
bajar boleta;11
numero cliente;11
jubilados subte gratis;11
boletas patentes;11
renovacion registro profesional;11
infraccions;11
eventos chicos;11
extravie;11
espacio discapacidad;11
hablar algun representante;11
solicitar plano;11
estacionamiento ilegal;11
recuperar miba;11
queque;11
turno mas;11
servicios prioritarios vecinos;11
hopital;11
respuesta automatica encuentro licencia comunicarse equipo back office consultas operativas 341 3759603 consultas comerciales contactarse 341 5197432 javier saludos sergio;11
hemoterapia;11
censo;11
roac;11
palacio cecci;11
carpinteria;11
audiencia digital;11
ahora saco turno;11
telepase adherido mercado pago;11
slud;11
telepasebuenas;11
pronto despacho;11
empece tramite;11
suerte;11
retiro bultos;11
nivel terciario;11
1330;11
pintura;11
dylan;11
telepasebuen;11
1000;11
cedecta;11
nultas;11
horrible;11
visita ecoparque;11
aprenderba;11
podes;11
judicial;11
tirar cocina;11
contestaron;11
anestesista;11
pais;11
ecoparque entrada;11
running;11
curso ingles docentes;11
ayudo;11
favor turno;11
turno hospital velez sarfield;11
ensallo filarmonica;11
recoleccion ramas poda;11
deuda iibb;11
rectificar;11
nunca mas;11
codigo pago;11
brenda;11
levantamiento clausura;11
partida nacimiento digitalizada;11
pago partida nacimiento;11
confirmo ambos turnos;11
controlador line;11
tampoco;11
voyairgracias;11
tetanos;11
carta residencia;11
aaaa;11
iniciar consulta;11
apostilla partida nacimiento;11
cordon pintado;11
licensia;11
contactar agente;11
devuelta;11
renovsr licencia;11
sos imbecil;11
avanza;11
cambio horario turno;11
turno densitometria;11
express;11
vacunas gripe;11
licenciate;11
confirmar numero;11
queda barrio chino;11
perdio;11
hice multa;11
van llamar;11
turnos centros salud;11
sede central atencion social;11
grac;11
ship;11
alquilar;11
cancelalo;11
multas anteriores;11
portal;11
mandaron mail;11
avo;11
metrobus;11
auh;11
operas conciertos;11
vacuna perro;11
turno concubinato;11
cedetas;11
factura patente;11
plaza seeber;11
pases subte;11
tambien confirmo;11
ambiente;11
primer trabajo;11
educacion distancia;11
hablar asesor humano;11
inundacion;11
mira;11
turno castrar;11
charlar controlador;11
escoring;11
lincencia conducir;11
ciclovias;11
secundario 2000;11
brasil;11
viviana;11
cobertura portena;11
22072026;11
telepae;11
resonancia mamaria;11
cedetav;11
tekepase;11
ocupacion indebida;11
barrenderos;11
confirmar cita;11
gatas;11
tarjeta sube estudiantil;11
infrracciones;11
solicitud plano;11
familia;11
documento requerido adjunto datos tramite;10
ver turnos pendientes;10
informacion multas;10
inscripcion servicio penitenciario;10
pases abonos subte;10
inscripcion programa ciudadania portena;10
auto estacionado puerta garage;10
registro administradores consorcio;10
turno medicina general;10
estafa virtual;10
punto licencia;10
recoleccion heladera;10
curso ceramica;10
retiren mueble;10
reduccion multa;10
turno medico hoy;10
sacar partida nacimiento hija;10
turno ortodoncia;10
buscar multas;10
directorio anticuarios tiendas antiguedades galerias arte;10
san juan piedras chacabuco desproposito barberia alguien debe pedirle liberen vereda;10
cursos adultos mayores;10
hijo anos;10
corre;10
presentar descargo multa transito;10
subsidio sube;10
servia;10
sacar turno certificado domicilio;10
plan pagos vencidos;10
enlace;10
consulta infracciones patente;10
feriado julio;10
boleta avaluo;10
auto mal estacionados;10
renovacion pase subte;10
renovar dni cambio domicilio;10
plano edificio;10
beso;10
calendario vacunacion;10
imprimo boletas;10
direccion registrada;10
requisitos ciudadania portena;10
lee;10
estudios diagnostico imagen;10
sacar registro primera vez;10
pedir turno persona;10
factura pago;10
algun numero llamar;10
consultar multas auto;10
examen medico;10
cuenta creada;10
pedir libre deuda;10
cosmetologia;10
pasadas telepase;10
eliminacion ingresos brutos;10
inscripcion terminar secundaria;10
tema multas;10
reprogamar turno;10
telepase bloqueado;10
denuncia vereda;10
dni perdida;10
apoderamiento;10
renovar manipulacion alimentos;10
puede estacionar ubicacion;10
renovar dni menor;10
ecoparque gratis;10
sacar turno secuestraron moto;10
certificacion firma;10
aires corre;10
bares;10
cuanto sale multa;10
turno ministerio educacion;10
yendo;10
solicitud turnos;10
resolver controlador transito;10
esperando chatear alguien;10
neumonologo infantil;10
denuncio auto mal estacionado;10
reclamo cobro;10
playas acarreo;10
recuperar clave miba;10
multas multas;10
curso unas;10
contestame;10
busco auto;10
pasaporte hija;10
subastas;10
analisis sangre orina;10
personal salud;10
valuacion fiscal vehiculo;10
turno legalizar titulo secundario;10
multa mal cobrada;10
sacar turno descargo;10
licencia provincia;10
abogados gratuitos;10
recorrido colectivo;10
boletin hija;10
descuento buepp;10
ejemplar dni;10
estacilnar;10
ferias mercados;10
partidas nacimientos;10
robo licencia conducir;10
prueba embarazo;10
actualizar certificado matrimonio;10
infracciones patentes;10
acarreo autos;10
hago curso recuperar puntos;10
1200;10
deuda patente automotor;10
turno conducir;10
retiro escombros bolsas;10
administracion publica;10
llega correo;10
certificado alumno regular ciudadania portena;10
propiedad;10
oficio arte;10
abonar cenat;10
turno castrar gatos;10
sacar entradas palacio ceci;10
crear clave ciudad;10
museo fernandez blanco;10
estacionamient9;10
turnos transito;10
bueno turno;10
multas peajes;10
sede atencion social;10
cambiar turno hospital;10
turno boleto;10
asociarme;10
vehiculo foto;10
borda;10
estudiando;10
consultar inscripcion;10
respuesta automatica estare disponible 2007 2607 cualquier duda consulta comunicarse via whatsapp centro atencion concesionario 79404040 whatautoai;10
llego notificacion multa;10
entrada miju;10
inscripcion lenguas;10
inscripcion manipulacion alimentos;10
descargar boleta pagar;10
oagar;10
planes hoy;10
baja servicio;10
aire libre;10
partida civil;10
examen licencia conducir;10
podologo;10
polideportivo parque chacabuco;10
colon fabrica;10
primeros auxilios;10
cursos idioma;10
centro diagnostico alta complejidad;10
seguimiento tramites;10
feria san telmo;10
ver acta completa;10
app aprendeba;10
consulta puntos licencia;10
papeles llevar;10
hacer video llamada;10
numero partida inmobiliaria;10
renovacion dni extranjero;10
informacion cursos;10
extension licencia;10
volver menu inicial;10
modelo usas;10
cambiar titular;10
detalle infracciones;10
deja continuar;10
sacar turno renovar cud;10
modalidad virtual;10
cancelar cita;10
vacuna fiebre amarilla turno;10
ensayos filarmonica colon;10
ratificacion partida nacimiento;10
27072026;10
escuelas secundarias;10
protocolo escuelas;10
certificado domicilio extranjeros;10
turnos previos;10
castraccion;10
entrar clave ciudad;10
ginecologico;10
hospital ninos ricardo gutierrez;10
baja iibb;10
informacion tramite;10
infraccion transitoria;10
harta;10
primero parece falta respeto total citaron videoconferencia formal dejaron esperando computadora atenderme terminan mandando mensaje audiencia conmigo enviandome boleta pago manera automatica leer documentacion segundo contradiccion absoluta sistema derivan caso uacf 316 manera virtual hoy ahora dicen mensaje controlador solo atiende forma presencial error coordinacion ustedes mio envie descargo formal correo electronico marcelo alejandro gomez detallando propio comprobante ustedes mandaron reconoce responsable deuda dueno anterior tejada actual titular adquirio auto marzo 2024 dejo constancia reclamo medio pesima atencion;10
puede hablar persona;10
pagarla online;10
cobertura portena salud;10
pagar infracciones caba;10
acceso denegado pagina;10
comprobantes pendientes pago;10
animal muerto via publica;10
pista manejo roca;10
diligenciar oficio;10
registrarme rutramur;10
hacer curso vial;10
dame link;10
pase libre subte cud;10
curso virtual puntos;10
alguien hablar;10
infracciones transito patente;10
saldo favor;10
vandalismo;10
turno tac;10
manzana luces;10
realizado reclamo atiende nadie responden pues descriminan provincianos;10
pudiste hacer necesitabas cambiar tema;10
empezar cero;10
solicito turno medico;10
cancelarla;10
psicopedagoga;10
vehiculo vendi;10
favor hablar alguien;10
podes ayudarme tramites;10
suicidar;10
ver titulo secundario;10
hora subte;10
veterinarias;10
turno audiencia infracciones;10
solicitar turno comuna;10
renovacion turno;10
tramite convivencia;10
paso direccion;10
loma burro;10
accesibilidad;10
centro vacunacion;10
ruido motos;10
tranbus;10
turno zoonosis;10
turno viernes;10
turnos pami;10
turno medico salud;10
trabajar ciudad;10
multas aires;10
inscripcion tecnicatura;10
turno salud hijo;10
formulario pase cultural;10
concursos salud;10
calle cortada;10
cremaciones;10
ver boletas abl;10
descuento subte jubilados;10
multas vehiculares;10
nombre auto;10
ahora podes resolver infracciones transito mediante audiencia virtual controlador faltas;10
cambio numero;10
aceptaron;10
baja impositiva;10
cedula conducir;10
control alcoholemia;10
encuentro formulario;10
turno licencia taxi;10
arreglar luminaria;10
diente;10
estacionamiento residente;10
boleto gratis;10
bajar aplicacion;10
analitico titulo secundario;10
start;10
turno hospital carrillo;10
llego link;10
renovar licencia charla;10
hacer videollamada;10
pedido partida nacimiento;10
turno psicofisico;10
plan facilidades agip;10
retiro residuo;10
burn;10
beneficios sube;10
hacer descargo presencial;10
comprobante pago cenat;10
hospital gastroenterologia;10
validar identidad aplicacion;10
guardia pediatria;10
cobro habitacional;10
pagar patente moto;10
turno consultorio externo;10
usted tambien;10
marie curie;10
reclamo luminaria;10
infracciones autos;10
estudiante secundaria;10
turnos castracion gatas;10
consultar subte;10
ayudame turno;10
inscripcion materias;10
retiren bolsas escombros;10
mensaje momento podemos responder comunicare posible;10
volver tema anterior;10
espero atiendan;10
grabado autoparte;10
ayudes sacar turno;10
tipo sangre;10
charlar representante;10
curso recuperar puntos licencia;10
subcidio;10
servicio penitenciario ciudad;10
cambiar nivel miba;10
turno pap;10
voucher;10
reevaluacion licencia conducir;10
hacer denuncia vehiculo mal estacionado;10
talleres arte;10
turno medico urologia;10
cursos lenguas;10
profesorado ingles;10
dormir;10
sirve decis;10
puede pagar mercado pago;10
pruebas;10
planos casa;10
tarjeta cultural;10
boati;10
cesac cercano;10
nueva audiencia;10
recolecion escombros;10
renovacion cambio juridiccion;10
licencia conducir interjurisdiccional;10
rectificaciones partidas errores omisiones;10
dni gratis;10
estudio resonancia magnetica;10
defensoria consumidor;10
pases tarifas especiales;10
residentes;10
mulya;10
ninos anos;10
parque invierno;10
saco entrada ecoparque;10
consulta informacion transito;10
dar clases;10
reclamo ruidos molestos;10
rendir recibo amparo;10
valor inmobiliario referencia;10
confirmar turbo;10
amenaza escuela hijo pasando;10
inscrpcion;10
tirar residuos;10
tramites registro;10
pagar acta;10
desastre atencion;10
cargar datos;10
sos horrible;10
denuncias transito;10
san juan;10
turno banco ciudad;10
sacar turno renaper;10
orden laboratorio;10
hablar alguien adultos 2000;10
vaciones invierno;10
cambiaron turno;10
mantenimiento;10
hago cuenta;10
patentes caba;10
puta madre pario;10
reagendar turno vtv;10
solicit turno verificacin tcnica vehicular httpwwwbuenosairesgobartramitesturnosvtv;10
sacar turno hijos;10
fan fest mundial;10
bueno chau;10
entrega recibos;10
hable alguien;10
aaaaa;10
renovar beneficio subte;10
certificacion policial;10
multa hacer descargo;10
termine consulta;10
usina;10
comprar entradas ecoparque;10
consulta salud;10
hablar alguen;10
restablecer contrasena;10
odontologia turnos;10
anotarme terminar secundario;10
ayudar sacar turno;10
hacer videollamada controlador;10
denuncias anonimas;10
expres;10
sacar turno resolver multas videollamada controlador;10
equivoque perdon;10
turnos mios;10
cambiar numero celular;10
lamento confusion canal ventas elemental outfit manejamos tramites;10
habitacional 960;10
hacer declaracion jurada;10
suscribete dale campanita recibir notificaciones nuevos videos;10
curso aleman;10
star wars;10
subte hoy;10
sacar sertificado domicilio;10
estacionamiento trucho;10
alicia botanico;10
turno arca;10
queria hacer descargo multa;10
titularidad abl;10
turnos anses;10
abandono;10
turnos tribunal faltas;10
enviar curriculum vitae;10
pago facil;10
sacar turno reumatologia;10
pedir certificado matrimonio;10
viajar gratis subte cud;10
registro administradores consorcios;10
bbb;10
tenes;10
caduco;10
telepase turista;10
solicitud copia planos;10
vehiculo pertenece;10
curso educacion vial otorgamiento licencia;10
cancelar pago;10
preocupacional;10
turno dni instante;10
multa llego;10
generar clave;10
hablar colaborador atencion;10
graciassaludos;10
licencia taxis;10
certificado mudanza;10
scar turno;10
bajar boleta pagar;10
portal turnos ciudad;10
puerta;10
curso idioma;10
atenderse hospitales;10
infraccion corresponde vehiculo;10
embarcaciones;10
cobranzas;10
expo rural;10
informe medico;10
confirmar turnos salud;10
generar multa;10
trabajar hospital;10
adonde auto;10
confirmar turnos medicos programados;10
hacer denuncia anonima;10
cambiar medio pago telepase;10
medico clinico turno;10
infracciones cuit;10
museo ciudad;10
hacer curso virtual aprobar examen;10
turno saque;10
turnos farmacia;10
desague;10
comunicarme comuna;10
csacar turno;10
denuncia autos mal estacionados;10
llega mail confirmacion;10
casa abandonada;10
deuda juicio;10
turno audiencia online;10
pagar infraccion line;10
hoteles;10
tramitar turno;10
deja descargar;10
ayuda psicologica;10
teston;10
museo bellas artes;10
turno controlador faltas presencial;10
cambiar turno odontologia;10
turnos infraccion;10
denuncia consorcio;10
basquet;10
descargar comprobante;10
confirmar turno tambien;10
fecha cobro habitacional;10
turno cambio dni;10
recoger basura;10
filarmonica anos;10
turno verificacion;10
sacar turno resolver multas video llamada;10
mensaje momento podemos responder haremos horario martes domingo 2330;10
beneficios jubilados;10
hacer tramite escuela;10
ospital;10
cambiar cuil;10
baja turno;10
descargar acta matrimonio;10
desbloqueo netbook;10
turno medico ginecologia;10
aplicacion estacionar;10
nacionalizarme;10
hjj;10
gennero maria dni millones 498 245 turno oftalmologia santa lucia catarata;10
adherir boleta electronica;10
consultar infraciones;10
mientras podemos seguir charlando mas salud cambiar tema;10
actualizacion datos;10
renovar boleto estudiantil;10
replicar contenedor;10
recreacion;10
quisiera turno ginecologia;10
revisar multas pagarlas;10
ala;10
mulltas;10
accidente;10
entro miba;10
ver detalle multas;10
registrar cud sube;10
llego mail curso virtual;10
asistente ser humano;10
puede estacionar direccion;10
blanqueamiento;10
