message_ok;count
consultar infracciones transito;96886
infracciones;62486
estacionar;52290
multas;46424
turno;41944
telepase;33123
estacionamiento;30313
turnos;26146
renovar licencia;23425
blanqueo cuenta miba;23037
ensayo filarmonica;18198
chatear;17248
consultar multas hacer descargo videollamada;17118
ciudadania portena;15618
cancelar;15100
turno medico;15020
salud;14093
sacar turno;13605
cancelar turno salud;12682
cedetac;11914
licencia;11201
multa;10202
validar identidad;9643
revisar multas;9491
licencia conducir;9487
licencias;9050
dni;8840
auto mal estacionado;8052
infraccion;7584
rendir recibo;7406
hacerte consulta;6957
hablar alguien;6938
escombros;6718
pagar multa;6347
denuncia vial;6282
confirmar turno;6142
retiro escombros;5933
contactarme equipo termina secundaria;5764
vtv;5371
chau;5358
pagar;5222
ayudas tramitar certificado;4981
actualizar datos cuil;4856
menu;4851
otorgamiento;4804
cancelar turno;4749
infracciones transito;4742
infracciones whatsapp;4715
renovacion licencia;4598
certificado domicilio;4064
turno salud;3998
partida nacimiento;3865
abl;3819
patente;3813
suscribirme novedades ciudad;3810
boleto estudiantil;3772
ayuda;3755
consultar detalles inspeccion local;3733
respuesta automatica horario atencion 1530 whatautoai;3689
resonancia;3675
oftalmologia;3584
pagar multas;3534
renovacion licencia conducir;3469
vehiculo mal estacionado;3375
hablar operador;3258
tramite;3147
auto;3105
agip;3095
denuncia;3087
vacunas;3074
consulta infracciones;3025
audiencia virtual;2984
vacuna;2980
chatear alguien;2973
renovar licencia conducir;2955
inscripcion escolar;2931
habitacional;2888
filarmonica;2789
turnos medicos;2684
registro;2609
hablar persona;2596
listo;2566
libre deuda;2564
odontologia;2559
hospital;2509
patentes;2505
consultar solicitud;2494
habla agip;2492
turnos salud;2443
sacar entrada ver ensayos orquesta filarmonica;2411
mamografia;2354
pago voluntario;2350
dudas licencia;2347
sirve linea 108;2326
consulta;2276
mal estacionado;2244
consultar;2214
turno hospital;2196
sube;2190
pagar infracciones;2174
noches;2145
pagar infraccion;2111
salir;2059
controlador;2029
vacunacion;2013
renovacion;2004
miba;1997
cambiar turno;1971
subsidio habitacional;1965
turno controlador;1958
vacuna antigripal;1945
multas transito;1912
hol;1896
castracion;1869
voluminosos;1841
blanqueo cuenta;1820
renovar registro;1808
consultar ciudadania portena;1804
tomografia;1803
paso;1798
teatro colon;1795
verificacion policial;1750
partida nacimiento online;1739
reclamo;1735
renovar dni;1732
audiencia;1708
dermatologia;1656
cud;1656
traumatologia;1619
vehiculo;1603
recorrer bam;1583
recoleccion programada;1579
renovacion registro;1578
confirmo turno;1569
auto abandonado;1550
confirmar;1504
clinica medica;1501
poda;1498
mas;1495
hablar representante;1492
adultos 2000;1492
cuenta;1452
cardiologia;1447
tramites;1439
operador;1411
cursos;1388
dale;1372
solicitar turno;1367
tad;1363
pasaporte;1354
puede estacionar;1350
consultar multas;1346
pedir turno;1336
hablar asesor;1327
basura;1308
info licencias conducir;1272
cesac;1255
turno dni;1236
confirmo;1233
sacar turno hacerme estudio;1226
registro conducir;1211
covid;1183
recoleccion escombros;1176
inscripcion;1172
bueno;1171
turno presencial;1168
escombro;1167
defensa consumidor;1165
estaciono;1155
asesor;1153
holaa;1148
consultar infracciones;1142
fin;1135
hospitales;1130
infraccion transito;1128
sacar licencia;1126
orquesta filarmonica;1121
descargo;1120
entrar;1105
hacer reclamo;1101
mal estacionamiento;1095
contenedor;1095
imprimir boleta;1093
neurologia;1086
ginecologia;1078
hablar humano;1078
cambio domicilio;1074
puntos;1061
scoring;1038
adios;1036
bien;1035
hols;1030
infraciones;1015
sube estudiantil;1015
iniciar tramite;1007
controlador faltas;995
crear cuenta;994
turismo ciudad;992
vacuna covid;987
cambie domicilio dni renovar licencia;983
ausa;963
consultar turno;956
pago;941
residuos;934
olvide contrasena;933
turno vtv;930
renovar;930
turno infracciones;928
hablar controlador;928
consultar turnos;921
otorgamiento licencia;917
sacar turno medico;892
chatear operador;890
recuperacion cuenta;881
antigripal;879
imprimir boletas;878
comprobante plan pago vencido;877
ruidos molestos;873
endocrinologia;872
ver;871
gastroenterologia;860
recoleccion;845
subte;839
ahora;839
online;835
presencial;827
discapacidad;824
retiro poda;820
ingresar;814
solicitud;812
retiro escombro;807
deuda;787
turno odontologia;778
resonancia magnetica;772
holaaa;771
vereda;768
educacion;767
hacer descargo;763
bui;762
deuda patente;758
igualmente;752
humano;747
acarreo;742
cesacs;741
acabo participar capacitacion agentes calle;737
trabajo;732
pase cultural;729
ver multas;725
contrasena;720
laboratorio;716
reprogramar turno;714
renovacion dni;713
residuos voluminosos;712
boty;710
resolver controlador;710
denunciar auto mal estacionado;702
tele pase;699
transito;699
ingresos brutos;699
okey;698
turno oftalmologia;690
hablar agente;689
vacuna gripe;687
rendir recibo habitacional;683
pague;680
ecografia;679
hice;678
pago voluntario infracciones;668
mensaje momento podemos responder haremos posible;665
permitido estacionar;665
pediatria;663
cenat;660
subsidio habitacional 690;658
voluminoso;655
turno virtual;651
confirmado;641
reportar vehiculo;638
becas;634
nivel;629
comuna;625
turnos hospital;624
retirar escombros;622
cuenta miba;622
recuperar contrasena;619
consulta multas;601
denunciar;599
linea 102;599
perfecto;589
cuidadania portena;584
turno boleto estudiantil;583
turno licencia conducir;583
finalizar;579
confirmar turnos;575
plan pago vencido;575
videollamada;573
salud mental;566
hablar;562
ensayos filarmonica;561
renovacion registro conducir;559
fiebre amarilla;559
espero;559
multa transito;554
hoka;551
turno ginecologia;547
ensayo;542
ver turnos;542
tal;540
turno licencia;538
higiene urbana;536
barrido;531
mascotas;531
turno comuna;529
blanquear cuenta;527
persona;526
pagar infracciones transito;524
turno vacuna;524
boleta abl;522
casamiento;520
terminar secundario;519
vehiculo abandonado;516
moto;507
multas caba;504
ola;504
hospitales publicos;502
pagar bui;499
reclamos;497
gripe;497
pagar infraccion transito;491
vacuna fiebre amarilla;490
manipulacion alimentos;489
partida;489
descargo multa;489
pago multa;488
147;485
turno resonancia;482
beca ciudad;481
consultar puntos;479
restos poda;478
colon;478
partida matrimonio;476
pagar multa transito;472
informacion;471
habitacional 690;469
partida defuncion;469
partidas;465
otorgamiento licencia conducir;463
audiencia online;463
controlador transito;463
grua;462
direccion;461
ciudadania;461
pago multas;461
denuncias;460
sacar partida nacimiento;460
matrimonio;457
medico;457
entrar miba;453
recuperar cuenta;452
bot club san albano favor ingresa opcion correcta;451
retiro programado;450
limpieza;450
dengue;449
grabado autopartes;449
constancia domicilio;445
partidas nacimiento;445
dentista;445
becas ciudad;443
cambiar tema;441
saludos;440
sirve;439
sacar turno hospital;438
ensayo filarmonico;437
turno controlador faltas;436
renovar registro conducir;435
retencion vehiculo;435
blanqueo;435
turnos hospitales;434
ivc;433
dar baja telepase;432
favor;431
estacionamiento medido;431
hla;429
retiro residuos;429
hacer vtv;429
revisar multa;429
pagar estacionamiento;429
oftalmologo;426
sacar turno controlador;423
pague cenat;422
terminar secundaria;420
108;420
consultar infracciones transitohola consultar infracciones transito;418
recoleccion residuos;417
deuda patentes;416
funciona;415
retiro muebles;415
vereda rota;415
peaje;413
error;413
turno pediatria;412
perdon;408
poda arboles;408
pago infracciones;407
sacar licencia conducir;405
movilidad portena;403
hago;402
libre deuda infracciones;400
curso;400
antecedentes penales;398
perfil;398
ingresar miba;397
deuda telepase;394
opcion;394
podes ayudar;392
castraciones;390
hospital fernandez;389
poda arbol;386
volver;386
medico cabecera;385
registro civil;384
hospital publico;384
clave;384
ampliacion licencia;383
renovar pasaporte;383
sacar turno salud;380
turno vacunacion;378
reportar error;377
tarjeta ciudadania portena;376
ampliacion;376
manana;374
resolver infracciones;373
turno cesac;372
entrar cuenta;370
consulta infracciones transito;369
turismo;369
eventos ciudad;368
desratizacion;367
clave ciudad;366
curso manipulacion alimentos;366
mas subtes;365
ecoparque;365
puntos licencia;362
domicilio;361
resonancias;361
cambiar contrasena;360
turno vacuna antigripal;360
urologia;360
telepeaje;359
holis;356
acta nacimiento;356
reubicar contenedor;355
infracciones caba;354
terminar;353
luminaria;353
desastre;353
hila;352
beca;349
agendar;347
holq;346
hoal;346
situacion calle;345
vacuna dengue;344
turno mamografia;344
pediatra;342
jola;341
atras;340
baja;339
charla renovacion;338
abonar;337
chatear controlador;335
empleo;334
hacer multa;333
sigo esperando;332
alergia;332
vacunatorios;331
pagar abl;330
sacar turno dni;329
contenedores;327
turno laboratorio;327
servis;327
sacar libre deuda;327
revisar infracciones;325
audiencia presencial;321
info ciudadania portena;320
validar;320
ver infracciones;319
saldo;319
acta matrimonio;319
solicitudes;317
entiendo;315
turno hospitales;315
funciona app;314
pagar online;313
provincia;313
tramites turnos;313
comprobante;313
hacer denuncia;311
buepp;310
hacer;307
inscripcion escuelas;303
argentina;303
consulta turno;303
turno renovacion licencia conducir;303
traumatologo;303
registrarme;302
renovacion cud;301
vacunatorio;301
pagarla;299
turno traumatologia;299
veredas;298
homa;297
representante;297
saco turno;296
charla virtual;295
denuncia mal estacionamiento;293
cambiar turno vtv;293
turno controlador transito;292
veterinaria;292
ciudad;291
vehiculo infraccion;291
certificado nacimiento;291
turno agip;291
termina secundaria;288
diabetologia;287
denuncia auto mal estacionado;287
sacar certificado domicilio;287
arreglo vereda;287
turno renovacion licencia;287
entradas;285
turno renovar licencia conducir;285
consultar vacante escolar;284
hospital rivadavia;284
descargo multas;284
cambiar mail;283
turno tomografia;283
vacunacion antigripal;282
sacar turno vtv;282
boleto educativo;282
estare;281
holi;281
nivel seguridad;281
numero;281
baja telepase;280
cambiar fecha;279
desuscribirme;278
tarde;277
boleto;277
titulo secundario;276
turno dermatologia;276
plan pago;275
asi;273
seguimos;272
clave miba;272
atencion;272
carnet conducir;272
boleto universitario;272
agente;271
pagar tarjeta;270
denunciar vehiculo mal estacionado;270
soporte;270
validacion identidad;269
turno resonancia magnetica;269
genial;269
nuevo turno;268
turno multas;268
renovar cud;268
numero partida;267
actualizar datos doc cabecera;266
ingresar cuenta;265
amable;265
whatsapp;264
hablar alguien equipo;264
sacar turnos;264
ginecologa;264
undefined;263
otorrino;263
deuda abl;263
hijo;262
turno cardiologia;262
lado derecho;261
consultar multa;260
ciudania portena;259
turnos medico;259
beca alimentaria;258
boleta;258
hematologia;258
descargo infraccion;257
turno vacunas;257
pagar multas transito;257
pagar patente;257
basura desparramada;255
certificado;254
hija;254
hospital argerich;254
turno renovar licencia;253
tramites distancia;252
medico clinico;252
caba;252
hacer consulta;252
turno ecografia;252
eventos;251
agc;251
castracion gatos;250
retiro;250
crear cuenta miba;249
resolver multas;249
hacer pago voluntario;246
muchisimas;246
telefono;246
asistire;245
ninguno;245
recoleccion poda;244
info colectivos ciudad;244
recuperar puntos;244
subcidio habitacional;243
certificado discapacidad;242
turno hoy;242
deja;242
solicitar partida nacimiento;242
validar identidad miba;241
buendia;241
ticket social;240
sigo;240
retiro residuos voluminosos;239
subir nivel;239
consulta infraccion;239
menu principal;239
ratas;239
psicologia;238
mail;238
cerrar;237
equivoque;236
sacar registro;235
app;234
dar baja;234
vehiculo retenido;234
recibo sueldo;234
turno registro;233
foto;233
turno neurologia;233
turno pediatra;232
multas auto;232
vehiculos;231
canselar;230
certificado legalidad;229
bot;229
hospital santa lucia;229
analisis sangre;228
abitacional;228
abonar multa;227
sacar;227
duplicado licencia;227
barrendero;227
aprende;226
escuela;226
hoa;225
blanqueo clave;225
iniciar sesion;225
santa lucia;225
baja patente;224
hacer descargo multa;224
nueva consulta;223
turno ciudadania portena;223
queria sacar turno;223
gracia;223
blanqueo clave miba;222
inscripcion escuela;221
ginecologo;221
pista manejo;221
turno hijo;220
descargo infracciones;220
entradas colon;220
inscripcion linea;219
arbol;218
primera vez;218
pago voluntario multas;218
turnos agendados;217
turno medico clinico;217
turno manana;217
especialidad medica;216
video llamada;216
jubilados;215
cardiologo;215
acta;215
perdi dni;214
consultar multas hacer descargo presencial;214
turno castracion;214
charla;213
turno verificacion policial;213
queja;213
licencia moto;212
sube cud;212
multas infracciones;211
pago infraccion;211
nathy nybshoes whatsapp solo compra calzado mayorista zapatos botas multas transito tramites publicos;211
retiro electrodomesticos;210
tema;210
licencias conducir;210
sube discapacidad;210
neurologo;210
reparacion vereda;209
gratis;209
turno videollamada;208
animales;208
barrio colon;208
curso vial;207
sacar turno licencia conducir;207
ayudas;207
pagar tarjeta credito;206
peajes;206
oftalmologica;205
consulta solicitud;205
multas patente;205
taxi;205
especialista;204
sii;204
puto;203
hoy;203
sacar turno boleto estudiantil;203
mil;203
ver multa;202
luminarias;202
reclamo multa;202
portena;201
vacuna neumonia;201
libreta sanitaria;201
deja entrar;201
mas salud;200
curso educacion vial;200
copia planos;199
pagarlas;199
resultados laboratorio;198
generar boleta;198
consultar licencia;197
pago bui;197
descuento;197
turno sube estudiantil;196
videollamada controlador;196
oki;196
guardia;195
hablar ser humano;195
endocrinologo;195
llego;195
grasias;195
problemas miba;195
clinico;195
secundaria;194
turno vacuna covid;194
inicie sesion;194
colectivo;194
hablar cedetac;193
odontologo;193
busco trabajo;193
info;193
pago voluntario multa;192
holaaaa;192
duplicado licencia conducir;191
certificado convivencia;191
palacio ceci;191
consultar tramite;191
curso virtual;190
llevaron auto;190
horario;189
termine;189
foto multa;189
argerich;189
legalizar titulo secundario;189
zona tarifada;189
confirmo turnos;188
deportes;188
seguir;187
recibo;187
persona situacion calle;187
documentacion;187
ecografia mamaria;187
oftamologia;187
cuit;187
ensayo colon;186
resolvio;186
confirma turno;186
ninguna;186
hice charla;185
ampliacion licencia conducir;185
turno infraccion;185
cdtac;185
descargar;185
secundario;185
intentando hacer verificacion identidad aplicacion miba resulta imposible dni nuevo trae codigo barras aplicacion actualizada verificar dni nuevo paso exactamente mismo afip hicieron persona capital federal cambiar contrasena falta respecto estan haciendo ninun pais mundo atreven tanta inoperancia;185
cancelar turno medico;184
certificado defuncion;184
conducir;184
vacunarme;184
retirar dni;183
duplicado;183
imprimir;183
pregunta;182
mierda;182
lado izquierdo;182
docente;182
especialistas;181
ingrese;181
turno hija;181
turno clinico;181
infectologia;181
acta infraccion;181
resultados;181
estudios;180
pague bui;179
chatear persona;179
entendes;179
numero tramite;178
multas dni;177
gastroenterologo;176
hospital pirovano;176
vacunacion covid;176
turno sube;176
llevar;176
natacion;176
turno dentista;176
turno hospital santa lucia;175
adultos2000;175
ver turno;175
cerrar sesion;175
tarjeta;175
analitico;175
correcto;175
partida casamiento;174
carnet manipulacion alimentos;173
proxima vencer;173
sacar turno infracciones;173
usuario;172
turno oftalmologo;172
gola;172
sacar turno presencial;172
funciona pagina;172
emova;172
datos;172
documento;171
linea;171
higiene;171
perdi;170
hacer tramite;170
entregar recibo;169
turno resolver infracciones;169
denunciar mal estacionamiento;168
farmacia;168
libre deudas;167
ampliar licencia;167
urologo;166
reportar auto mal estacionado;166
1150500147;166
suscripciones;166
certificado domiciliario;166
reclamar;166
infracion;165
hospital ramos mejia;165
certificado matrimonio;165
subte tenes contarme;165
inicio;165
denunciar vehiculo;164
turno santa lucia;164
deuda infracciones;164
recupero puntos;163
anos;163
libre deuda multas;163
cambio jurisdiccion;163
consulta puntos;163
dni nuevo ejemplar;163
vehiculos infraccion;162
entradas filarmonica;162
pista aprendizaje;162
luego;162
atencion social;162
moratoria;162
inscripciones;161
cementerio;161
dermatologo;161
factura;161
mejora barrido;161
sacar turno ginecologia;161
graciass;161
derivacion;160
preinscripcion;160
muebles;159
pagos;159
union convivencial;159
basta;159
citacion;158
anses;158
alumbrado;158
denuncia estacionamiento;157
consulta multa;157
blanqueo miba;157
embargo;157
expediente;156
reclamar multa;156
pago patente;156
charla renovacion licencia;156
retencion licencia;156
cambiar usuario;156
boletas abl;156
defuncion;156
cambio turno;156
escribir datos;156
sacar dni;155
sacar turno odontologia;155
paga;155
pedi;155
salud turnos;155
ayudame;155
confirmar turno medico;154
esperando;154
volver intentar;154
pago voluntario infraccion;154
especialista turno previo;154
pami;154
renovacion licencia taxi;153
ferias;153
trabajar;153
problema;153
historia clinica;153
retiro restos poda;153
solicitud partidas;153
reprogramar;153
mensaje automatico horario atencion lunes viernes 16hs comunicas emergencia llamanos dejanos mensaje indicando emergencia comunicaremos mayor celeridad posible;152
pileta;152
reportar vehiculo mal estacionado;152
boleto estudiantil universitario;151
hooa;151
otorrinolaringologia;151
fecha;151
fecha cobro;151
mal;151
denuncia ruidos molestos;150
estacionae;150
denuncia vehiculo mal estacionado;150
desratizar;150
cambiar;150
divorcio;150
nogracias;150
acta defuncion;149
opciones;149
consulta bax;149
cuil;149
aires;148
empadronamiento;148
ver mas multas;148
rendir recibo subsidio habitacional;148
cultura;148
resolver infraccion;148
boletin;147
neumonia;147
concha madre;147
puede;147
descargar partida nacimiento;147
oculista;147
virtual;147
reclamo telepase;147
numero equivocado;147
hice tramite;146
nono;146
vacunacion antirrabica;146
turno renovar dni;146
turno otorrino;146
estudio;146
oficios;146
inutil;145
filarmonica colon;145
bache;145
registrar sube;145
semaforo;145
neumonologia;145
multas vehiculo;145
certificado domicilio real;145
turno ginecologa;144
turno cgp;144
turno pasaporte;144
controlador infracciones;143
consulta ciudadania portena;143
chiste;143
quisiera sacar turno;142
cambio domicilio dni;142
chat;142
autos abandonados;142
costo;142
descargar boleta;142
consultar multas hacer descargo;142
oficios artes;142
pague multa;142
certificado antecedentes penales;141
resolver infracciones transito;141
puntos verdes;141
resultado laboratorio;141
sacar escombros;141
cancelo turno;141
activar telepase;141
consulta turnos;140
infracciones auto;140
cambiar fecha turno;140
faltas;140
modificar turno;140
cuidania portena;139
turno traumatologo;139
pase;139
deudas;139
renovar licencias;139
ampliacion registro;139
turnos pendientes;139
empadronarme;139
renovacion cambio jurisdiccion;139
pase subte;139
turno neurologo;138
recibo habitacional;138
vivienda;138
vacuna antirrabica;138
sacar partidas nacimiento;138
cursos gratuitos;138
turno urologia;138
turno vacuna gripe;138
turno controlador infracciones;138
hospital durand;138
legajo;138
presentar descargo;138
denuncia venta;137
sacar turno licencia;137
solicitud partida nacimiento;137
boleta bui;136
colectivos;136
eventos fin semana;136
telepase activo;136
llamar;136
anular turno;135
cancelo;135
nuevo;134
reubicacion contenedor;134
numero solicitud;134
pagar multa online;134
estaciona;134
vacante;134
validacion;134
psiquiatria;134
pedir partida nacimiento;134
licencia taxi;133
hospital alvarez;133
horarios;133
lei;133
turno previo;133
zoonosis;133
confirmacion turno;132
llego mail;132
creditos vivienda;132
anda cagar;132
turno resolver multas;132
plan pagos;132
hablar asistente;132
subsidio;132
equipo;132
turno ginecologo;132
boleta pago;132
kinesiologia;132
ive;132
144;131
centro salud;131
mensaje momento disponibles responderemos tan pronto regresemos;131
ensayo filarmonica teatro colon;131
actualizar partida nacimiento;131
inscribirme;130
infracciones dni;130
tramite dni;130
vencio;130
cancelar turno vtv;130
llego multa;130
castracion perros;130
vacunar;130
abonar multas;130
atencion veterinaria;129
sacar turno pediatria;129
renovacion pasaporte;129
servicios reclamos;129
abonar infraccion;129
olvide contrasena miba;128
factura abl;128
audiencia controlador;128
retiro basura;128
turnos infracciones;128
inutiles;128
holaaaaa;128
estacionamiento permitido;128
cancelar solicitud;127
turno confirmado;127
momento;127
subte jubilados;127
turno endocrinologia;127
inscripcion secundaria;127
buenisimo;127
neumococo;127
cuenta bue;126
especialistas turno previo;126
solicito turno;126
salud turno;126
pirovano;126
adulto 2000;126
nuevo ejemplar;125
turno hospital argerich;125
antirrabica;125
audiencia virtual infracciones;125
pagar telepase;125
controlador multas;125
psiquiatra;125
resolver multa;125
subsidio 690;125
contenedor basura;125
cambiar horario;125
certificado supervivencia;125
renovacion carnet conducir;125
tag;125
hablar controlador transito;125
obelisco;124
sacar nuevo turno;124
vehiculos mal estacionados;124
atenderme hospitales;124
consultas;124
aviso obra;124
licencia conducir renovacion;124
imprimir multa;123
denuncia mal estacionado;123
multas provincia;123
arboles;123
transporte;123
abonar infracciones;123
veterinario;123
link;123
formulario;123
ramos mejia;123
cedetac resonancia magnetica;123
sacar turno comuna;122
pagar buepp;122
hablar controlador faltas;122
blanquear;122
vacuna neumococo;121
multad;121
sinfonica;121
turno cedetac;121
turno pediatrico;121
equivocado;121
cmo;120
deporte;120
empleos;119
turno medicos;119
cobro;119
ingresar tad;119
abone;119
suscribirme;119
pude;119
rutramur;119
pagar cenat;119
graciasss;119
anda;118
cirugia;118
ayuda miba;118
recoleccion escombro;118
validar datos;118
hospital gutierrez;118
buscar cesac;118
reumatologia;118
nesecito turno;118
multa auto;117
pase discapacidad;117
castracion gatas;117
soporte miba;117
resto poda;117
saldo ciudadania portena;117
recoleccion basura;117
presentar recibo;117
licencia renovacion;117
ayudando;116
psicologo;116
2026;116
certificacion domicilio;116
primera opcion;116
libre deuda patente;116
igual;116
nooo;116
ensayos teatro colon;115
registro automotor;115
consulta tramite;115
sacar turno oftalmologia;115
turno gastroenterologia;115
comprobante pago;115
turno hospital fernandez;115
videollamada controlador transito;115
impuesto patentes;115
dominio;114
obstetricia;114
sacar turno controlador transito;114
colaborativa;114
consultar infraccion;114
auto acarreado;114
polisomnografia;113
hospital tornu;113
beca estudiantil;113
turno persona;113
nuevo dni;113
hospital muniz;113
perros;113
numero partida abl;113
chao;113
pagar deuda;113
saque turno;113
tirar escombros;113
turnos dni;112
atendieron;112
queria turno;112
denunciar infraccion;112
contame sepas clemente;112
digito verificador;112
planos;112
preinscripcion escolar;112
informe dominio;112
multaa;112
ensayos;112
ruidos;112
asistente;112
urgente;112
line;112
denuncia transito;111
orquesta sinfonica;111
turno video llamada;111
boleta electronica;111
denunciar auto;111
precio;111
analisis;110
charla renovacion licencia conducir;110
turno renovacion;110
apto fisico;110
deja pagar;109
consultar deuda;109
volquete;109
entendi respuesta favor indicame necesitas mas ayuda escribi letra opcion seleccionada;109
turno renovar registro;109
clima;109
hablar persona real;109
pagina;109
becas alimentarias;109
teatro;109
retiro ramas;108
documentos;108
turno cud;108
hospital penna;108
renovar licencia taxi;108
boy;108
antitetanica;108
retirar escombro;108
multa mia;108
policial;108
inmobiliario;108
muktas;107
manana turno;107
cancelar turnos;107
turno renovacion registro;107
sedetac;107
deuda agip;107
turno dermatologo;106
castracion gato;106
abonarla;106
lugar;106
cud sube;106
concubinato;106
valuacion fiscal;105
boleto educativo educacion superior;105
turno registro conducir;105
museos;105
turno casamiento;105
resolvi;105
turno online;105
tarjeta portena;105
hice curso;105
confirmar turno salud;105
continuar;105
mia;105
entradas ensayo filarmonica;105
contactarme ausa;105
blanquear cuenta miba;104
ensayo teatro colon;104
sos;104
valido identidad;104
descuento pago voluntario;104
estudios medicos;104
entrar tad;104
via publica;104
funciona bax;104
cirugia plastica;104
cancelar turno verificacion policial;104
nueva solicitud;104
puntos scoring;104
plan sarmiento;104
sacar turno renovar licencia conducir;104
cosa;104
solucione;104
ensayos colon;103
tarjeta credito;103
entradas teatro colon;103
turno clinica medica;103
pago estacionamiento;103
ayudame sacar turno;103
recuperar cuenta miba;103
carnet;103
sacar turno resonancia;103
mayo;103
reprogramar turno vtv;103
seguridad;103
inscribo;103
turno presencial infracciones;103
estudiar;102
asistir;102
comprobante libre deuda;102
residuos grandes;102
salid;102
grua llevo auto;102
validar identidad app;102
noooo;102
multa patente;102
turnoa;102
filarmonica aires;102
boletas;102
rendir;101
comprobante vencido;101
electrodomesticos;101
neurologia infantil;101
rendir subsidio habitacional 690;101
tramite ciudadania portena;101
antineumococica;101
boletin escolar;101
descargar multa;101
hacer certificado domicilio;101
partida nacimiento actualizada;101
bue;101
cambiar datos;101
siii;100
realizar descargo;100
arbolado;100
turno renovacion dni;100
averiguar multas;100
pedi turno;100
turno cardiologo;100
ciudad bilingue;100
solicitud retiro escombros;100
pagar line;100
conectarme miba;100
vencio anterior;99
centros salud;99
turno pagar multas;99
agio;99
pagar descuento;99
turno hospital rivadavia;99
cambiar cuenta;99
barrido calles;99
oka;99
bye;99
chat infracciones;99
licencia conducir moto;99
hoy turno;99
actas;99
movilidad;99
pago online;99
neumonologo;99
rendir resibo;98
app miba;98
centro diagnostico;98
resolucion infracciones;98
turno antigripal;98
cedula notificacion citacion;98
estacionar caba;98
talleres;98
hepatitis;98
plan facilidades;98
estacionamientos;98
numero telefono;98
heladera;98
denuncia defensa consumidor;98
turno vacunarme;98
anda pagina;98
habilitacion;98
ingreso;97
otorgar licencia;97
fotomulta;97
jardin maternal;97
solicitud certificado deudor alimentario;97
educacion vial;97
hacer curso;97
imprimir infraccion;97
legalizacion titulo secundario;97
vacaciones escuela;97
pagar boleta;97
recuperar clave;97
olvide clave;97
linea 108;97
buena;97
contacto;97
particular;97
dejar;97
dos;97
problemas;96
comunicarte dra pintado luciana ayudarteen cuanto pueda respondogracias atencion lunes miercoles viernes 730hs 1730hs;96
retiro poda domiciliaria;96
recibos sueldo;96
estacionar aqui;96
pagar tramite;96
h9la;96
cursos gratis;96
noo;96
quisiera turno;96
masculino;96
cgp;96
iibb;95
iluminacion;95
ver foto;95
telepasehola;95
radiografia;95
turno registro civil;95
boleta cenat;95
sacar registro conducir;95
estan;95
hacer dni;95
miju;95
ver tramite;95
verguenza;95
pago abl;95
turnos cesac;95
telepase deuda;94
licencia retenida;94
certificado covid;94
ver foto multa;94
partida nacimiento digital;94
tueno;94
declaracion jurada;94
hlla;94
excelente;94
residuos voluminoso;93
entrar pagina;93
alli estare;93
rendir subsidio habitacional;93
tomografias;93
pagar peaje;93
aysa;93
okgracias;93
sacar turno hijo;93
electrocardiograma;93
programa sumar;93
libre deuda patentes;93
atencion personalizada;93
aprendeba;93
aplicacion;92
interesa;92
pasar nivel;92
actualizar datos;92
sacar turno resolver multas videollamada controlador transito;92
sacar turno persona;92
sacar turnos medicos;92
sacar turno controlador faltas;92
realizar multa;92
certificado residencia;92
turno audiencia virtual;92
confirme;92
inscripcion jardin;91
oficios arte;91
verificacion policial automotor;91
infracciones vehiculo;91
clave nivel;91
catastro;91
confirme turno;91
spect;91
cedula verde;91
curso reasignacion puntos;90
ciudadana portena;90
certificar domicilio;90
dni express;90
moto mal estacionada;90
alumbrado publico;90
jubilado;90
turno gastroenterologo;90
cuanto sale;90
vacunacion gripe;90
habilitaciones;90
blanquear clave;90
titular;90
estacion;90
nivel miba;90
eco parque;89
sacar turno traumatologia;89
retuvieron moto;89
rendir resivo;89
denuncia vehiculo;89
vacaciones invierno;89
turno oculista;89
infracciones patente;89
tarjeta sube;89
botia;89
volver atras;89
duda;89
tirar muebles;89
123;89
consultar infracciones transitoa;88
castracion mascotas;88
recoleccion residuos voluminosos;88
gente situacion calle;88
consultar turno medico;88
gastronomia;88
constancia;88
sabado;88
turno farmacia;88
renovacion licencias;88
resultados analisis;88
hacerlo;88
especialidades;88
neumologia;88
tenia turno;87
bolsa trabajo;87
nacimiento;87
multas telepase;87
denuncia obra;87
ubicacion;87
cree cuenta;87
hospital udaondo;87
audiencia infracciones;87
bolsas;87
horario atencion;87
hospital zubizarreta;87
supervivencia;87
copia partida nacimiento;87
consulta medica;87
acceder;87
turno habitacional;87
sacar turno cesac;86
sube escolar;86
estacione bien;86
oncologia;86
sacar turno laboratorio;86
hacer reclamo controlar infracciones toco sorteo regimiento patricios;86
hablar agip;86
dame turno;86
denunciar obra;86
turnos odontologia;86
cud subte;86
ayudar sacar turno resolver multas videollamada controlador transito;86
ver acta;86
hablar alguien cedetac;86
resolver;86
requisitos;86
vez;86
registrarme miba;85
empadronar;85
tarifa progresiva;85
turno regimiento patricios;85
extraccion arbol;85
constancia ingresos brutos;85
estafa;85
obra;85
deja ingresar;85
sorpresa verte jugando;85
otorrinolaringologo;85
cedatac;85
baja patentes;85
consultar puntos licencia;85
pesima atencion;85
partida abl;85
abonarlas;85
retirar poda;85
jubilada;85
consultar patente;85
confirmo asistencia;85
sede comunal;85
finalizar chat;85
empezar;85
validar cuenta;84
acarreo auto;84
acta transito;84
ensayo filarmonica colon;84
hospital duran;84
pagar mercado pago;84
turno confirmar;84
imprimir boleta infraccion;84
clave agip;84
turbo;84
turno controlador multas;84
arca;84
sesac;84
domingo;84
ano;83
turnod;83
sacar turno medico clinico;83
patente automotor;83
confirmado turno;83
turno programado;83
pase cultural jubilados;83
dni argentino;83
certificado legalidad licencia conducir;83
endocrinologa;83
botib;83
cancelar tramite;83
turnos vacunacion;83
impuesto patente;83
turno endocrinologo;83
hdp;83
turni;83
orquesta;83
celular;83
problemas tad;82
empezar nuevo;82
perdon equivoque;82
seguimiento tramite;82
tac;82
comprobante pago vencido;82
chatear humano;82
huella digital;82
escuelas;82
turno presencial controlador;82
lpm;82
boleta agip;82
turno hospital gutierrez;82
validar identidad digital;82
personas situacion calle;82
revisar multas dominio;82
turno audiencia;81
denunciar auto abandonado;81
hora;81
registro moto;81
orden;81
mina;81
turno multa;81
sacar turno videollamada;81
subte gratis jubilados;81
categoria;81
turno cambio domicilio;81
ingles;81
junio;81
pase jubilados;81
debito automatico;81
avisarme;81
busco;81
tramitar dni;80
ver infraccion;80
tramite licencia;80
acta intimacion;80
subsidios;80
imprimir multas;80
recuperar contrasena miba;80
subte discapacidad;80
pdf;80
reclamo infraccion;80
sacar turno renovar licencia;80
cita;80
expensas;80
desastre hicieron perder tiempo solucion;80
ecobici;79
reclamo multas;79
generar imprimir boletas;79
bloqueo cuenta;79
entrar app;79
hacer curso virtual identidad marca;79
turnos vacunas;79
turno sede comunal;79
pago cenat;79
hablar persona fisica;79
graciad;79
pagar patentes;79
sacar turno ciudadania portena;79
cementerio chacarita;79
boleta patente;79
ayudaste;79
validacion biometrica;79
dni renovacion;78
estscionar;78
turno estudio;78
secuestraron moto;78
pasa;78
estacionar ciudad;78
audiencia virtual multas;78
hijos puta;78
numero llamar;78
programa ciudadania portena;78
cambiar horario turno;78
acceso denegado;78
cambiar domicilio;78
casa cuna;78
luz;78
retiro mueble;78
contrasena miba;78
retuvieron vehiculo;77
antecedentes;77
infraccione;77
dni nuevo;77
dice acceso denegado;77
atencion medica;77
turno odontologico;77
subte gratis;77
sacar turno verificacion policial;77
jardin;77
cancelaron turno;77
copia plano;77
deuda multas;77
hacer descargo infraccion;77
turno pagar multa;77
especialidad;77
cordon amarillo;77
remocion escombros;77
turno urologo;76
deja sacar turno;76
extravio dni;76
pedir turno medico;76
sacar turno registro;76
boletines;76
validad identidad;76
generar bui;76
hacer curso virtual;76
blanqueo contrasena;76
union civil;76
sabes infracciones;76
sisi;76
nuevo ejemplar dni;76
impuesto inmobiliario;76
reciclaje;76
turno actas transito;76
quejas;76
ministerio educacion;75
foto infraccion;75
hice charla virtual;75
banco ciudad;75
retirar residuos;75
tirno;75
turno matrimonio;75
turno validar identidad;75
hospital pena;75
vence;75
hacer finde;75
renovar carnet conducir;75
sacar turno hospital argerich;75
mascota;75
gustaria cancelar cita programada;75
blanquear contrasena;75
cancela;75
tribunal faltas;75
numero acta;75
comisaria;75
renaper;75
atenderme hospital;75
video llamada controlador;75
sacar turno tomografia;75
graciassss;75
renove;75
funciona link;74
cambiar email;74
charla vial;74
reportar;74
bot recepcion reclamos higiene empleados gcba empezar pido envies foto ilustre reclamo;74
avisar;74
inscripcion primaria;74
solo;74
turno salud mental;74
queria hacer consulta;74
sacar turno resolver multas;74
ficha salud;73
infraccion auto;73
boleto escolar;73
turno hospital pirovano;73
generar imprimir boleta;73
activo;73
policia;73
recordarme;73
reevaluacion;73
hacer descargo multas;73
pagar estacionamiento medido;73
mas servicios barrio;73
wifi;73
turno odontologo;73
sacar turno sube estudiantil;73
ire;73
dios;73
seguimiento;73
queria pedir turno;73
turno hospital durand;73
crear usuario;73
cedtac;73
hpla;73
tecnologia;72
licencia medica;72
stickers;72
control faltas;72
mercado pago;72
turno oftalmologico;72
veredas rotas;72
chatear 147;72
calle;72
espacio publico;72
violencia genero;72
colchon;72
adultos;72
mover contenedor;72
turno nuevo;72
zubizarreta;72
limpieza vereda;72
tramitar partida nacimiento;72
recoleccion ramas;72
imposible;72
consultas agendadas;72
pagar presencial;71
tarifa social;71
vtv turno;71
retiro voluminosos;71
renovar vtv;71
ayudas tramitar certificado domicilio;71
resultados analisis sangre;71
residencias medicas;71
codigo;71
elegir turno;71
licencia profesional;71
controlador falta;71
infecciones;71
subte cud;71
eatacionar;71
titulo;71
audiencia line;71
exencion;71
alta patente;71
hospital santojanni;70
exencion patente;70
turno vacunatorio;70
pagar agip;70
colonia invierno;70
seguir tramite;70
sacar turno pagar multa;70
vacunas covid;70
entradas ecoparque;70
reasignacion puntos;70
activo telepase;70
registre;70
actividades;70
clinica;70
avitacional;70
ver todas multas;70
generar boleta pago;70
nombre;70
hago pagar;70
puntos registro;70
ver comprobantes;70
extranjero;69
menor;69
recoleccion muebles;69
legalizar titulo;69
vencio hace mas ano;69
sacar turno nuevo;69
tramitar certificado domicilio;69
ver recibo sueldo;69
solicitar turno medico;69
turno covid;69
analitico secundario;69
retirar vehiculo;69
entrega recibo;69
recordatorio;69
cargan ciudadania portena;69
termina secundario;69
examen residencia;69
legalizacion;69
imprimir infracciones;69
resuelto;69
amo;69
esperar;69
filarmonica ensayo;69
audiencia virtual controlador faltas;69
entrar cuenta miba;69
cambiar clave;69
reprogramar turno salud;69
limpieza via publica;69
cita medica;69
turnos vtv;68
ver tramites;68
infracciones multas;68
multa vehiculo;68
maltrato animal;68
castracion perro;68
turno hospital muniz;68
sacar turno hospital santa lucia;68
multas vehicular;68
restos obra;68
ensayo sinfonica;68
insfracciones;68
subir nivel seguridad;68
encontre;68
llenar formulario;68
recibido;68
castracion gata;68
estacionat;68
irep;68
sirven;67
moto retenida;67
denuncia auto;67
atenderme;67
turno kinesiologia;67
vendi auto;67
cargar documentacion;67
resolver multas controlador;67
exit;67
infracciones provincia;67
email;67
legajos;67
arreglos via publica;67
dni digital;67
interrupcion embarazo;67
tramite licencia conducir;67
consultar saldo;67
programa 690;67
turno hospital ramos mejia;67
atencion ciudadana;67
boleto estudiantil terciario;67
dni vencido;67
registrar;67
cedula;67
perro;67
nooooo;67
iniciar sesion miba;67
jorge macri;67
certificado medico oficial;67
agip abl;67
vacantes;67
gastro;67
abono;66
pagar tarjeta debito;66
actualizar dni;66
reparacion veredas;66
desconocer multa;66
retirar;66
hospital pineiro;66
resultado analisis sangre;66
solicitud partida;66
turno argerich;66
mundial;66
atencion cliente;66
hacer infraccion;66
audiencia multas;66
cedecac;66
hacer solicitud;66
retirar muebles;66
garage;66
turno ecografia mamaria;66
agente transito;66
llevo auto grua;66
debito;66
fonoaudiologia;66
cambio contrasena;66
pagar vtv;66
tornu;66
ingresar app;66
cambio mail;66
teleconsulta;66
nutricionista;66
turnos programados;65
constancia inscripcion ingresos brutos;65
atender hospitales;65
pagar pago voluntario;65
agendar turno;65
obstetra;65
botihola;65
noche;65
visitas guiadas;65
turno casa cuna;65
libro digital;65
planetario;65
fernandez;65
idiomas;65
chatear alguien equipo;65
denuncia infraccion;65
blacri rengo inutil;65
rectificacion partida nacimiento;65
filarmonica teatro colon;65
cedula notificacion;65
recuerdo contrasena;65
pago voluntario infraccion transito;65
infeacciones;65
orquesta filarmonica aires cumple anos;65
castrar;65
tramite distancia;65
facturas;65
multas pagar;64
hago pago voluntario;64
turno infracciones transito;64
sacar telepase;64
infracciones transito caba;64
disculpa momento inconveniente tecnico brevedad comunicare nuevamente;64
infeccion;64
sacar turno castracion;64
charla renovacion registro;64
turno hospital alvarez;64
ruido molesto;64
plan pago multas;64
pagarlas tarjeta;64
terciario;64
botii;64
durand;64
atienden;64
rentas;64
infracciones trancito;64
cerrar chat;64
entregar recibo habitacional;64
confirma;64
agendado;64
universitario;64
apostilla;63
vacuna antitetanica;63
castrar gata;63
rendicion subsidio habitacional;63
parque sarmiento;63
restos poda arboles;63
denuncia auto abandonado;63
ampliar licencia conducir;63
falta;63
ustedes;63
transferencia;63
civil;63
castracion animales;63
patente auto;63
menu anterior;63
resolver multa controlador;63
escanear;63
licencia conducir primera vez;63
bax;63
verificacion;63
cedula azul;63
pelotudo;63
entonces;63
estaxionar;63
gol;63
autopista;63
miltas;63
pagar debito;62
estacionar moto;62
ensayo orquesta filarmonica;62
modificar datos;62
acarrearon auto;62
vacune;62
yoga;62
actualizacion partida nacimiento;62
deuda peaje;62
plazas activas;62
hago sacar turno;62
hospital turno;62
exencion abl;62
volver menu;62
solicitud turno;62
cambiar nivel;62
botic;62
roedores;62
hacer tramite gratis;62
regimen simplificado;62
multas automotor;62
sellos;62
pet;62
deuda ingresos brutos;62
renovar turno;62
terminar conversacion;62
hona;62
ver turnos agendados;62
sacar turno hija;62
mentira;62
certificado manipulacion alimentos;61
turnos disponibles;61
veo;61
facturacion;61
devolucion pago;61
mafalda amigos;61
salu;61
cambiar nivel seguridad;61
denunciar infraccion transito;61
consulta deuda;61
colegio;61
rendi recibo;61
consultar turnos medicos;61
curso seguridad vial;61
denuncia consumidor;61
pista;61
tomografia computada;61
cargan;61
limpieza calle;61
operador humano;61
clasificacion docente;61
turno psiquiatra;61
turno reumatologia;61
polideportivo;61
dermatologa;61
apelar multa;61
lidia;61
personas mayores;61
plantear defensa;61
cadetac;61
depositan;60
ludopatia;60
puntos licencia conducir;60
ayudar consultar situacion programa ciudadania portena;60
chatear asesor;60
casa;60
turno anses;60
podemos liquidar iibb sistema desastre;60
sacar turno ecografia;60
confundi;60
turnos castracion;60
plantar arbol;60
cedetad;60
retencion;60
hice curso educacion vial;60
validar identidad nivel;60
infra;60
pagar multa tarjeta credito;60
descargar boleta infraccion;60
turno psicologia;60
acuerdo;60
bloquear;60
tramites registro civil;60
sos pelotudo;60
pagar multas online;60
cedetac resonancia;60
jajaja;60
abrir cuenta;60
consulta estacionamiento;60
vigente;60
flebologia;60
autopartes;60
aborto;60
calzado mayorista nathy nybshoes whatsapp solo compra zapatos botas tramites elecciones servicios publicos;60
tecnicatura;59
pase discapacidad subte;59
aprender;59
agenda cultural;59
estacionar calle;59
busco empleo;59
subsidio abitacional;59
feria;59
hablar persona humana;59
sacar turno pediatra;59
palermo;59
actas transito;59
especialista turno;59
pago patentes;59
subo nivel;59
consultas infracciones;59
inscribi;59
odontopediatria;59
chatear agente;59
enfrente jirafa mordillo contas mas;59
provincia aires;59
denuncia vehicular;59
cargada;59
documentacion llevar;59
clausura;59
sigamos;59
femenino;59
turno hospital udaondo;59
consulta infraciones;59
pago infracciones transito;59
deudas patentes;59
convivencia;59
amor;59
castracion perra;59
vemos;59
inspecciones;59
turnos resolver infracciones;59
boleto educativo superior;59
vtv taxi;59
cambiar turno medico;59
asesoramiento;59
estudiar trabajar;59
nutricion;59
vial;59
podes generar pago multas;59
lugar estacionar;58
validar dni;58
solucionado;58
extravio;58
inicie;58
dni extranjero;58
bien estacionada;58
fecha turno;58
aparece;58
turno ginecologico;58
tecnicaturas;58
descargos;58
multa pagar;58
multa corresponde;58
comunicarme;58
acta divorcio;58
sede;58
credito vivienda;58
inspeccion;58
permisos;58
cambiar correo electronico;58
login;58
consultar multas transito;58
sacar turno mamografia;58
boleta infraccion;58
ensayos filarmonicos;58
acceder cuenta;58
punto verde;58
respuesta;58
sos desastre;58
castrar gato;58
sacar turno hospital fernandez;58
consultar infracciones dominio;58
sabados;57
creo;57
retencion moto;57
cemar;57
examen residencias;57
ferias ciudad;57
estacione;57
holas;57
bendiciones;57
sacar licencia primera vez;57
comprobantes;57
audiometria;57
imprimir boleta pago;57
donar sangre;57
portal pagos;57
tarjeta ciudadania;57
pago infraccion transito;57
registrada;57
turno cirugia;57
link pago;57
recoleccion electrodomesticos;57
cremacion;57
multa telepase;57
entendi;57
sacar turno pagar multas;57
sacar turno hospitales;57
mas tramites;57
pagar multa descuento;57
todavia;57
vir;57
tramite partida nacimiento;57
resultados estudios;57
infraccioned;57
programar turno;57
muniz;57
beca cuidad;57
cancelar turno hoy;57
conforme;56
biblioteca;56
llevo grua;56
embarazo;56
inscripciones escolares;56
vtv moto;56
acta matrimonio actualizada;56
construccion;56
lavarropas;56
tuno;56
resultado analisis;56
gatos;56
ver partida nacimiento;56
telepasw;56
sigue;56
ver mas;56
reservar turno;56
curso manipulacion;56
consulta telepase;56
arba;56
julio;56
donacion;56
fan fest;56
correo;56
turno infectologia;56
eliminar cuenta;56
resolver infraccion transito;56
automotor;56
resultado;56
tambien;56
consultar infracciones transitohola consultar infracciones transitohola consultar infracciones transito;56
arreglar vereda;55
chatear representante;55
sacar turno dentista;55
obra social;55
confirmar turno manana;55
vacuna hepatitis;55
cambiar correo;55
perdi turno;55
asd;55
deja entrar pagina;55
hospital pinero;55
atenderte hospitales;55
bien estacionado;55
inscripcion maternal;55
bola;55
donar;55
vacunas antigripal;55
charlar alguien;55
cargando;55
cuanto multa;55
certificado unico discapacidad;55
blinkay;55
conecte;55
llego citacion;55
jardin infantes;55
boleta pagar;55
facil;55
alguien;55
oky;55
boleto secundario;54
usuario contrasena;54
cupon pago;54
robaron;54
presentar recibo habitacional;54
entrada ecoparque;54
cuantas multas;54
descargo infraccion transito;54
abonar estacionamiento medido;54
vacaciones;54
rectificacion partida;54
llega mail;54
cambiar contrasena miba;54
perdida dni;54
estacionarse;54
tramite gratis;54
turnos agip;54
deudas patente;54
vivo caba;54
suscribete canal perderte proximos videos;54
constancia inscripcion;54
atienda persona;54
boto;54
inscribir;54
mas multas;54
correo electronico;54
detalle multa;54
nefrologia;54
plano;54
sacar turno resonancia magnetica;54
partida urgente;54
turno tribunal faltas;54
universidad;54
sacar turno renovar dni;54
hey;54
descargar boleta pago;54
sacar turno vacunacion;54
suicidio habitacional;54
peaje mal cobrado;54
cdetac;54
hijos;54
neumologo;54
medicos;54
rivadavia;54
verificar identidad;54
sub habitacional;54
moratoria abl;54
oficio judicial;54
agencia gubernamental control;53
legalizacion documentacion educativa;53
asalud;53
hacer cambio domicilio;53
sacar turno renovar registro;53
solicitar retiro escombros;53
registro digital asistencia;53
educacion formal;53
renovacion nicho;53
denunciar ruidos molestos;53
encantaria interaccion canal digital pesimo malo regular bueno excelente;53
sacar libre deudas;53
subtitulado jnkoil;53
cambio domicilio licencia conducir;53
monotributo;53
aprende familias;53
sacar turno hospital ramos mejia;53
cuantos puntos;53
turmo;53
tirar;53
turno pista manejo;53
musica;53
fin semana;53
tuenos;53
turno neumonologia;53
valor;53
guardia odontologia;53
nivel secundario;53
auto llevo grua;53
estacionado;53
okis;53
mucha;53
asociar cud sube;53
puede ser;53
abl boleta;53
consorcio;53
conectarme;53
tiempo;53
termine charla;53
completar ficha salud;53
impuesto sellos;53
queria solicitar turno;53
huella;53
amigo;52
sube jubilados;52
confirmo dos turnos;52
subtes;52
identidad;52
controlador online;52
presente;52
consultar expediente;52
licencia renovar;52
patente deuda;52
turno vacuna dengue;52
retiro electrodomestico;52
llamo;52
reclamar infraccion;52
llego infraccion;52
salir chat;52
abogado;52
turno vacuna fiebre amarilla;52
reempadronamiento;52
validar libre deuda;52
denunciar auto abandonado via publica;52
examen manejo;52
novedades;52
fin conversacion;52
cambio titularidad;52
controlador virtual;52
monto;52
parque chacabuco;52
santojanni;52
cancele turno;52
incripcion escolar;52
ingreso miba;52
rendir recibo alquiler;52
rendir recibo abitacional;52
informaciones;52
deudores alimentarios;52
recursos humanos;52
telepase ausa;52
regimiento patricios;51
estacionsr;51
consultar multas hacer descargo videollamadahola consultar multas hacer descargo videollamada;51
vencida;51
gratuito;51
retirar moto;51
teatro colon gratis;51
tumo;51
proximo vencer;51
vence vtv;51
blanquear miba;51
boleto estudiantil superior;51
partida nacimiento hijo;51
enviar;51
turno favor;51
entradas palacio ceci;51
turno defensa consumidor;51
guardia odontologica;51
dni pasaporte;51
vivo ciudad;51
autos mal estacionados;51
holla;51
cuales;51
podar arbol;51
comunicarme alguien;51
infraccciones;51
verificacion tecnica vehicular;51
empadronada;51
notificaciones;51
porfavor;51
mastologia;51
sacar turno renovacion licencia conducir;51
turnos ginecologia;51
clave fiscal;51
consulta infraccion transito;51
690;51
limpieza urbana;51
licencia primera vez;50
sacar escombro;50
juegos;50
pase diario;50
inteligencia artificial;50
salud sexual;50
dice;50
sacar turno vacuna;50
normas transito;50
pagar infraccion online;50
infracciones pagar;50
pague multas;50
padron;50
fotos;50
orden medica;50
cambiar mail miba;50
arreglo veredas;50
dni turno;50
gestion sube;50
vacunarme gripe;50
tenis;50
motos;50
moto secuestrada;50
progresar;50
ruidos molestos empleados gcba;50
problemas telepase;50
dije;50
alo;50
turno vacunacion antigripal;50
permiso obra;50
telepasea;50
sedes;50
rendir recibos;50
revision multas;50
becas alimentaria;50
estacionamento;50
vamos;50
estaciobamiento;50
apostillar;50
pago voluntario infracciones transito;50
retiro programado escombros;50
piletas;50
infracciones pago voluntario;50
aubasa;50
telemedicina;50
cementerios;50
transporte publico;50
tirar mueble;50
mmm;50
diagnostico imagen;50
telepaseb;50
sacar entradas teatro;49
sacar turno santa lucia;49
reportar auto;49
juegos portenos;49
castrar perro;49
infraciones transito;49
ciudadania portenia;49
pesimo servicio;49
vida;49
audiencia multa;49
empezar tramite;49
audiencia virtual controlador;49
saldo tarjeta ciudadania portena;49
empezar inscripcion;49
canselar turno;49
feriados;49
tarjeta debito;49
turno obstetra;49
partidas defuncion;49
pase libre subte;49
plan fines;49
queria multas;49
numero bui;49
pedir retiro escombros;49
ver infracciones transito;49
puta pario;49
dni recien nacido;49
hago consulta;49
turno pagar infracciones;49
hacer boleto estudiantil;49
pido turno;49
retiro dni;49
escolar;49
sacaron moto;49
sacar turno dermatologia;49
anoto;49
turno hospital tornu;49
mayor;49
multas vehiculos;49
retiro voluminoso;49
reclamo vereda;49
ecografias;49
descargar partida;49
muletas;49
funciona telepase;49
crear cuenta nueva;49
cedecat;49
cate;49
abrir;49
estudiantil;49
partida nacimiento urgente;49
vencimiento;49
hospital duenas;49
leido;49
ciudadania portena consulta;48
ablar alguien;48
volver inicio;48
sacar turno multas;48
comunicarme persona;48
basura contenedor;48
robo;48
practica manejo;48
hacer cuenta;48
lagleyze;48
turno junio;48
cuanto debo patente;48
ensayo fila armonica;48
anotaste bien;48
contame paseo historieta;48
obras;48
vale;48
generar boletas;48
consultar infracciones transitob;48
turno neumonologo;48
consultar turnos salud;48
permiso;48
tramitar certificado domicilio real;48
incripcion;48
turnos asignados;48
prescripcion multas;48
reserva filarmonica;48
estacionamiento caba;48
autos;48
adhesion boleta electronica;48
descargar pdf;48
multas controlador;48
hacer curso manipulacion alimentos;48
agenda;48
vacunas gripe;48
102;48
dni expres;48
psicologa;48
contenedores basura;47
rendir habitacional;47
libre deuda auto;47
pagina funciona;47
turno gastro;47
feriado;47
puntaje;47
hacer denuncia defensa consumidor;47
consulta patente;47
libre deuda automotor;47
turno boleto educativo;47
hice curso vial;47
vehiculos abandonados;47
seccion perfil;47
pase libre;47
mala atencion;47
turnos oftalmologia;47
botiii;47
ver acta infraccion;47
volver intentarlo;47
cirujano;47
discapacitado;47
curso recuperar puntos;47
valuacion fiscal homogenea;47
vamos nuevo;47
sacar turno clinico;47
prescripcion;47
descargar libre deuda;47
legalizacion titulo;47
retuvieron auto;47
retencion vehiculos;47
inscripcion ciudadania portena;47
turno obstetricia;47
acepto;47
sacar turno vacuna antigripal;47
imprimir boleta multa;47
fracciones;47
maternal;47
espirometria;47
abandonado;47
embargo agip;46
cargaron ciudadania portena;46
agendar nuevo turno;46
turnos licencia;46
sacar boleto estudiantil;46
hacer pregunta;46
hablar operador humano;46
cuanto;46
puede cambiar turno;46
vacunacion mascotas;46
turno otorrinolaringologia;46
secuestro vehiculo;46
dejar fumar;46
ingresar cuenta miba;46
edesur;46
vehiculo secuestrado;46
ver detalle multa;46
cobro indebido;46
ingresar pagina;46
mias;46
multas mias;46
sos inutil;46
curriculum;46
rendir 1recibo;46
castracion perras;46
retuvieron licencia;46
ramas;46
ecocardiograma;46
hace;46
hello;46
tur;46
turno descargo;46
administracion;46
dieron turno;46
asociar sube cud;46
deuda ausa;46
pagar multa line;46
habilitar telepase;46
turno oftalmologicaginecologa cardiologo podra ser respuesta;46
escombros cuadra;45
horarios atencion;45
xno;45
plazas;45
denunciar infracciones;45
plan sumar;45
rendir primer recibo;45
arreglo luminarias;45
validar miba;45
reserva ecologica;45
resolver infraccion controlador;45
anotarme;45
discapacidad subte;45
curso ingles;45
sabado habil;45
pertenece;45
infraccionea;45
residuo voluminoso;45
notificacion infraccion;45
denuncia infracciones;45
depositan ciudadania portena;45
becas secundaria;45
hospital velez;45
problemas limpieza higiene urbana;45
graciasssss;45
pagar multa tarjeta;45
pedir grua;45
turno pagar infraccion;45
covid19;45
comunicarte podemos ayudarte;45
rendicion recibo;45
capacitaciones;45
pase cultural adultos mayores;45
descargo multa transito;45
infrancciones;45
secuestro moto;45
devolucion;45
deudor alimentario;45
hago descargo;45
ver recibos sueldo;45
sacar entradas;45
auto infraccion;45
tarifas;45
generar boleta bui;45
vincular cud sube;45
llego notificacion;45
llevaron;45
turno oftalmologica;45
esracionar;45
volver menu principal;45
turno videollamada controlador;45
gestion colaborativa;45
escombros vereda;45
mediacion;45
carreras;45
reverificacion;45
pase subte discapacidad;45
flores;45
hice cuenta;45
embargos;45
turnos confirmar;45
energia;45
siu guarani;45
entro;44
reiniciar;44
seguro;44
sacar turno cardiologia;44
contame loco chavez;44
buscando trabajo;44
libre deuda vehiculo;44
afip;44
domingos;44
cambio escuela;44
cuanto tarda;44
turno retirar dni;44
hospital santojani;44
vivir casa;44
reclamo infracciones;44
conocer oportunidades empleo;44
guardias;44
inscripcion jardin maternal;44
codigo verificacion;44
curso aie;44
juzgado faltas;44
carga pagina;44
medido;44
hacer reclamo multa;44
estudio medico;44
sueldo;44
subcidio habitacional 690;44
comunicarme operador;44
pago tramite;44
medicina clinica;44
seguridad vial;44
inscripcion nacimiento;44
consulto;44
miba nivel;44
turnos hoy;44
diabetes;44
odontologia infantil;44
actividad;44
1y2;44
reciclado;44
historial vtv;44
migraciones;44
medica clinica;44
anteojos;44
recoleta;44
turno centro salud;44
rayos;44
diabetologa;44
video llamada controlador transito;44
tramites agip;44
reservar lugar;44
solicite;44
estacuonar;44
pedir turnos;44
favor elegi opcion menu anterior seguir;44
deudas telepase;43
entrar aplicacion;43
subir obelisco;43
numero expediente;43
claw observando;43
llamar 147;43
centro jubilados;43
respuesta automatica horario atencion 1530;43
hago pagar multa;43
pido;43
renovar certificado discapacidad;43
mas colon;43
contame chiste;43
ciudadania portena saldo;43
dni cambio domicilio;43
puta madre;43
copidis;43
cederan;43
rectificacion;43
primera;43
botti;43
turno vacuna neumococo;43
entrada;43
empresa;43
vehiculo infraccionado;43
abonar estacionamiento;43
certificado partida entregada;43
beca alimentar;43
tecnologia informatica;43
inscripcion divorcio;43
pasa barrendero;43
barrido calle;43
aires ciudad android momento claudio manejando seguridad permito leer detenga marcha leera respondera sepa disculpar molestia whatautoai;43
comprobante sanitario ayudas;43
infracc;43
bolsa empleo;43
consorcios;43
cambiar domicilio dni;43
sacar turno neurologia;43
boleto terciario;43
atiendan;43
suscribete canal;43
sifer;43
iluminaria;43
cedepac;43
certificado vacunacion;43
informacion transito;43
telefono contacto;43
gcias;43
capital;43
fechacondicionadaset;43
ecografia abdominal;43
trabajar ustedes;42
ensaio filarmonica;42
cagada;42
certificado medico;42
hacer multas;42
teatro colon ensayos;42
rectificar partida nacimiento;42
validar nivel;42
unidad administrativa control faltas;42
pagar multas descuento;42
retiro muebles desuso;42
abonar bui;42
programa adolescencia;42
multas capital;42
chupala;42
mio;42
curso virtual recuperar puntos;42
vacunacion perros;42
turnos licencia conducir;42
pago presencial;42
revisar;42
asesor humano;42
comunicarme asesor;42
problemas limpieza;42
defensa civil;42
hospital velez sarfield;42
resuelvo controlador;42
anda concha madre;42
mas temas;42
cenar;42
turno controlador falta;42
turno renovar registro conducir;42
empecemos nuevo;42
crear;42
retirar telepase;42
debito automatico abl;42
centro;42
jubilacion;42
bebe;42
charla educacion vial;42
odio;42
corresponde;42
ficha censal;42
control plagas;42
turno medico cabecera;42
donar muebles;42
consultar turno salud;42
imprimo boleta;42
carga;42
mults;42
inscripcion secundario;42
legalizar;42
boleta multa;42
nivel seguridad miba;42
neurologo infantil;42
oftalmologico;42
nesesito turno;42
renovacion licencia cambio jurisdiccion;42
pase subte jubilados;42
residencia;42
atencion hospitales;42
resolver multas videollamada;42
udaondo;42
museo;41
examen conducir;41
turno juez faltas;41
hospital pedro elizalde;41
hospital odontologia;41
charla renovar licencia;41
sacar turno oftalmologo;41
chat controlador;41
solicitar audiencia;41
sacar licencia moto;41
certificado solteria;41
turno hospital publico;41
pagar boleta cenat;41
comunicarme representante;41
ampliacion registro conducir;41
automovil;41
hijo puta;41
dificil;41
1234;41
adultos mayores;41
reumatologo;41
domicilio caba;41
consulta multas transito;41
renovar carnet;41
auto retenido;41
turno nutricionista;41
pago voluntario descuento;41
turnos comuna;41
sacar arbol;41
sacar turno video llamada;41
manejo;41
pagar voluntario;41
pagar infracion;41
moratoria patentes;41
rendir recivo;41
visita guiada;41
pagar infraccion tarjeta credito;41
porqueria;41
turno infraccion transito;41
hospital elizalde;41
graciaa;41
detalle;41
retiren escombros;41
talento tech;41
notificacion citacion;41
docencia;41
tramitar cud;41
tacho basura;41
telepase discapacidad;41
vacuna antineumococica;41
consultar scoring;41
gra;41
fumigacion;41
gimnasia;40
turno neurologia infantil;40
botid;40
resolver infracciones controlador;40
descargar infraccion;40
consultar tramites;40
inflacion;40
plata;40
retiro materiales;40
obra permiso;40
administracion consorcio;40
turnos actas transito;40
examen;40
interrupcion voluntaria embarazo;40
administracion consorcios;40
sacar licencia conducir primera vez;40
italiano;40
verificar turno;40
atencion personal;40
atenderte hospitales cesacs;40
partidas matrimonio;40
comunas;40
significa;40
clinico medico;40
estacionamiento discapacitados;40
traumatologia infantil;40
cambiar numero;40
vivo provincia;40
servicios;40
auto estacionado;40
turnos pediatria;40
aqui;40
autogestion;40
atiendo;40
infracciones controlador;40
funciona miba;40
dos turnos;40
primaria;40
caballito;40
cancele;40
recibir novedades;40
descargarlo;40
concierto filarmonica;40
cuanto cuesta;40
abl deuda;40
capacitacion;40
pregunte;40
pronto;40
certificado deudor alimentario;40
luminaria apagada;40
conectada;40
malisimo;40
baja automotor;40
ensayo filamornica;40
espera;40
averiguar multa;40
registro renovacion;40
cambio titularidad abl;40
sres unidad administrativa control faltas caba virtud notificacion citacion nro 118426741 legajo c7174900026 organismo pretende hacerme comparecer caba vengo comunicar siguiente 1ro deberian revisar conciencia sistemas informacion aparentemente bastante mediocres fotografia figura automovil fiat siena chapa patente dice iaj359 coincide descripcion vehiculo fotografiado dice fiat duna dominio taj359 2do automovil fiat duna dominio taj359 propiedad 06072008 robaron playa estacionamiento hipermercado wallmart concretamente hace anos auto compania seguros tenia contratada segunda caso vayan preguntenles allos 3ro mujer anos bien salud ganas obligacion alguna viajar bsas seguidilla errores responsabilidad expuesto rechazo terminantemente pretension organismo querer pague totalmente ajeno;40
turno psicologo;39
recordar turno;39
hospital agudos;39
sacar turno regimiento patricios;39
cursos virtuales;39
lindo;39
recuperar licencia;39
turno hospital penna;39
turno hematologia;39
ingreso tad;39
apto medico;39
tirar colchon;39
volver menu anterior;39
descuento multas;39
hacer descargo infraccion transito;39
becas cuidad;39
saldo sube;39
plan pago infracciones;39
empadronamiento salud;39
soporte tecnico;39
andate mierda;39
noche museos;39
scoring licencia;39
entendemos;39
caca;39
veiculo;39
sertificado domicilio;39
renovacion registro automotor;39
pileta libre;39
estacionar cud;39
pude hacer necesitaba;39
cambiar sede;39
infraccion vehiculo;39
sacar turno sube;39
tiket social;39
convenio multilateral;39
renovar nicho;39
pedir turno hospital;39
multa mal hecha;39
buscar trabajo;39
hablar alguien favor;39
libre multas;39
turno asignado;39
trapitos;39
auto mal;39
turno resolver multas videollamada controlador transito;39
maria ferrer;39
turno resolver infraccion;39
camcelar;39
baja vehiculo;39
subir nivel miba;39
exencion patentes;39
queria;39
solicitar acta nacimiento;39
hoola;39
pagar infracciones online;39
jaja;39
examen teorico;39
nesecito;39
retirar basura;39
turno electrocardiograma;39
duplicado registro;39
imprimir boleta infracciones;39
tarjeta alimentar;39
reservar;39
turno especialidad;39
turno renovacion registro conducir;39
nunca;39
sacar turno hospital gutierrez;39
legalizar analitico;39
vfh;39
bno;39
renovar partida nacimiento;38
sacar antecedentes penales;38
retiro colchon;38
factura telepase;38
apostillado;38
recoger escombros;38
colonia;38
conectado;38
eventos finde;38
dar baja patente;38
saldo tarjeta;38
tramites finalizados;38
estavionar;38
mas licencias;38
certificado vacunas;38
boleto estudiantil secundario;38
polideportivos;38
parque patricios;38
sale error;38
inicie sesion miba;38
hacer hoy;38
turnos vacuna;38
espero hablar alguien;38
resultado test;38
declaracion jurada domicilio;38
boleto estudiantil turno;38
medicamentos;38
programa movilidad portena;38
ahora mas;38
dni instante;38
falta barrido;38
cursos adultos;38
estare presente;38
revisa multas;38
volver empezar;38
medicina general;38
multas moto;38
matricula;38
gato;38
dgai;38
vehiculos mal estacionado;38
idiota;38
vacante escuela;38
turnos multas;38
vencido;38
multas vencidas;38
cambio turno vtv;38
abonar infraccion transito;38
hecho;38
charla seguridad vial;38
interior;38
blanqueamiento cuenta;38
odontologia pediatrica;38
contame;38
responde;38
trabajos;38
recuperar;38
adulto2000;38
adolescencia;38
vtv vencida;38
analisis clinicos;38
urgencia;38
joya;38
notificacion;38
cambiar nombre;38
anular;38
duran;38
pasteur;38
okay;38
geacias;38
partida inmobiliaria;38
maternidad;38
diaa;38
alta;38
persona fisica;38
jubilados subte;37
sale;37
inicie tramite;37
inscripcion escolar 2026;37
asistencia social;37
infracciones turno;37
spect cardiaco;37
usina arte;37
consumidor;37
obtener licencia;37
descargar multas;37
pagarlo;37
registro profesional;37
audiencia controlador faltas;37
ver foto infraccion;37
debo llevar;37
proctologo;37
estacionamiento discapacidad;37
castracion gratuita;37
habitacional690;37
sabes;37
numero whatsapp;37
estacionamiento moto;37
certificado civil;37
chatear controlador faltas;37
residuos electronicos;37
problema telepase;37
boleta pagar multa;37
mas tarde;37
esperando atiendan;37
faltas transito;37
impugnar multa;37
ciudadaniaportena;37
tunos;37
consulta abl;37
estafas telepase;37
pagar deuda telepase;37
vehiculo mio;37
diabetologo;37
contenedor verde;37
dar baja tele pase;37
denuncia via publica;37
cirugia estetica;37
coche mal estacionado;37
hablar alguien tema turismo;37
consultar turno vtv;37
solicitar partida;37
confirmacion turnos;37
inmobiliario abl;37
imfracciones;37
activar tag;37
juez faltas;37
turno vacunar;37
tramites hacer;37
hospital ninos;37
agradezco;37
sslud;37
concurso;37
concurrir;37
entradas gratis teatro colon;37
vacante escolar;37
sacar turno hacer dni;37
paseo brujas;37
ciudadania porten;37
solicitar;37
turno pirovano;37
ceci;37
pagar audiencia;37
terminar chat;37
turnis;37
cuidadania;37
sos mierda;37
codigo verificador;37
solicitar grua;36
turno vacunacion covid;36
sacame turno;36
turno sacar;36
llega codigo;36
colon barrio;36
sacar turno agip;36
boleta electronica abl;36
finde;36
turno presencial multas;36
limpieza calles;36
odontologico;36
ingracciones;36
actualizar;36
hoy domingo;36
licencia turno;36
renovacion carnet;36
consulta expediente;36
hable nadie;36
multas patentes;36
mismo;36
auto mio;36
llevo;36
turno pista aprendizaje;36
solucion;36
hospital clinicas;36
ergometria;36
buenass;36
talleres adultos;36
hice solicitud;36
licencia vencida;36
turno controlador presencial;36
residuos poda;36
telepase activado;36
sacar turno renovacion licencia;36
entiende;36
turno castracion gato;36
servicios ciudad;36
arreglo luminaria;36
bloqueo;36
reagendar turno;36
multa erronea;36
perdi licencia conducir;36
dni renovar;36
corregir mail;36
entrar argentina;36
tirar heladera;36
multa caba;36
apto medico docente;36
estacinar;36
pase escolar;36
vencer;36
diagnostico imagenes;36
estacioanr;36
hacer descargo infracciones;36
turno estudios;36
barrido limpieza;36
depositaron;36
renovar carnet manipulacion alimentos;36
anda link;36
asistencia;36
certificacion servicios;36
pineiro;36
boletas agip;36
terminamos;36
turno juzgado faltas;36
llego cedula notificacion citacion;36
aun;36
seria;36
averiguar infracciones;35
recuerdo;35
forma presencial;35
pago buepp;35
llegan turnos persona favor recibir informacion turnos pedi;35
resultados medicos;35
pagar boleta bui;35
turno turno;35
infracciones automotor;35
hacer denuncia vial;35
telepas;35
retiro heladera;35
sirvio;35
turnos controlador;35
sacar turno traumatologo;35
denuncia extravio dni;35
cordoba;35
cartel;35
paseos;35
fachada;35
sacar turno hospital rivadavia;35
turno cirujano;35
edtacionar;35
validar identidad app miba;35
retiro lavarropas;35
turno radiografia;35
cancelacion turno;35
vpa;35
impuestos patente;35
cursos salud;35
mal estacionada;35
auto estacionado garage;35
estafa telepase;35
casarme;35
renovarlo;35
turno transito;35
ago;35
discapacidad sube;35
certificado estudiar trabajar;35
recuperar clave miba;35
telepasee;35
aaa;35
textil indumentaria;35
turno cesacs;35
turnos confirmados;35
denuncia colectivo;35
turno pileta;35
medios pago;35
ver solicitud;35
solo turno;35
retirar restos poda;35
cancelarlo;35
pagar cuotas;35
entrega recibo habitacional;35
consulta turno medico;35
jardin botanico;35
paso patente;35
asistente gerontologico;35
telefonos;35
donaciones;35
multa incorrecta;35
holan;35
boleto superior;35
tramite curso;35
cuales turnos;35
saque;35
consultar deuda patente;35
atencion humana;35
disculpa;35
respuesta automatica guardia medica dejar mensaje texto respondere brevedad whatautoai;35
hello from jwt demo;35
cumplio solicitud retiro escombros nro0072972226;34
eventos hoy;34
celu;34
pago electronico;34
permiso viaje;34
tramite turno;34
todas multas;34
turno juez falta;34
reclamo colectivo;34
cobro ciudadania portena;34
llego multa mia;34
cerrar conversacion;34
chequear padron;34
tachos basura;34
cursos ingles;34
hago curso;34
bibliotecas;34
telepase reclamo;34
nivel inicial;34
problema miba;34
pase cud;34
acuerdo contrasena;34
modificar turno vtv;34
cobra;34
recoleccion restos poda;34
bicicleta;34
recupero contrasena;34
deja crear cuenta;34
ver documentos;34
fechas;34
pago multas transito;34
siiii;34
hospital casa cuna;34
llega;34
hacer app;34
renovar documento;34
libre deuda infracciones transito;34
charla licencia;34
curso electricidad;34
consultas multas;34
personalmente;34
reparar vereda;34
chauu;34
pedido;34
reclamar multas;34
agua;34
rinoplastia;34
licencia conducir turno;34
chauuu;34
sitio;34
validar documento;34
constancia alumno regular;34
deuda infraccion;34
sacar turno ginecologa;34
turno otorgamiento licencia conducir;34
simple;34
estacionar ubicacion;34
telepase habilitado;34
sacar partida defuncion;34
recoleccion programada residuos;34
registrado;34
cuanto pagar;34
ajedrez;34
rendicion recibo habitacional;34
tramites anses;34
voluntariado;34
entradas ensayo filarmonica teatro colon;34
certificado alumno regular;34
partida matrimonio actualizada;34
pague boleta cenat;34
onda;34
cambio dni;34
inscripcion online;34
fila armonica;34
controlador fiscal;34
sacar turno vacunarme;34
disculpe;34
vacunacion neumonia;34
libre multa;34
okey dale;34
exencion ingresos brutos;34
certificado analitico;34
holw;34
apelar;34
avaluo;34
curso scoring;34
cambiar turno hoy;34
continuar tramite;34
llama;33
obra construccion;33
tarifa social subte;33
entendiste;33
titular vehiculo;33
revise solo pagar multa online;33
ver boleta;33
retiro bolsas escombros;33
suscripcion;33
bolsas escombros;33
puedes contarme mas bax prueba notificacion prioridad probando notificaciones push prioridad;33
iniciar;33
turno hospital lagleyze;33
carreras terciarias;33
dar baja turno;33
estacionar lugar;33
revisarvmultas;33
encuentro;33
pago telepase;33
cambiar turno salud;33
paseo bajo;33
busqueda laboral;33
mutas;33
preguntar;33
hoja;33
recuperacion cuenta miba;33
perdi sube;33
secuestraron auto;33
ampliar registro;33
chai;33
error multa;33
infraccines;33
infracciines;33
permiso menor;33
fecha cobro ciudadania portena;33
cancelar turno manana;33
hacer charla;33
subsidio subte;33
multa vencida;33
menor edad;33
turno hospital zubizarreta;33
estaciones saludables;33
aprender oficio;33
hospital maria ferrer;33
activar;33
fotomultas;33
busco turno;33
audencia virtual;33
saca turno;33
holaboti;33
turno odontopediatria;33
turno cancelar;33
descargo videollamada;33
llamada;33
queda;33
hacer charla virtual;33
radiologia;33
sumidero;33
multa pago voluntario;33
cruce diogenes linyera mas;33
multa mal estacionamiento;33
sacar pasaporte;33
mueble;33
vehiculo acarreado;33
turno agendado;33
menu escolar;33
renovacion certificado discapacidad;33
copia titulo secundario;33
infraestructura;33
ver expediente;33
turno vacuna neumonia;33
animal;33
renovacion nichos;33
hika;33
turno pendiente;33
cetac;33
tirnos;33
ver multas transito;32
obtener licencia conducir;32
estacionamiento motos;32
bromatologia;32
mensaje momento responder hare posible;32
carga ciudadania portena;32
pago multa transito;32
ayudan;32
turno psiquiatria;32
ensayos filarmonica teatro colon;32
habilitacion local;32
actualizacion dni;32
mas sistema estacionamiento medido;32
mas informacion;32
limpieza veredas;32
proctologia;32
deja entrar cuenta;32
pagar multa mercado pago;32
domicilio real;32
hablar controlador multas;32
reimpresion licencia conducir;32
turno analisis sangre;32
auto abandonado via publica;32
reserva;32
crear miba;32
solo pagar multa;32
sube subte;32
agende;32
audiencia virtual multa;32
dar baja sube;32
numero reclamo;32
grcias;32
sacar turno hospital durand;32
activar cuenta;32
nose;32
entrar perfil;32
retiro residuos voluminoso;32
turno sacar registro;32
pedro elizalde;32
acesor;32
turno hospital duran;32
persona calle;32
ver controlador;32
acceso;32
ensayo filamonica;32
consultar resultado test covid19;32
abre pagina;32
dejar curriculum;32
turno pami;32
reimpresion;32
salus;32
ingrese cuenta;32
ionar;32
aida;32
beca progresar;32
dice cuil uso;32
apoyo escolar;32
sacar turno oculista;32
cambio apellido;32
sacar turno hospital alvarez;32
formacion superior;32
sacar entradas ecoparque;32
turnos boleto estudiantil;32
boleto jubilados;32
grafiti;32
plano obra;32
sacar turno renovacion registro;32
forro;32
policia ciudad;32
arte;32
acarreo vehiculo;32
impuestos;32
permiso ferias;32
recibos;32
hospital lagleyze;32
sacar tarjeta sube;32
termotanque;32
turno sesac;32
domicilio ciudad;32
encontre buscaba;32
ticket;32
electrodomestico;32
gutierrez;32
resolver videollamada;32
cede tac;32
voto;32
did;32
mande;32
ecodopler;32
encuentro auto;31
cita controlador;31
libre deuda abl;31
pagarla tarjeta;31
entrada filarmonica;31
luz calle;31
avanzar;31
deja entrar link;31
turno cirugia plastica;31
pagar deuda abl;31
pase personas discapacidad;31
estscionamiento;31
entiendes;31
infraccion vehicular;31
eatacionamiento;31
copia acta matrimonio;31
turno subsidio habitacional;31
ensayos abiertos;31
administrador consorcio;31
anda mierda;31
perdi licencia;31
tramites curso;31
turno cmo;31
centro islamico;31
mas buepp;31
saco;31
realizar pago voluntario;31
seguridad higiene;31
infraccion pagar;31
llevar turno;31
filarmonica ensayos;31
habilitado;31
turno presencial controlador faltas;31
escribir;31
colon filarmonica;31
residencia medica;31
retiro residuos grandes;31
atender hospital;31
carnet vacunacion;31
respuesta automatica atencion lun vie recibimos pagos comprobantes whatsapp enviarlos pagoexpensasbyzgmailcom emergencias 5963 7889 whatautoai;31
union civil convivencial;31
multas autos;31
boleta unica inteligente;31
consultar estacionamiento;31
pago vtv;31
retiro muebles electrodomesticos desuso;31
credito;31
mult;31
obstruccion garage;31
inada;31
hoy sabado;31
sacar entrada;31
visita palacio ceci;31
solicitar certificado domicilio;31
viernes;31
guardia traumatologia;31
entradas gratis;31
turno resolver multa;31
resultado estudios;31
curso barista;31
anticonceptivos;31
multas pago voluntario;31
estacionamiento calle;31
emprendimiento;31
andas;31
turno alergista;31
sacar turno resolver infracciones;31
solo pagar;31
mama;31
barrenderos;31
cargar;31
declaracion jurada docente;31
estan pagas;31
docentes;31
buena atencion;31
firma digital;31
intentar nuevo;31
plaza;31
beca secundaria;31
pase escuela;31
viajar subte cud;31
dice error;31
hacer queja;31
turno virtual infracciones;31
hosl;31
tramite agip;31
impuestos patentes;31
comunicarme controlador;31
turno mayo;31
patologia mamaria;31
recibi;31
cree;31
retirar auto;31
0800;31
amparo;31
turno hablar controlador;31
subcidio abitacional;31
graciss;31
anterior;31
pets;31
registro conductor;31
buscar fecha;30
acceder miba;30
arreglo via publica;30
multa moto;30
habilitado telepase;30
consultar deuda telepase;30
deja validar identidad;30
quisiera cambiar turno;30
tramite iniciado;30
sirves;30
tarjeta ciudadana portena;30
rendicion habitacional;30
certificado divorcio;30
otorgamiento registro;30
primera licencia;30
apostillar partida nacimiento;30
sacar turno pagar infracciones;30
tramite finalizado;30
turno diabetologia;30
cambiar medio pago;30
paso nivel;30
retiro termotanque;30
comisarias;30
horario subte;30
escribir academia habilitada moto cero consulta sera resuelta breve horario atencion lunes viernes 900 2000 sos alumnx queres clase reprograma lluvia recorda solo instructor escuela suspenden clase;30
cambio colegio;30
penna;30
hablar controlador infracciones;30
controlador administrativo faltas;30
nivel primario;30
revisar multas transito;30
objetos desuso;30
descargar boleta abl;30
marketing digital;30
turno patricios;30
pagar multas tarjeta credito;30
escombros retiro;30
actualizar acta matrimonio;30
escribi letra opcion seleccionada;30
equipoba;30
pagar multas cuotas;30
desuscribime;30
licencia conducir renovar;30
tramitar ciudadania portena;30
sacar registro moto;30
mia multa;30
corte luz;30
remolcaron auto;30
ser nivel;30
poda domiciliaria;30
hora turno;30
retiro objetos voluminosos;30
turno ecografia abdominal;30
recuperar vehiculo;30
beneficio;30
servicios barrio;30
estacionar direccion;30
consulta infracciones caba;30
casamiento civil;30
escribir academia habilitada moto cero consulta sera resuelta breve horario atencion lunes viernes 900 18hs sos alumnx queres clase reprograma lluvia recorda solo instructor escuela suspenden clase;30
estacionar auto;30
buena tarde;30
nuevamente;30
telepase baja;30
blanquear clave miba;30
boletas ivc;30
horario turno;30
sacar basura;30
mandatario;30
cursos online;30
turno oncologia;30
numero contacto;30
sacar turno cardiologo;30
dar baja vehiculo;30
descarga;30
pension discapacidad;30
infracciones dominio;30
tda;30
sacar turno otorrino;30
mamografias;30
informacion vacunacion;30
mudanza;30
becas estudiantil;30
tenes podemos consultar;30
director obra;30
aviso;30
auto mal estacionado reubicar contenedor;30
infracciones vehicular;30
usurpacion;30
bhospital;30
sube discapacitados;30
habilitar dispositivo;30
turno virtual controlador;30
buens;30
obstruccion via publica;30
pinero;30
validacion identidad miba;30
belgrano;30
voluntario;30
cancelaron;30
bueno dale;30
mukta;30
comercio;30
cardiologia infantil;30
debo;30
buscando;30
noooooo;30
ladrones;30
pension;30
verguenza aun dedicando hora media tramite sencilla pedir recoleccion restos jardineriano logre hacerloa pesar comunicarme 147 web telefono figura pagina jefatura gabinete colgaroncuando primera lista atencion sacar foto paquetes milenium deja continuarcada vez hacen vida mas complicada lugar mas sencillame pregunto pago tiempo forma obligaciones municipalidad poda arbol deja podarlo seguridad massi hacer tramite sencillo retiro restos jardineria verdadera verguenza;30
velez sarfield;30
cedetac tomografia;30
pagar multa pago voluntario;30
villa urquiza;30
operador miba;30
inicio sesion;30
denuncia anonima;29
pagar multa buepp;29
turnos resonancia;29
declaracion jurada linea;29
pase jubilados subte;29
mail contacto;29
saludo;29
lunes;29
gente calle;29
botellas amor;29
mandar;29
cambio jurisdiccion licencia conducir;29
nivel terciario;29
confirmar turno numero;29
genero;29
cargaron tarjeta ciudadania portena;29
descargar carnet manipulacion alimentos;29
liniers;29
alvarez;29
informatica;29
pagar multa infraccion;29
paga multa;29
estacionamiento pago;29
hago curso virtual;29
entendiendo;29
certificado estadia;29
imprimo;29
certificado union convivencial;29
crear nueva cuenta;29
denuncia vehiculo infraccion;29
sacar turno clinica medica;29
tramite solicitud renovacion licencia conducir 0105952426 encuentra aprobado;29
pagar partida nacimiento;29
inscripcion nivel inicial;29
registro profesionales autodeclarados exentos;29
turno especialista;29
formacion profesional;29
hospitales publico;29
turno fiebre amarilla;29
estcionar;29
nesecito sacar turno;29
turno grabado autopartes;29
rendir recibo habitacional 690;29
sali;29
vivo;29
inscripcion 2027;29
denunciar vehiculo infraccion;29
consulta informacion;29
holaaaaaa;29
vacunaron;29
enfermeria;29
vih;29
mas higiene urbana;29
hospital jose duenas;29
consulta infracciones transito scoring;29
pagar ahora;29
visita guiada palacio ceci;29
renovacion licencia conductor;29
libre deuda multa;29
telepase diario;29
costo dni;29
estacionamiento residentes;29
vacunar gripe;29
pre inscripcion;29
sicologo;29
ver turnos medicos;29
quisiera hacer consulta;29
queria confirmar turno;29
mirador obelisco;29
descargar infracciones;29
ficha medica;29
hablar whatsapp;29
realice charla;29
medica;29
proxima;29
becas progresar;29
defensa;29
cuenta ciudad;29
curso rcp;29
pago descuento;29
joda;29
prescripcion multa;29
licencia conducir profesional;29
chacarita;29
capacitacion laboral;29
donacion muebles;29
atendi;29
cuotas;29
inf;29
secundario adultos;29
charla infracciones;29
turno analisis;29
residencias geriatricas;29
ahola;29
pagar voluntariamente;29
contravencion;29
multa vehicular;29
acceso miba;29
hija turno;29
inscripto;29
test covid;29
persona humana;29
terminado;29
plantacion arbol;29
horarios subte;29
hospital velez sarsfield;29
pagan;29
telepace;29
abl boletas;29
sedes comunales;29
turno acta transito;29
barracas;29
hago solicitud;29
app aprende;29
extravio licencia;29
ocupacion espacio publico;29
cambio datos;29
cedetec;29
consultar infraccion transito;29
realice;29
curriculum vitae;29
alergista;29
turno hospital pedro elizalde;29
hpv;29
autopistas urbanas;29
permiso circulacion;28
myp725;28
ifracciones;28
descargar factura;28
hoteleria gastronomia;28
semaforos;28
llegar;28
pagar audiencia virtual consultar puntos cambiar tema;28
cirugia general;28
charla registro;28
hacer multa auto mal estacionado;28
tarifa social sube;28
educacion superior;28
conseguir turno;28
vaciar contenedor;28
entradas planetario;28
consulta saldo;28
licencia vigente;28
hospital carrillo;28
todas;28
pagar boletas;28
depositaron ciudadania portena;28
resolucion infraccion;28
cargan tarjeta ciudadania portena;28
centellograma;28
mal servicio;28
atenderme hospitales cesacs;28
llego turno;28
papa;28
ingrese miba;28
cargaron;28
sube estudiantes;28
concursos;28
inscripcion docente;28
extraccion sangre;28
ver boleta abl;28
turno sacar dni;28
guardia medica;28
escuela invierno;28
permiso ingreso areas peatonales;28
barrio;28
confirmo turno manana;28
discriminacion;28
debo patente;28
blanque cuenta;28
sacar turno endocrinologia;28
alta medica;28
podas;28
descargarla;28
patentes automotor;28
renovar licencia turno;28
pasear ciudad;28
aie;28
basura calle;28
sacar partida casamiento;28
cuantos puntos licencia;28
curso inteligencia artificial;28
licenciaa;28
problemas cuenta miba;28
libre infracciones;28
usuario miba;28
precio entrada;28
puntaje docente;28
viajar gratis;28
nivel3;28
administrador;28
vacunacion animales;28
turno dermatologa;28
habiles;28
auto secuestrado;28
intimacion;28
solicitud copia escritura;28
reubicacion contenedores;28
educacion especial;28
bamusica;28
multas dominio;28
foto multas;28
solo pagar multa online;28
facturas telepase;28
podes dar turno;28
turbos;28
consultar solicitud undefined;28
decime;28
cuanto demora;28
federico;28
multas transito caba;28
tomo;28
hepatologia;28
okk;28
recuperar puntos scoring;28
plagas;28
datos personales;28
pago line;28
telefono llamar;28
colon gratis;28
atendio nadie;28
vasectomia;28
tres;28
partida nacimiento hija;28
botin;28
confirmar turnos medicos;28
vacuna gripal;28
holter;28
grs;28
olvide cuenta;27
buenaa;27
ninos;27
venta ambulante;27
precencial;27
auto multas;27
sirve sistema;27
turno documento;27
ruido;27
hacer denuncia mal estacionamiento;27
web;27
renovacion dni anos;27
sacar turno hospital udaondo;27
boca;27
asesoramiento legal;27
adopcion;27
legalizacion analitico;27
hijo turno;27
puta;27
sigo tramite;27
charla licencia conducir;27
denunciar colectivo;27
traumatologo infantil;27
hablar alquien;27
recuperar moto;27
telepase mal cobrado;27
sacar turno registro conducir;27
realizar infraccion;27
infraccio;27
renovacion licencia conducir caba;27
turno resolver infracciones transito;27
completar formulario;27
redir recibo;27
transferencia automotor;27
charlar;27
pago boleta;27
vtv turnos;27
tramites tad;27
nivel superior;27
hospital santoyani;27
reubicacion;27
boleta infracciones;27
ambulancia;27
primera ves;27
turno rayos;27
necesites;27
audiencias;27
rendir recibo avitacional;27
vincular sube cud;27
entradas gratis colon;27
programa abrazar;27
biti;27
abierto hoy;27
mapa;27
ayudar;27
solo ano;27
turno neumologia;27
puede pagar cuotas;27
tramite renovacion licencia conducir;27
cobro peaje;27
oficio;27
metrogas;27
editar datos;27
devoto;27
perdida;27
cambio clave;27
sacar turno infraccion;27
est;27
quisiera;27
excelente atencion;27
denunciar mal estacionado;27
denunciar multa;27
multa dni;27
hago validar identidad;27
tramite registro civil;27
comunicarme agente;27
turno medico hijo;27
ojos;27
gmail;27
tramite tad;27
debo hacer;27
agendo;27
pedir nuevo turno;27
recoleccion programada escombros;27
corresponde multa;27
hablar alguin;27
arreglar luces;27
noto;27
pago tarjeta;27
turno cancelado;27
turno neurologo infantil;27
control;27
hospitales cerca;27
pedir;27
validar cuenta miba;27
escritura;27
emergencia;27
infracciones transitorias;27
paso dni;27
vacuno;27
recuperar puntos licencia;27
pagos pendientes;27
procom;27
pedir turno resonancia;27
recibi mail;27
radicacion;27
peluqueria;27
infrcciones;27
sacar sube estudiantil;27
agregar apellido;27
habitacion;27
tenia turno hoy;27
imagen;27
llego correo;27
electricidad;27
queria consultar multa;27
tirar electrodomesticos;27
adicciones;27
actatransitotest;27
telepasec;27
neurocirugia;27
turno espirometria;27
reprogramarlo;27
llamas;27
gracis;27
ayuda sacar turno;27
alguna novedad;27
link funciona;27
bdia;27
revaluacion;27
morite;27
prevenar;27
cedeta;27
turno tomografia computada;26
adherir boleta electronica;26
aprender manejar;26
sacar libre deuda infracciones;26
viajar gratis subte;26
turno union convivencial;26
punto;26
consultar legajo;26
inscripcion adultos 2000;26
duplicado dni;26
tren;26
controlador multa;26
infraccion caba;26
tutno;26
cobro telepase;26
basura electronica;26
cerrajeria;26
turno otorrinolaringologo;26
castraciones gatas;26
pagar online multa;26
distancia;26
pagar multa auto;26
retiro electrodomesticos desuso;26
alcoholemia;26
abre;26
tramitar licencia;26
claro;26
retirar tarjeta;26
historial clinico;26
estacinamiento;26
pagarlas tarjeta credito;26
turno castrar gata;26
dalud;26
gerontologia;26
herramientas emprendimiento;26
usted;26
ver detalle;26
turno hospital elizalde;26
revisar multas patente;26
robo dni;26
recordatorio turno;26
hhh;26
especialidades medicas;26
pedir turno controlador;26
infoagip;26
pude resolver consulta;26
tramite renovacion licencia;26
quisiera pedir turno;26
sacar turno sede comunal;26
adulto;26
ferias itinerantes;26
ciberseguridad;26
das turno;26
centros jubilados;26
proximo turno;26
cambiar dni;26
multa peaje;26
ise;26
extravie dni;26
cargar pedido;26
becas nivel medio;26
ver deuda;26
denuncia administrador;26
espero respuesta;26
hospital sarda;26
universitarios;26
genio;26
chip;26
cederac;26
neurodesarrollo;26
reclamar infracciones;26
pase gratuito subte;26
dan turno;26
llevo grua auto;26
personal salud;26
pena;26
pagina encontrada;26
pude resolver;26
tuberculosis;26
cobro indebido telepase;26
pases;26
sticker;26
olvidate;26
algun turno;26
boleta pago infraccion;26
ayuda turno;26
turno hijos;26
olvide clave miba;26
turno manipulacion alimentos;26
exacto;26
turno estudio medico;26
denunciar estacionamiento;26
turno videollamada controlador transito;26
abonar multa transito;26
licenciad;26
castrar perra;26
abone cenat;26
expo empleo;26
buscar turno;26
realizar reclamo;26
grscias;26
dispositivo;26
escribo;26
retirar electrodomesticos;26
mamografia bilateral;26
estacionamiento discapacitado;26
reciclar;26
estan bien;26
turno oftamologia;26
plan ciudadania portena;26
sacar turno hospital tornu;26
personal;26
turno traumatologia infantil;26
plan vencido;26
copia;26
resolucion;26
significa resolver controlador;26
boleto educacion superior;26
electromiograma;26
estacio;26
besos;26
descargo infracciones transito;26
brujas;26
chauuuu;26
forros;26
bajen dice hacer pago voluntario;26
dni anos;26
respuesta automatica licencia 7062026 vacaciones whatautoai;26
multss;26
asdf;26
pesimo;26
sacar cud;25
comfirmar;25
renovacion carnet manipulacion alimentos;25
hepatologo;25
renovar licencia conducir caba;25
hhola;25
servicio;25
bajar boleta;25
tramite vtv;25
cesac turno;25
bus turistico;25
feria mataderos;25
turno alergia;25
ocupacion indebida espacio publico;25
tramitar;25
gravado autopartes;25
agip turno;25
patente moto;25
alguien atienda;25
devolucion dinero;25
sacar turno online;25
cambio;25
pasame persona;25
reserva estacionamiento;25
complete;25
sacar turno dermatologo;25
cfp;25
entradas miju;25
denuncia vehiculo abandonado;25
comisaria corresponde;25
incripciones;25
roca;25
putos;25
turno retirar moto;25
horario comuna;25
limpieza contenedor;25
vacuna covid turno;25
reverificacion vtv;25
generar boleta infraccion;25
turno numero;25
ayudarte sacar turno;25
moratoria patente;25
constancia cuil;25
hago tramite;25
reforzar solicitud;25
residuo;25
comprobantes pago;25
vacuna hpv;25
validacion miba;25
programar retiro escombros;25
infracciones varias;25
sacra turno;25
revalida guardavidas;25
cuanto sale entrada ecoparque;25
renovar dni vencido;25
vacunacion fiebre amarilla;25
portal autenticidad;25
prohibido estacionar;25
parada colectivo;25
sistema mierda;25
turno abl;25
inscripcion escuela secundaria;25
moto abandonada;25
reimpresion licencia;25
tarifa;25
vtv caba;25
audiencia virtual transito;25
cuenta bloqueada;25
documentacion debo llevar;25
resolviste;25
turnos hospital fernandez;25
multa provincia;25
historial infracciones;25
nooooooo;25
turn;25
estan cargando;25
vacunas perros;25
certificado antecedentes;25
grabado auto partes;25
sacar turno pagar infraccion;25
seguimiento denuncia;25
asisto;25
boleto estudiantil educacion superior;25
alguna multa;25
turno pagar;25
operador social;25
pague boleta;25
certificados;25
liberacion vehiculo;25
inscripcion cursos;25
saco libre deuda;25
cesac mas cercano;25
sacar turno ginecologo;25
autos mal estacionado;25
rendir subsidio;25
basura via publica;25
planes pago;25
empezamos;25
tomo turno;25
terror;25
fecha nacimiento;25
vencimiento licencia;25
tramite sube;25
aplicacion miba;25
sacar turno hospital penna;25
aparece opcion;25
oftalmologia pediatrica;25
descargar acta;25
estafadores;25
ciudadania portera;25
infraccion erronea;25
ayudes;25
dgroc;25
boletin digital;25
comprobante legajo;25
proximos turnos;25
turno hospital duenas;25
programa adultos 2000;25
suspender turno;25
stop;25
castrar gatos;25
letra;25
valuacion;25
verificacion policial auto;25
yyy;25
pregunto;25
anular multa;25
cambiarlo;25
corredores viales;25
especialistas turno;25
parking;25
denuncia policial;25
sede central atencion social;25
tramite otorgamiento;25
imprimir boletas infracciones;25
centros;25
renovar liciencia;25
sumar;25
hracias;25
chsu;25
psicodiagnostico;25
santoyani;25
legalizar partida nacimiento;25
vacuna covid19;25
asistente social;25
final;25
hospital odontologico;25
pluvial;25
cesar;25
calzado mayorista nathy nybshoes whatsapp solo compra zapatos botas justificar voto multas tramites publicos;25
vep;25
cuanto dura;24
turno castrar gato;24
becas estudiantiles;24
consultar reclamo;24
mataderos;24
sacar turno urologia;24
concurso 2026;24
reciduos;24
estacionqr;24
turno lagleyze;24
boletin estudiantil;24
ningun turno;24
turno resolver controlador;24
red atencion;24
inftacciones;24
tirar basura;24
contame langostino corina;24
boletin escuela;24
patente vehiculo;24
vencimiento vtv;24
solicitar partida matrimonio;24
deja entrar sitio;24
cambiar titularidad;24
perdi contrasena;24
adultos 200;24
usar;24
sacar turno neurologo;24
sacar constancia domicilio;24
historial;24
recuperar puntos licencia conducir;24
ver boletin hijo;24
encuentro perfil;24
otorgamiento licencias;24
boleto gratuito;24
pase libre discapacidad;24
validar perfil;24
denunciar vehiculo abandonado;24
creditos;24
audiencia infraccion;24
boleto gratuito jubilados;24
plan pagos multas;24
renovar dni extranjero;24
despues;24
consultar multas auto;24
solicitar audiencia virtual;24
pague infraccion;24
futbol;24
sacar turno resolver multas videollamada;24
turno otorgamiento licencia;24
registrar empleadores;24
certificado cud;24
test;24
realmente pesimo bot operador;24
dieron;24
infraccion corresponde;24
turno hospital santojanni;24
discapacitados;24
blanqueamiento;24
turno fecha;24
faltas especiales;24
pagar infracciones line;24
impuesto sello;24
comprar entradas;24
entradas ensayo orquesta filarmonica teatro colon;24
auto remolcado;24
remocion vehiculo;24
ayuda social;24
comunicarme ausa;24
arreglen vereda;24
lincencia;24
villa parque;24
monto multa;24
mas opciones;24
rectificar partida;24
vehiculo abandonado via publica;24
densitometria;24
ayudes tramites;24
vencimiento dni;24
veterinarias moviles;24
patentes deuda;24
recoleccion hojas;24
licencia conductor;24
curso recuperacion puntos;24
ingresar aires;24
feria libro;24
medicacion;24
vacunarme covid;24
pagar factura;24
solicitud certificado domicilio;24
recibo 690;24
cambiar forma pago;24
velez;24
autorizacion viaje;24
veo tramites;24
dios bendiga;24
sarda;24
turno miba;24
pago agip;24
agente humano;24
remover escombros;24
blinkay funciona;24
aborto legal;24
consultar saldo ciudadania portena;24
estaxionamiento;24
pedido retiro escombros;24
fallecimiento;24
asi confirmar;24
cardiologia prequirurgica;24
wasap;24
abrazo;24
recuperar miba;24
niveles seguridad;24
habilitar local;24
lisencia;24
turno cambiar;24
lengua barrios;24
informar pago;24
flebologo;24
dame opciones;24
yyyy;24
carnet manipulador alimentos;24
reprocann;24
seguimiento dni;24
constancia iibb;24
infracciones cuit;24
escaneo;24
actas nacimiento;24
hisopado;24
orquesta filarmonica colon;24
siempre mismo;24
sacar turno casa cuna;24
infracciones consulta;24
barista;24
cancelado;24
reprogramar turno medico;24
vencio hace menos ano;24
becas alimentar;24
donar libros;24
iniciar consulta;24
asistencia humana;24
parquimetro;24
sellos contratos;24
barbaro;24
queria infracciones;24
contesta;24
vehiculo mal estacionados;23
falta higiene;23
libre estacionamiento;23
borrar;23
revisar infracciones transito;23
turno salid;23
desalojo;23
solicitar audiencia online;23
certificado legalidad licencia;23
pista roca;23
dar baja multa;23
plan pagos infracciones;23
numero sacar turno;23
certificado grabado autopartes;23
multas peaje;23
infracciones descargo;23
sacar turno hospital muniz;23
curso administracion consorcio;23
servicio social;23
sacar turno resolver multa;23
codo codo;23
tramites turno;23
cambiar mail cuenta;23
vtv vigente;23
descuento infracciones;23
digital;23
reevaluacion examen practico;23
basura grande;23
catastral;23
ensayos orquesta filarmonica;23
cementerio recoleta;23
chatear ahora;23
atencion virtual;23
queria consultar;23
abl inmobiliario;23
inscripcion 2026;23
planilla;23
exencion pago vtv;23
boleto estudiantes;23
sacar certificado domiciliario;23
curso recupero puntos;23
turno mastologia;23
lugares;23
solicitar partida defuncion;23
nececito turno;23
911;23
pilas;23
turno oftalmologia hospital santa lucia;23
tener nivel;23
validar titulo secundario;23
ensayo orquesta;23
llamen;23
equivoque patente;23
permite;23
registrar sube estudiantil;23
envio;23
cuanto debo multas;23
turno flebologia;23
presentar;23
basura voluminosa;23
comfirmar turno;23
reempadronamiento subte;23
turno julio;23
pagar infracciones tarjeta credito;23
llego ningun mail;23
cambio tema;23
manual conductor;23
boleto estudiantil nivel superior;23
dejo;23
viviendas;23
talleres gratuitos;23
actas infraccion;23
sicol;23
tarifado;23
inscripcion jardin infantes;23
curso oratoria;23
cambio jurisdiccion licencia;23
solicitud copia plano;23
sacar turno infracciones transito;23
limpieza campanas;23
retirar licencia;23
acta casamiento;23
botie;23
cirujia;23
anda puta pario;23
turno dgai;23
deuda peajes;23
empadrono;23
valor multa;23
figura;23
consultar solicitudes;23
taxis;23
habalr alguien;23
pagar patente auto;23
chorros;23
segunda dosis dengue;23
turno infracciones presencial;23
donacion bienes hogar desuso;23
gas;23
botu;23
turno entregar recibo;23
retiro residuos poda;23
kiero sacar turno;23
reclamo ausa;23
turnos ecografia;23
puse;23
subsidios habitacional 690;23
renovacion licencia turno;23
importe;23
reintegro;23
ninguna opciones;23
verificacion policial moto;23
hablar soporte;23
tomar turno;23
reportar infraccion;23
capo;23
pedido urgente;23
multa pagada;23
consultar denuncia;23
baja ingresos brutos;23
grabado;23
empadronado;23
pagar buepp descuento;23
estacionamiemto;23
reclamo vereda rota;23
tarjeta ciudadana;23
citacion comparecer procedimiento administrativo faltas;23
estacionamiento cud;23
hicieron multa;23
matate;23
ciudadania potena;23
sistema sirve;23
hablar alguna persona;23
inscripta;23
corregir datos;23
50500147;23
descuento multa;23
valido identidad app;23
cuales multas;23
resonacia;23
voley;23
baches;23
ver puntos;23
quisiera solicitar turno;23
ensayos filarmonica colon;23
deja registrarme;23
ensayos ofba;23
apellido;23
salio mal;23
che;23
sube boleto estudiantil;23
valuacion fiscal inmueble;23
certificado casamiento;23
imagenes;23
infacciones;23
problema tramite;23
curso manejo;23
tirar electrodomestico;23
oratoria;23
turno controlador fiscal;23
especialidad turno previo;23
pude entrar;23
ecotacho;23
alquiler;23
acta comprobacion;23
lucencias;23
kiero turno;23
lic conducir;23
noti;23
voucher educativo;23
ahora hago;23
licencia interjuridiccional;23
salgo;23
computadora;23
comunicacion;23
comenzar;23
pagar multa voluntaria;23
sidale;23
turno multas transito;23
blanqueo cuenta mibaa;23
renovar dni pasaporte;23
psicopedagogia;23
alimentos;23
dnrpa;23
exencion vtv;23
confirmar turno hoy;22
vacuna antigripal turno;22
aprobe charla;22
estaciinar;22
turno castracion gata;22
comprobante plan vencido;22
charla virtual renovacion licencia;22
hacer rutramur;22
plantacion;22
auto multa;22
creo cuenta;22
consultar dni;22
pasame operador;22
renovar registro conductor;22
multas provincia aires;22
basura vereda;22
sacar sangre;22
anonimo;22
tirar lavarropas;22
auto mal estacionado garage;22
conciertos;22
cano roto;22
residencias;22
retirar colchon;22
consultas medicas;22
pedir partida;22
otorgamiento registro conducir;22
descargar certificado;22
resto poda arboles;22
hago pagar estacionamiento;22
filarmonica gratis;22
personas discapacidad;22
sacar turno renovar registro conducir;22
hablar operadora;22
violencia laboral;22
asacar turno;22
recupero cuenta;22
estacionamiento tarifado;22
espectaculos;22
quisiera multas;22
turno menor;22
estacionaf;22
licenci;22
siquiatra;22
automovil mal estacionado;22
queria cambiar turno;22
retirar electrodomestico;22
licencia otorgamiento;22
curso gastronomia;22
tramito;22
cancelat;22
detalle multas;22
trambus;22
concurso enfermeria;22
llego confirmacion pago vtv;22
descargar boleta multa;22
retirar mueble;22
multa auto mal estacionado;22
temas;22
seguimiento solicitud;22
sacar licencia conducir moto;22
baja cambio radicacion;22
estacionarme;22
desinfeccion;22
turno sacar licencia conducir;22
blanqueo cuenta mibablanqueo cuenta miba;22
certificado vivienda;22
catalina;22
vacunarse;22
descargar boletas;22
consultar nuevo;22
vencio dni;22
boleto educativo universitario;22
sistema;22
estacion saludable;22
turno audiometria;22
partida divorcio;22
adontologia;22
iniciar validacion;22
gcba;22
entra;22
licensia;22
llamaron;22
podar;22
don nicola mas;22
escuela secundaria;22
retiro restos obra;22
rrhh;22
odontologia turno;22
compu;22
turno resolver multas videollamada;22
puerto madero;22
ciudadania argentina;22
numero telepase;22
notas examen residencia;22
san telmo;22
consultas infracciones transito;22
verdad;22
renovacion licencia conducir cambio jurisdiccion;22
quisiera hablar alguien;22
sangre;22
rehubicacion contenedor;22
holap;22
permiso feria;22
vidrios;22
audiencia virtual infraccion;22
exencion patente discapacidad;22
factura vtv;22
perdi sube estudiantil;22
chupame pija;22
numero partida inmueble;22
turno validacion identidad;22
sacaron auto;22
infraccion vencida;22
certificado libre deuda;22
renova licencia;22
llega codigo verificacion;22
terminar secundario online;22
codigo postal;22
renovar licencia cambio jurisdiccion;22
vacunas mascotas;22
sacar turno vacunas;22
fondo ojos;22
auto tapando garage;22
solicito audiencia online;22
guardia oftalmologica;22
castraciones gratuitas;22
bloqueo cuenta miba;22
actividades gratuitas;22
curso cerrajeria;22
conseguir trabajo;22
turno ciudadania;22
recorrido linea;22
turno renovar;22
hablar alguien real;22
copia escritura;22
camioneta;22
hablar persona favor;22
infr;22
turista;22
libro quejas;22
calles;22
falta respeto;22
quisiera sacar turno medico;22
sarmiento;22
oftalmologia infantil;22
blanque cuenta miba;22
rendir recibo 690;22
vacuna turno;22
consulta infracciones patente;22
factura agip;22
comunicar;22
multa automotor;22
consultar solucitud;22
laboratorios;22
retirar tarjeta ciudadania portena;22
realizar vtv;22
solicito audiencia virtual;22
realizar denuncia;22
atienda alguien;22
vtv remis;22
entradas filarmonica colon;22
prestacion retiro escombro;22
multa estacionamiento;22
subsanacion;22
cambiar direccion;22
listo chau;22
donar ropa;22
turno udaondo;22
entrar link;22
cedetac mamografia;22
cirujia plastica;22
cobro indebido peaje;22
sacr turno;22
pueden ayudar;22
atencion hospital;22
inmobiliarioabl;22
internet;22
nunca atendieron;22
controlador presencial;22
vacuna prevenar;21
turno gripe;21
amables;21
viajar subte;21
infraccion trancito;21
estacionamiento libre;21
presentar descargo multa;21
yola;21
turno nutricion;21
multa llego correo dan numero dice chatear controlador robot;21
multas trancito;21
atencion espontanea;21
duplicado patente;21
charla virtual renovacion licencia conducir;21
sacar turno urologo;21
hojas;21
vacuna anti gripal;21
saavedra;21
abl debito automatico;21
tramite cud;21
monto infraccion;21
retirar ramas;21
ver mas infracciones;21
consulta dni;21
cocina;21
chatear alquien;21
saluf;21
solicitud poda;21
mas ahora;21
renovar telepase;21
resolver multa videollamada;21
nueva consulta infracciones;21
denuncia perdida dni;21
lugares estacionar;21
reportar auto mal estacionado lugar discapacitados;21
tramite pendiente;21
entro tad;21
rechazado;21
jardin japones;21
sacar entrada ecoparque;21
psicologia infantil;21
conduccion;21
turno castraciones;21
brenda;21
turno neumologo;21
reserva espacio;21
recuperar cuenta argentina;21
plus essentials mes 8000 meses 18500 meses 45000 plus extra meses 30000 meses 75000 plus deluxe meses 35000 meses 90000 cuenta primaria garantia tiempo adquirido idiomas espanol ingles;21
puede estacionar aqui;21
container;21
estacionando;21
tele peaje;21
marketing;21
cambio domicilio licencia;21
partida digital;21
red primeros meses;21
codigo urbanistico;21
charla renovacion registro conducir;21
hacer pago voluntario multa;21
duplicado registro conducir;21
reposicion contenedor;21
cambiar gmail;21
liberar vehiculo;21
infraccones;21
bolsas escombro;21
vehiculo multas;21
remision vehiculo;21
107;21
casar;21
terminar escuela;21
crear cuenta bue;21
orquesta filarmonica teatro colon;21
turno durand;21
toca vtv;21
boludo;21
ensayo filarmonica junio;21
turno precencial;21
pago peaje;21
ecocardiograma doppler;21
imbecil;21
clases;21
cetedac;21
extranjera;21
deja entrar miba;21
certificado vacuna;21
planes facilidades;21
hice pago;21
acto publico;21
puedes ayudar;21
curso asistente gerontologico;21
abogados;21
tramitar licencia conducir;21
renovacion conducir;21
conectar;21
retiro muebles viejos;21
examen residencias medicas;21
turno veterinario;21
mul;21
juez falta;21
hacer denuncia auto mal estacionado;21
bori;21
junta medica;21
analisis laboratorio;21
hago pagar multas;21
portugues;21
constancia agip;21
sicologa;21
turno ecocardiograma;21
inicie sesiones;21
informe;21
historial medico;21
estacionamieto;21
cambiar medico cabecera;21
descargar documento;21
estacionamienro;21
trapito;21
clima hoy;21
tramite boleto estudiantil;21
cambio nivel;21
entendido;21
entregue;21
sacar turno habitacional;21
pasaporte express;21
sellado;21
necesitas atenderte ayudarte sacar turno centros salud accion comunitaria cesacs chequeos consultas hospitales publicos urgencias casos complejos vacunatorios calendario centros diagnostico tratamiento alta complejidad cedetac estudios diagnostico imagen;21
mas infracciones;21
vacunar covid;21
ubicacion actual;21
hablar mas;21
certificado deudores alimentarios;21
cambiar foto perfil;21
reporto error;21
abono multa;21
renovar dni anos;21
apra;21
importa;21
rechazar multa;21
computacion;21
permiso conducir;21
sacar turno audiencia virtual;21
pagar multas caba;21
ingresar link;21
jardines maternales;21
turnoooo;21
realizar consulta;21
infraaciones;21
constancia residencia;21
mensaje;21
dni hijo;21
dispatur01cux11apertura;21
vehiculo mas estacionado;21
inscripcion ingresos brutos;21
multas infraccion;21
12345;21
beneficios;21
libre deuda infraccion;21
multas pagas;21
recuperacion puntos;21
trabajar gobierno ciudad;21
newcom;21
renovar licencia conductor;21
horario atencion comuna;21
vacunacion dengue;21
turno nino sano;21
detalle infraccion;21
descuento jubilados;21
renovacion registro conductor;21
estudiantes;21
nino;21
imprimo boletas;21
reclamo defensa consumidor;21
cambiar numero telefono;21
sube universitaria;21
graciassssss;21
direccion registrada;21
pedir turno salud;21
verificacion vehicular;21
tomografia torax;21
ensayo filarmonica aires;21
buscar empleo;21
restablecer contrasena;21
aprende familia;21
codigo pago electronico;21
turno vtv caba;21
pasan;21
pasame coin ser humano mierda igual;21
electroencefalograma;21
gay;21
donar colchon;21
uacf;21
santojani;21
atendida;21
cambio radicacion;21
esicol;21
atendio;21
telepasr;21
sacar turno virtual;21
dua;21
aguardo;21
acarreo moto;20
cancela turno;20
campana vacunacion;20
cursos cortos;20
multa infracciones;20
voti;20
escribi;20
hablar personal;20
guardia ginecologica;20
titular auto;20
vph;20
duplicado titulo secundario;20
inicio tramite;20
turno hospital velez sarfield;20
beneficio residentes;20
entrar agip;20
numero telefono llamar;20
turno adolescencia;20
inscripcion curso manipulacion alimentos;20
boleto estudiante;20
turno dengue;20
aumentar nivel seguridad;20
enviar curriculum;20
subi;20
pagar boleta abl;20
tramitar boleto estudiantil;20
hacer curso virtual aprobar examen;20
llego cedula notificacion;20
licencia interjurisdiccional;20
carnet manipulacion;20
tramites digitales;20
hacer partida nacimiento;20
parque roca;20
examen practico;20
turno line;20
consultar telepase;20
sacar turno castrar gato;20
pedi ningun turno;20
turno hacer dni;20
actualizar partida;20
comprobante plan pago;20
dar baja tramite;20
autopistas;20
ingresar aplicacion;20
inscripcion escolar 2027;20
mandatarios;20
consultar puntos scoring;20
tipo multa;20
validar datos miba;20
sacar turno hospital duran;20
velocidad maxima;20
reservar entradas;20
infracciones pago;20
playa acarreo;20
teatros;20
denuncia extravio;20
cobro beca ciudad;20
mensaje demasiado largo encuentro respuesta apropiada responda completo sugiero hacer preguntas mas cortas mirar menu;20
partida nacimiento gratis;20
validar identidad presencial;20
pase jubilado;20
orientacion;20
precios;20
hacer descargo multa transito;20
vtv jubilados;20
boletin primaria;20
botif;20
cursos capacitaciones;20
manana estare;20
clausura obra;20
hgy;20
turno ciudad;20
denuncia robo;20
solicitud partida matrimonio;20
resultado sangre;20
linea 147;20
acta nacimiento actualizada;20
pasame humano;20
recordarme turno;20
mamografia turno;20
trayecto formacion obligatoria acompanantes inclusion escolar aie;20
ciudadenia portena;20
sacar turno hospital santojanni;20
divorciarme;20
dni menor;20
tapando garage;20
sacar turno infectologia;20
vehiculo infracciones;20
sexo;20
turnos cgp;20
residuos contenedor;20
precio multa;20
solucionas;20
sacar partida matrimonio;20
hacer curso recuperar puntos;20
imprimirla;20
deja avanzar;20
resolver multas transito;20
certificado valuatorio;20
sacar turno cambio domicilio;20
reserva teatro colon;20
infranciones;20
recoleccion mueble;20
turno resolver;20
renovar registro automotor;20
ciudadania portena laboral;20
ascensores;20
cedectac;20
encuentro opcion;20
residuos obra;20
denunciar comercio;20
multa infraccion;20
vacunas calendario;20
infracciones moto;20
polideportivo martin fierro;20
hablar alguien humano;20
secuestraron vehiculo;20
sacar turno gastroenterologia;20
adopcion perros;20
queria cancelar turno;20
verificacion policial vehiculo;20
ver fotos;20
telepase funciona;20
controlador 316;20
legajo vencido;20
infracciones vehiculos;20
agente agip;20
cometi infraccion;20
turno ecodopler;20
tramite tarjeta ciudadania portena;20
expo empleo barrial;20
cambio nivel seguridad;20
cobraron peaje pase;20
turno odontologia infantil;20
validar mail;20
camaras;20
cancelae;20
centros vacunacion;20
discutir multa;20
crack;20
imprimir pagar;20
renovar locencia;20
ecografia ginecologica;20
turno consultar;20
escribirlos;20
llego tarde;20
modo online controlador faltas;20
pagar multa controlador;20
turno clinico medico;20
dice salio mal;20
retiro objetos;20
turno examen manejo;20
entrar aires;20
multas turno;20
deja validar;20
cambiar colegio;20
nino sano;20
puede descargar;20
solicito partida nacimiento;20
embargo judicial;20
nunez;20
ministerio salud;20
cud renovacion;20
pasaporte menor;20
hoy abierto;20
viajar cud;20
estacionamienti;20
hojas calle;20
infracciones telepase;20
jueves;20
renovacion vtv;20
exento;20
circulacion microcentro;20
ultas;20
dice pesos;20
puntos verdes moviles;20
resultado tomografia;20
same;20
imprimir boleta pagar;20
modificar;20
hablo;20
odontopediatra;20
teatro colon ensayo filarmonica;20
test eventos ciudad;20
infracciomes;20
tarifa jubilados;20
informacion multas;20
tramite habitacional;20
secundario 2000;20
turno apto fisico;20
dice pagina encontrada;20
turno endocrinologa;20
obstruccion vereda;20
confirmar turno laboratorio;20
realizar tramite;20
preinscripciones;20
arevisar multas;20
pedo;20
llegue;20
nadagracias;20
infraccion veicular;20
recordarmelo;20
matias;20
star wars;20
endoscopia;20
sigue tramite;20
bien anotado;20
rabia;20
llegando;20
espinograma;20
hospital roca;20
mia turnos;20
pase gratis subte;20
podes;20
voyairgracias;20
ascensor;20
cedetax;20
enyaso filarmonica;20
medio;20
reclamo peaje;20
cedatec;20
cargo;19
comuna turno;19
turno rendir recibo;19
cambiar clave miba;19
funciona aplicacion;19
inscripcion colegio;19
turno reumatologo;19
recupero puntos scoring;19
revisar multas mostrar tenes infracciones contarte pagarlas tambien sacar libre deuda tenes multas;19
hospital ramon carrillo;19
elizalde;19
2027;19
lentes;19
pase subte cud;19
pagar multa presencial;19
queres averiguar algun tema;19
resultados estudios medicos;19
pagar multa vencida;19
finalizado;19
vayanse mierda;19
reclamo multa transito;19
lugano;19
realizar multas;19
nene;19
cedecta;19
solicitar turnos;19
denunciar administrador;19
cuenta nivel;19
transferencia auto;19
descargar app;19
infantil;19
acta multa;19
registro miba;19
atencion psicologica;19
licencia conducir digital;19
entradas ensayo teatro colon;19
retiro maderas;19
turno examen teorico;19
hacer ciudadania portena;19
vacunarme fiebre amarilla;19
sacar turno validar identidad;19
valida identidad;19
curso licencia conducir;19
boletos estudiantil;19
cumplido;19
pedir audiencia;19
hacer blanqueo cuenta;19
turno ive;19
direccion general administracion infracciones;19
becas media;19
moto vereda;19
miercoles;19
exceso velocidad;19
turno gineco;19
retiro restos poda domiciliaria;19
iniciar secion;19
secundaria adultos;19
hacer charla renovacion;19
libro deuda;19
lomas zamora;19
ecodoppler;19
visitar obelisco;19
hospitales cesacs;19
actividades hoy;19
turno hospital pinero;19
entradas ensayo filarmonica colon;19
sacar turno renovacion dni;19
hos;19
subsidios habitacional;19
solicitud certificado domicilio real caba;19
trata;19
turno proctologia;19
consultar multas hacer descargo video llamada;19
pagarla online;19
plano departamento;19
turno psicologa;19
turno casarme;19
sacar turno multa;19
matias contame mas;19
guardia otorrino;19
multas revisar;19
feliz;19
consultar multas dominio;19
velocidad;19
subir;19
hacer licencia;19
turno ahora;19
reubicacion contenedor basura;19
datos tramite;19
pagar infracciones descuento;19
asociar cud;19
cine;19
ayudas sacar turno;19
dar alta patente;19
recibo alquiler;19
recoleccion programada residuos voluminosos;19
multa controlador;19
estac;19
ayuda telepase;19
respuesta automatica escribir consorcios medio atendemos recibimos mensajes texto atendemos llamadas audios whatsapp horario atencion telefonica celular directo lun vie 900 1300hs urgencias llamar directamente 2000hs enviar comprobantes pago pagoscrconsorciosgmailcom aclarar edificio depto cochera baulera whatautoai;19
hacer reclamo telepase;19
precaria;19
validar identidad forma presencial;19
cursos electricidad;19
serviste;19
pablo;19
turno presencial agip;19
cambiar mail principal;19
charla renovar licencia conducir;19
solicite partida nacimiento;19
entrada colon;19
cuales requisitos;19
inscripcion recien nacido;19
sigracias;19
hablar equipo ausa;19
cancelar turno vacunacion;19
telepased;19
viejo;19
costo tramite;19
gustaria sacar turno;19
calidad identidad;19
estacionamos;19
ile;19
carteleria;19
app funciona;19
retiraron escombros;19
turnos santa lucia;19
chat operador;19
pasaporte dni;19
consultar deuda abl;19
sacar turno hospital elizalde;19
subcidio 690;19
jodiendo;19
academia emprende;19
cobro habitacional;19
concursos enfermeria;19
libros;19
habilitacion comercial;19
cerrar cesion;19
libre deuda transito;19
pasaron;19
queria hacer reclamo;19
scorin;19
ciudad portena;19
sacar sube;19
infraccion patente;19
jhu;19
bro;19
cargan tarjeta;19
queria sacar turno medico;19
fondo metropolitano;19
puede hacer online;19
bot mierda;19
pagar dni;19
castracion mascota;19
hablar acesor;19
charlar operador;19
turno retencion vehiculo;19
operator;19
retuvieron licencia conducir;19
habla alguien;19
registro sube;19
cuanto debo;19
tramite subte;19
numero denuncia;19
puede pagar;19
retiran;19
boleta pagar infraccion;19
manipulacion alimento;19
analitico secundaria;19
otorgamiento licencia moto;19
sale acceso denegado;19
remolque;19
inscripcion inicial;19
reclamo barrido;19
secuestro;19
resultados sangre;19
sacar turno psicologo;19
visitas;19
sigo espera;19
conecto;19
hice denuncia;19
chatear ausa;19
pagar multa caba;19
fecha inscripcion;19
descuentos;19
vendi vehiculo;19
turnos vacuna antigripal;19
charla aprobada;19
formulario cud;19
callate;19
acta infracciones;19
senalizacion;19
video;19
sacar turno cgp;19
averiguar turno;19
abonar infracciones transito;19
doble bacteriana;19
turno medico hospital;19
codigo pago;19
pagar multas line;19
bajar app;19
remis;19
blanqueo cuenta mina;19
actualizacion acta matrimonio;19
tocoginecologia;19
resuelvo;19
vacunarse gripe;19
llego notificacion infraccion;19
circulacion;19
1158273930;19
registro auto;19
cobro peaje indebido;19
problemas cuenta;19
ver comprobante;19
ver multas auto;19
hacer pago voluntario infracciones;19
retirar pasaporte;19
calzado mayorista whatsapp solo compra zapatos botas nybshoes;19
2000;19
finalizar conversacion;19
reciclables;19
error git existe dominio inscripto codigo sql 100 recurso avmv;19
rata;19
cid;19
salud odontologia;19
lincencias;19
infrqcciones;19
ser humano;19
consegui;19
cedetag;19
turno regimiento patricio;18
turno hospital santojani;18
formas pago;18
auto mall estacionado;18
inscribirme terminar secundario;18
dispositivo telepase;18
infracciones cometidas persona;18
boleta avaluo;18
corrientes;18
tramites dni;18
infracciones pendientes pago;18
demora;18
robaron dni;18
mas anos;18
podar arboles;18
quejarme;18
cursos capacitacion;18
deja ingresar cuenta;18
mayores;18
entrada gratis;18
ver partida;18
hago descargo multa;18
trae elegi letra lista escribime buscando recibir novedades vehiculo tramites turnos servicios reclamos eventos mas temas;18
tarded;18
reservar cancha;18
consultar multas dni;18
encontrar auto;18
precio entrada ecoparque;18
vacunacion gatos;18
actualizar partida matrimonio;18
balvanera;18
recibi notificacion;18
hospital alvares;18
validar celular;18
realice tramite;18
apoderado;18
reclamar infraccion transito;18
covid vacuna;18
anti gripal;18
05062026;18
turnooo;18
luces;18
retiro vehiculo;18
anda telepase;18
glaucoma;18
renovar pase subte;18
funciona tad;18
deuda judicial;18
enviar solicitud contribuyente;18
hospital oftalmologico santa lucia;18
permite entrar;18
carteles;18
entradas ensayos filarmonica;18
alguna infraccion;18
ciudadania portena turno;18
bus;18
cremacion mascotas;18
dani;18
reclamo infraccion transito;18
pagar pago facil;18
tarjeta sube estudiantil;18
callao;18
hablo controlador;18
infraccion multa;18
cambio datos licencia conducir;18
apelar infraccion;18
turno controlador multa;18
hacer sube estudiantil;18
validacion datos;18
vigencia licencia;18
turno hospital clinicas;18
remocion vehiculo abandonado;18
parque avellaneda;18
dni domicilio;18
hoy tenia turno;18
extravio licencia conducir;18
hago ahora;18
paso turno;18
programacion;18
puede sacar turno;18
sacar turno hospital pirovano;18
llego mail confirmacion;18
chapa patente;18
sacar turno otorgamiento licencia conducir;18
tercera movimiento;18
telepase bloqueado;18
turnos tramites;18
baja tele pase;18
turno licencias;18
contenido jovenes;18
estudios laboratorio;18
reposicion sube estudiantil;18
quinquela martin;18
renivar licencia;18
multas descargo;18
puede reprogramar turno;18
multa equivocada;18
atendido;18
confimar turno;18
polideportivo parque patricios;18
deposito ciudadania portena;18
recoleccion poda domiciliaria;18
cedetat;18
pago tarjeta credito;18
vence junio;18
multa mal estacionado;18
empadrone;18
pagar infraccion line;18
actividad fisica;18
actualizacion;18
cancelar verificacion policial;18
ver boletin;18
uba;18
turnos hijo;18
hacer denuncia ruidos molestos;18
datos biometricos;18
telefono comuna;18
dni extranjeros;18
lenguaje senas;18
ver todas infracciones;18
inservibles;18
boleto estudiantil secundaria;18
recibi multa;18
multas pagadas;18
pasame alguien;18
microcentro;18
ver fotomulta;18
sacar turno hospital santojani;18
tramite movilidad portena;18
guardia pediatrica;18
especialista columna;18
adherirme boleta electronica;18
corte calle;18
certificado concubinato;18
puede hacer plan pago;18
atiende nadie;18
centro formacion profesional;18
solicitud escombros;18
pagar renovacion licencia;18
volver sacar turno;18
turno cgp comuna;18
pasadas;18
tango;18
botiturno;18
ecografia renal;18
hablar ausa;18
sacar turno gastroenterologo;18
tramite subsidio habitacional;18
retiro programado residuos;18
cursos computacion;18
informe infracciones;18
turno virtual multas;18
ver boletin hija;18
mulas;18
anular infraccion;18
gripe neumonia;18
deuda multa;18
asesoramiento juridico;18
respuesta automatica bienvenidao generic pharma momento podemos atender brevedad llamaremos;18
legalizacion partida nacimiento;18
consulta tramites;18
consulta odontologia;18
intentar;18
turno sube escolar;18
entrar pagar;18
parque olimpico;18
contenedor roto;18
ortogamiento;18
hable;18
beneficiario ciudadania portena;18
cesto papelero;18
turno hospital maria ferrer;18
legalizar analitico secundario;18
igualmente saludos;18
turnos hospital rivadavia;18
plan facilidades abl;18
oftalmologia santa lucia;18
actualizar cuil;18
retiro electrodomestico desuso;18
renovar livencia;18
puntaje licencia conducir;18
atencion telefonica;18
infraccion moto;18
pagar deuda patente;18
pude hacer;18
turno boleto;18
turno castracion perro;18
subhabitacional;18
turnos ciudad;18
vacunar perro;18
chip anticonceptivo;18
loguearme;18
discapacitada;18
haciendo;18
pase cultural adultos;18
renovar licencis;18
pagar peajes;18
trenes;18
modificar mail;18
obtener nivel;18
solucionaron;18
juicio;18
agentes transito;18
continuo;18
pague tramite;18
hago pagar infraccion;18
malo;18
completa;18
cambio categoria;18
boleta digital;18
hago pagarla;18
resultado resonancia;18
hace falta;18
trans;18
pago renovacion licencia;18
embarazada;18
consulta scoring;18
consulta virtual;18
retiro escombros obra;18
gracuas;18
endocrino;18
veiculo mal estacionado;18
resultado covid;18
tag telepase;18
botiiii;18
hablar experto;18
atienda humano;18
mundial 2026;18
puede reprogramar;18
iluminacion calle;18
deja descargar;18
ddjj;18
colonoscopia;18
dis;18
anda mal;18
siiiii;18
patricios;18
comfirmado;18
maquina;18
denuncia basura;18
telepase cud;18
hospital turnos;18
confirmar turno hospital;18
sacar turno renovacion registro conducir;18
ecodopler cardiaco;18
vic;18
abona;18
sacar turno analisis sangre;18
hacerme dni;18
vtv jubilado;18
imprimir infracciones transito;18
ver turnos salud;18
turmos;18
doctor;18
casamientos;18
consultar acta;18
acepto turno;18
cuota alimentaria;18
sacta;17
derecho consumidor;17
paseo;17
patente multas;17
fia;17
turnos laboratorio;17
rurno;17
saldo ticket social;17
porno;17
retiro ramas poda;17
multa exceso velocidad;17
sacar vtv;17
entrada ensayo filarmonica;17
estacionsmiento;17
retiro esconbros;17
abren inscripciones;17
conocer infracciones;17
turno mama;17
oblea;17
nop;17
saco licencia conducir;17
pagar multa vehiculo;17
cirujano plastico;17
pago deuda;17
opcion valida favor ingresa reservar nuevo turno ver cancelar turno existente modificar turno;17
vehiculo estacionado;17
turno carnet conducir;17
curso puntos;17
descargar boleta pagar;17
beneficios cud;17
verificacion tecnica policial;17
pedir partida defuncion;17
sacar tuno;17
miba funciona;17
instituto pasteur;17
ciudadania portela;17
cargar datos;17
telpase;17
turno controlador videollamada;17
blanqueo cuenta mibahola;17
exencion jubilados;17
rios;17
reserva ensayo filarmonica;17
facturas abl;17
estacionar gratis;17
pedir acta nacimiento;17
pedir turno infracciones;17
pagar peaje telepase;17
vivo aires;17
grua auto;17
ciudadania nortena;17
retirar heladera;17
trabajando;17
push;17
cambiar turnos;17
cursos gastronomia;17
palacio ceci devoto;17
turno hospital velez sarsfield;17
ayudame sacar turno controlador;17
rosario;17
solicitud retiro poda;17
auto removido;17
teatro colon orquesta filarmonica;17
ebus;17
denuncia via;17
hacer constancia domicilio;17
carnet discapacidad;17
turno retirar tarjeta ciudadania portena;17
turno registro automotor;17
hacer plan pago;17
retiro bolsas escombro;17
solicitar acta matrimonio;17
hospital ricardo gutierrez;17
mano derecha;17
contactar deckologico momento podemos responder haremos posible wwwdeckologicocomar productos;17
vayanse cagar;17
preciso turno;17
quisiera turnos;17
extranjeros;17
retirar moto secuestrada;17
digito verificador abl;17
infraccion mal hecha;17
curso gerontologia;17
extraccion;17
multa prescripta;17
deudas infracciones;17
multqs;17
tenia;17
mensaje contiene siglas transcribirlas puntos;17
holabuenas;17
doc cabecera;17
ruidos molesto;17
vencimiento licencia conducir;17
museo larreta;17
sacar turno medico cabecera;17
cambiar persona;17
pagar online infraccion;17
total;17
ver recibos;17
boletas patente;17
solicitar regularizacion dominial;17
controlador faltas online;17
pagado;17
cambiar apellido;17
sacar registro primera vez;17
secundaria 2000;17
debo telepase;17
hacer descargo multa mia;17
eliminar cuenta miba;17
averiguar infracciones transito;17
info agip;17
licencia digital;17
argentino;17
agip patentes;17
bsas;17
certificado dominio;17
registro conducir moto;17
hospitales publicos urgencias casos complejos;17
rosedal;17
frances;17
renovar lucencia;17
ingresa;17
bap;17
uds;17
horario cesac;17
confirmo turno numero;17
multa trancito;17
estacionad;17
sacar clave miba;17
pase gratis;17
fechas cobro;17
recibo sueldo docente;17
sacar turno ecografia mamaria;17
caso;17
direccion comuna;17
cobra beca ciudad;17
ministerio publico fiscal;17
termine charla virtual;17
licensia conducir;17
turno diabetologa;17
verla;17
mas auto;17
pagar multas auto;17
sacar turno otorrinolaringologia;17
cuanto entrada;17
entrar equipo;17
descargo boleta;17
volve;17
acarreo vehiculos;17
problema cuenta;17
averiguar;17
consultar infracciones transito pagar;17
recibo haberes;17
consultar infracciones transito pagarlas;17
estacionar zona;17
doble fila;17
hablar equipo;17
eliminar;17
telefono comisaria;17
mulya;17
pase personas discapacidad trasplantadas;17
pago voluntario multa transito;17
tramitar certificado;17
jajajaja;17
turno nefrologia;17
mulatas;17
laboral;17
teatro colon filarmonica;17
hospital marie curie;17
cambiar turno licencia;17
confirmado estare;17
pude ingresar;17
pagar infracciones buepp;17
agendar cita;17
turnos cesacs;17
escanear dni;17
buena semana;17
prestamo;17
pase subte gratuito;17
mejor;17
limpieza campana;17
contestan;17
resolver multas videollamada controlador transito;17
cinemometros;17
controlador turno;17
precio dni;17
mesa ayuda;17
queres;17
cobraron mal;17
hablar alguien fisico;17
experiencia;17
viaje;17
denuncia ruidos;17
cargar solicitud;17
tarjeta cabal;17
charla renovar registro;17
consulta legajo;17
play store;17
mas turnos;17
deuda patente moto;17
pagar renovacion licencia conducir;17
sacar libre deuda multas;17
numero atencion cliente;17
certificacion docente privado;17
certificacion;17
confirmo ambos turnos;17
uber;17
podamos arbol;17
retencion licencia conducir;17
colegios;17
sacar turno hablar controlador;17
aprobe;17
retirar lavarropas;17
estacionamiento progresivo;17
descargar boleta pago infraccion;17
gobierno ciudad;17
electricista;17
pagada;17
material estudio;17
solicite turno;17
comunicarte ayudarte;17
revisar multad;17
pedir pago voluntario;17
consultar patentes;17
impresion;17
actualizar nivel seguridad;17
cambio genero;17
turnos estudios;17
cerca;17
santificado domicilio;17
consulta informaciones;17
infracciones turnos;17
presencialmente;17
cedac;17
turno virtual controlador faltas;17
ayuda humana;17
vacunacion domicilio;17
ampliar registro conducir;17
registro conducir renovacion;17
resultado hisopado;17
1100;17
mar plata;17
secundaria aprende;17
turno urgente;17
culo;17
descargo multas transito;17
verificacion automotor;17
solicitar semaforo;17
pluviales;17
turno presencial resolver infracciones;17
jodas;17
estqcionar;17
infraccion pago voluntario;17
practica laboratorio;17
reparticion;17
hospital quemado;17
atenderme cesacs;17
tramite certificado domicilio;17
meni;17
renovarlicencia;17
publicidad;17
turno cambiarlo;17
cancelar audiencia;17
pago boluntario;17
aguinaldo;17
manipulacion;17
validar app;17
retiro bolsas;17
centro salud accion comunitaria;17
copia plano mensura;17
administradores consorcios;17
danza;17
inservible;17
rendir recibi;17
buenss;17
santa;17
solicitar nuevo turno;17
daleeee;17
habitacional 960;17
hospital maria curie;17
cartel discapacidad;17
pagar multas vehiculo;17
recoleccion residuos programada;17
ortodoncia;17
solicitud planos;17
sacar turno registro civil;17
ensayofilarmonica;17
consultar infracciones transitohola consultar infracciones transitohola consultar infracciones transitohola consultar infracciones transito;17
sacar turno cirugia;17
infraccions;17
verificar;17
plano mensura;17
acceder cuenta miba;17
pago duplicado;17
exenciones;17
expedientes;17
coche;17
hacerlo online;17
infraccion mia;17
veo tramite;17
botijuegos;17
pension contributiva;17
vence julio;17
turno ecografia transvaginal;17
pagar ingresos brutos;17
pagar multas pago voluntario;17
castracion turno;17
rcp;17
turno bebe;17
gestor citas;17
lcdtm;17
sacar turno presencial infracciones;17
responden;17
peinicio;17
sacar turno centro salud;16
impuesto automotor;16
nonada;16
canse;16
sacar partida;16
pomar;16
cambiar turno renovacion licencia;16
denunciar vecino;16
consultar multas vehiculo;16
momento disponibles mensaje recibido responderemos apenas volvamos horario atencion paciencia sennara indumentaria;16
turno oftalmologia santa lucia;16
chauuuuu;16
solicitud acta matrimonio;16
duenas;16
sacar pase cultural;16
audiencia virtual infraccion transito;16
turno renaper;16
credencial;16
confirmacion;16
haces;16
sacar turno vacunatorio;16
arciba;16
derecho admision;16
hospital santollani;16
oftalmologia turno;16
beneficiario;16
estetica;16
punto verde movil;16
numero dni;16
dni carta ciudadania;16
turno muniz;16
podologia;16
van atender;16
ayer;16
centros formacion profesional;16
entrar app miba;16
residuos peligrosos;16
cambio email;16
pagar inmobiliario;16
turno audiencia virtual infracciones;16
genetica;16
reempadronamiento pase gratuito subte;16
mes;16
turno presencial infracciones transito;16
edtacionamiento;16
consulta turno salud;16
multq;16
carton;16
cuales habiles;16
consulta turnos medicos;16
hacerme cuenta;16
geriatricos;16
canto;16
remover vehiculo;16
impugnar infraccion;16
noooooooo;16
certificado vacuna covid;16
consulta patentes;16
verificar cuenta;16
charla virtual renovacion;16
terminar tramite;16
recordar turnos;16
esperando turno;16
recetas;16
turno hepatologia;16
boleto discapacidad;16
estacionr;16
hospital lagleyse;16
sacar turno sesac;16
deja iniciar sesion;16
sirve informacion;16
visitar palacio ceci;16
hablar asesor humano;16
huella digital docente;16
llaman;16
queria consultar multas;16
turnos pediatra;16
hosteleria gastronomia;16
mandaron;16
retire tarjeta;16
recuperar auto;16
asi dale;16
actualmente podemos responder horario atencion lunes viernes 900 1800 sabados hste contactaremos mayor brevedad;16
pagar infraciones;16
mensaje responderemos dentro horario atencion;16
espero operador;16
entro perfil;16
renovar licensia;16
turnos infraccion;16
turno descargo infraccion;16
ignacio;16
fonoaudiologa;16
ver carnet manipulacion alimentos;16
confirmo numero;16
resonancia turno;16
dni 24hs;16
gente durmiendo calle;16
turno examen;16
reservar ensayo filarmonica;16
patente multa;16
consulta pediatria;16
slaud;16
programa;16
informar infraccion;16
ver todas;16
remedios;16
analisis clinico;16
turno farmacia cesac;16
turno controlador administrativo faltas;16
centros culturales;16
sacar turno endocrinologo;16
solicitar libre deuda;16
castracion turnos;16
citacion comparecer;16
ver patente;16
denuncia maltrato animal;16
comida;16
sacar dos entradas ver ensayos orquesta filarmonica;16
telefono comunicarme;16
pagar infracciones caba;16
mensaje momento podemos responder horario consultorio lunes viernes 900 1500 hrs;16
final obra;16
solicitar turno salud;16
resolucion faltas;16
curso reasignacion parcial puntos;16
tema salud;16
perdida tiempo;16
sacar turno neurologia infantil;16
106;16
curso reeducacion vial;16
infraccion incorrecta;16
sacar turno tribunal faltas;16
escribo patente;16
estudiante;16
retirarlo;16
multas capital federal;16
sacar bolsas escombro;16
avancemos;16
ballets;16
turno castracion gatos;16
pagar forma presencial;16
imprimir infraccion transito;16
multaw;16
hermoso;16
turnos agendado;16
confirmar turno odontologia;16
turnos manana;16
valido;16
registro digital;16
certificado estudios;16
retiro escombrosrestos obra;16
estacionamiento reservado;16
tutnos;16
baja impositiva;16
solicitud partidas nacimiento;16
consulta puntos licencia conducir;16
medicina;16
hospital publicos;16
descargar acta infraccion;16
baja auto;16
pagar legajo;16
hematologo;16
patente adulterada;16
infraccion estacionamiento;16
medio pago;16
olvide turno;16
eventos gratuitos;16
pago dni;16
cuenta mina;16
idioma;16
cursos formacion profesional;16
hablar 147;16
valor multas;16
preinscripcion ciclo lectivo 2026;16
venta auto;16
gravias;16
confirmar turnos salud;16
deja inscribirme;16
sacar partida nacimiento actualizada;16
auto nombre;16
infracciones presencial;16
concierto;16
dni virtual;16
pago pendiente;16
renovacion documento;16
infracciones capital;16
alumno regular;16
pasteleria;16
acta infraccion transito;16
llega telepase;16
botella amor;16
turno atencion ciudadana;16
concurrire;16
empecemos;16
confirmar dos turnos;16
talleres culturales;16
estupido;16
centros diagnostico;16
hacer verificacion policial;16
turno especialidad medica;16
acceder nivel;16
descargar acta nacimiento;16
viri;16
pase gratis jubilados;16
ensayo filarmomica;16
denunciar moto mal estacionada;16
puede hacer;16
reimpresion registro;16
gineco;16
turno controlador infracciones transito;16
dijiste;16
turnos presencial;16
certificado domicilio caba;16
telepae;16
estafas;16
sacar turno argerich;16
descargar recibo sueldo;16
hacerla;16
turnooooo;16
hiv;16
holu;16
sos respondeme json;16
historial pagos;16
hables;16
consulta infracciones dni;16
turno sacar registro conducir;16
telepase deudas;16
esconbros;16
hacer reclamo infraccion;16
pene;16
recordar;16
turno nuevo dni;16
ampliacion licencia moto;16
turnos controlador faltas;16
subte discapacitados;16
campus adultos 2000;16
ver mas tramites;16
subte jubilado;16
turno cardiologia infantil;16
pude hacerlo;16
hablame whatsapp;16
hacer consulta telepase;16
actualizacion mayor;16
ahora turno;16
actas infracciones;16
anda miba;16
nicho;16
renovacion manipulacion alimentos;16
pago licencia;16
retiraron;16
vacunarme antigripal;16
reprogramar vtv;16
taller memoria;16
turnos traumatologia;16
ex202619373796 gcabadgajur;16
solicitud cambio escuela;16
total multas;16
informacion turno;16
danos;16
ablar operador;16
turnos hospital gutierrez;16
cobran;16
reempadronarme;16
secundaria distancia;16
reclamo poda;16
volquetes;16
puntaje licencia;16
retirar vehiculo secuestrado;16
mensaje momento disponibles responderemos tan pronto regresemos horario servicio martes domingo 1100 viernes sabado domingo hacemos repartos dentro barrio flores;16
planos edificio;16
infraccion vial;16
turno madico;16
barrido via publica;16
103;16
forma pago;16
planos propiedad;16
inscripcion pase cultural;16
linea amarilla;16
colonia vacaciones;16
sacar turno hospital casa cuna;16
abl factura;16
ver notificaciones;16
its;16
hospital borda;16
pago boleta bui;16
solicitar turno controlador;16
turno moto;16
hacer cuenta miba;16
saco certificado domicilio;16
autorizacion;16
comunicarme 147;16
ropa;16
gedo;16
bloquear cuenta;16
nadie atendio;16
sacar turno controlador infracciones;16
alli;16
denuncia dni;16
mande foto;16
hospital general ninos pedro elizalde;16
arreglar luminaria;16
turnoo;16
digo;16
turno patologia mamaria;16
telepase dar baja;16
sacar turno controlador multas;16
conductor;16
mayor anos;16
ciudadani portena;16
pagar credito;16
migracion;16
ensayos gratis;16
sacar turno hospital lagleyze;16
podamos arboles;16
escanear codigo;16
queria consultar infraccion;16
turnos cedetac;16
mas info;16
volver principio;16
moratoria agip;16
isla digital;16
arboleda;16
sacar turno presencial controlador;16
comunicarme humano;16
turno apto medico docente;16
paradores;16
hablar representantes;16
ostalmologia;16
renovacion matricula;16
chequeos consultas;16
arreglo;16
organigrama;16
vender;16
baxlogin;16
citas;16
08009992727;16
buenndia;16
envio telepase;16
daleee;16
madre;16
pagar vep;16
sacar turno psicologia;16
cenat pago;16
genero bui;16
registrar huella;16
charla virtual renovacion registro;16
sacar turno pasaporte;16
abl agip;16
cordon;16
profesionales exentos;16
podes pagarlas tarjeta credito debito generar imprimir boletas;16
legalizaciones;16
vaciado contenedor;16
blanqueo usuario;16
retiro objetos desuso;16
retomar;16
abonar pago voluntario;16
cambiar datos personales;16
ahora sigo;16
resolvieron;16
vtb;16
ley 5920;16
infrscciones;16
reimprimir licencia conducir;16
semaforo roto;16
cededac;16
234;16
terciarios;16
problemas validacion cuenta miba solicito ser derivado representante recibir asistencia personalizada;16
receta;16
cardiologa;16
cada emoji nueva humillacion creer burlen asi contribuyentesmenos gasten dinero bot mierda;16
abitacional 690;16
controlador line;16
facturacion telepase;16
turno neurologa;15
licencia conducir vigente;15
curso electricista;15
autos abandonado;15
debo hacer vtv;15
consultar vtv;15
descargo partida nacimiento;15
retiro muebles electrodomesticos;15
pagar multas tarjeta;15
entregar recibo abitacional;15
sacar mueble calle;15
laboratorio turno;15
banco;15
error git existe cuit informada codigo sql 100 recurso git0000;15
primer licencia conducir;15
turno libreta sanitaria;15
sirve ayuda;15
carlos;15
averiguar infraccion;15
castrar mascota;15
descubrir;15
entrega dni;15
estomatologia;15
sacar partidas;15
pago pasaporte;15
documento identidad;15
hablar alguein;15
descuento puntos;15
tramite renovacion;15
uyu;15
vence licencia;15
renuevo;15
residuos tecnologicos;15
imprimir boleta abl;15
pre inscripcion escolar;15
corresponde vehiculo;15
estacion tribunales;15
casa usurpada;15
numero abl;15
turno cuidadania portena;15
libre deudas infracciones;15
adopcion mascotas;15
persona juridica;15
hector;15
pcia;15
portal contribuyente;15
situacion;15
comfirmo turno;15
hacer telepase;15
renovacion licencias conducir;15
amba;15
habilitar;15
tarjeta cuidadania portena;15
solicitar boleto estudiantil;15
cambiar lugar contenedor;15
licencia caba;15
pedir libre deuda;15
mando;15
soporte tecnico miba;15
renovar licenci;15
cambiar turno laboratorio;15
tomando pelo;15
entradas ensayos colon;15
sifilis;15
salidas;15
vehiculos mal estacionados abandonados;15
turno primera vez;15
ayuda estacionar;15
pagar efectivo;15
turnos presenciales;15
renovacion registro cambio jurisdiccion;15
fotografia;15
turno curso educacion vial;15
cambio domicilio registro conducir;15
redir resivo;15
enfermera;15
turno lugar;15
abrir cuenta miba;15
medico cabezera;15
lomo burro;15
hacer descargo videollamada;15
carrera;15
sesion;15
recoleccion voluminosos;15
retenciones;15
pagina pagar;15
lengua senas;15
sabes nombre;15
auto patente;15
solicitud plano;15
oficios judiciales;15
avellaneda;15
turnos sube estudiantil;15
sacar turno casamiento;15
robaron licencia conducir;15
turno gutierrez;15
cuenta aires;15
turno veterinaria;15
sacar turnos salud;15
vencio mas ano;15
agencia habilidades futuro;15
documentacion presentar;15
problema tad;15
suicidio habitacional 690;15
turno castracion perros;15
ensallo filarmonica;15
valido identidad miba;15
estimados;15
reclamo tramite;15
reubicar;15
controlador faltas transito;15
saco partida nacimiento;15
farmacia cesac;15
licencia conduccion;15
abierto;15
consigo turno;15
validacion nivel;15
siento mal;15
solicitar partidas nacimiento;15
turno controlador online;15
turno manejo;15
turno hospital casa cuna;15
auxiliar farmacia;15
cuenta entrar;15
recibir info transito;15
cambio usuario;15
controlador faltas turno;15
clases yoga;15
blacri negro mierda;15
inscripcion policia ciudad;15
remitieron moto;15
pagar multas presencial;15
creditos viviendas;15
consultar turnos agendados;15
informar vehiculo mal estacionado;15
objetos voluminosos;15
cuantos puntos licencia conducir;15
operas conciertos;15
turno renovacion pasaporte;15
blanquear contrasena miba;15
turno practica manejo;15
confirme turnos;15
recoleccion programada electrodomesticos;15
controlador infracciones transito;15
turno infraciones;15
turnos ciudadania portena;15
tramite discapacidad;15
numero turno;15
prestaciones;15
infracciones audiencia virtual;15
desconocer infraccion;15
saco entradas;15
cursos talleres;15
validar titulo;15
funciona blinkay;15
danos obra;15
hacer licencia conducir;15
digas;15
renovar sube;15
mendoza;15
viajar;15
cursos oficios;15
denunciar extravio dni;15
acarreado;15
turno retirar vehiculo;15
lenguas barrios;15
fines semana;15
cuenta nueva;15
registrar cud sube;15
turno sacar licencia;15
audiencia virtual infracciones transito;15
sacar turno salud mental;15
soluciono;15
botiquiero validar identidad;15
llega codigo validacion;15
grafitis;15
inscribirme curso;15
fiscalia;15
curso administracion consorcios;15
nefrologo;15
buscar;15
trades;15
chatear ser humano;15
complete formulario;15
baja patente robo;15
escuelas secundarias;15
anotar;15
lagleyse;15
turno hospital ferrer;15
imprimir multa transito;15
fines;15
titulo secundaria;15
verga;15
tramites obras;15
13062026;15
cobertura portena;15
boletin calificaciones;15
sacar turno juzgado faltas;15
descargar boleta infracciones;15
estudiar ingles;15
pais;15
hago subir nivel;15
confimar;15
verificar multas;15
reprogramar turno licencia;15
verificacion policia;15
turnos sube;15
solucione problema;15
persona durmiendo calle;15
falta turno;15
solicito audiencia;15
tramite beca ciudad;15
cancelar denuncia;15
existen comprobantes pago legajos vencido actualicelo ingresando chat opcion comprobante plan pago vencido;15
boletas infracciones;15
entradas orquesta filarmonica;15
copia certificado convivencia;15
genero boleta;15
bus electrico;15
turno huella digital;15
turno santojanni;15
dar baja ingresos brutos;15
renovar matricula;15
colchones;15
infracione;15
ensayo filarminica;15
trabajar ecoparque;15
renta inmobiliaria;15
reparacion luminaria;15
licitaciones;15
certificado pobreza;15
consegui turno;15
preguntas;15
pagar online infracciones;15
turno controlador virtual;15
llego telepase;15
licencia cambio jurisdiccion;15
licencia auto;15
hacer fin semana;15
turno pista;15
domicilio fiscal electronico;15
certificado institucion activa;15
jose duenas;15
licencia conducir otorgamiento;15
turno retiro dni;15
raro;15
pagar forma online;15
anular tramite;15
hacer pago voluntario multas;15
pague cenar;15
estacionaron garage;15
transporte escolar;15
sacarme sangre;15
plan pago abl;15
lucencia;15
verificacion policial vehicular;15
pasame link;15
turno renovar licencia taxi;15
barrido hojas;15
coprec;15
ver deuda patente;15
vacuna antirabica;15
recuperacion contrasena;15
ceramica;15
mayor edad;15
sos boludo;15
andate concha madre;15
pago facil;15
arbol caido;15
hacer curso virtual recuperar puntos;15
resolver multas video llamada;15
vereda sucia;15
ver detalle multas;15
eventos semana;15
turno certificado convivencia;15
hijos mil puta;15
nfracciones;15
hacer pago voluntario infraccion;15
sacar turno cud;15
resuelve;15
escuelas tecnicas;15
modalidad virtual;15
infrecciones;15
conocer multas;15
voucher;15
infraccion pago;15
renovar licencia conducir cambio jurisdiccion;15
ayuda escolar;15
amparo habitacional;15
abel;15
charlar representante;15
holaaaaaaa;15
creo cuenta miba;15
hacer charla renovacion licencia conducir;15
electrodomesticos desuso;15
enrolamiento;15
uroginecologia;15
infracciones provincia aires;15
ruidos molestos obra;15
iluminaria rota;15
ciudadania portens;15
funciona web;15
aser;15
beneficio pago voluntario;15
licencia motos;15
cambio lugar;15
reasignar puntos;15
audiciencia virtual;15
reubicar contenedores;15
doy alta monotributo;15
robot;15
sakud;15
estacionamient;15
sos tonto;15
choque;15
sumideros;15
resonansia;15
antihepatitis;15
comprobante pago multa;15
chatear alguien favor;15
planos departamento;15
login miba;15
nomenclatura catastral;15
certificado domicilio extranjeros;15
julieta;15
locencias;15
anular turno vtv;15
chequeo;15
algun descuento;15
agip deuda;15
experto;15
sumidero tapado;15
clave ciudad nivel;15
planos casa;15
contactarme;15
pago vencido;15
retiro moto;15
recupero;15
sentencia divorcio;15
botig;15
vigencia;15
aprender ingles;15
asistente humano;15
ensayo abierto;15
tab;15
pintar cordon;15
operador favor;15
cancha tenis;15
consultar multas patente;15
gestion;15
programas sociales;15
denuncia administrador consorcio;15
rectificar;15
turno oftalmologia infantil;15
agip patente;15
impuesto abl;15
habilitacion remis;15
aja;15
reclamo agip;15
buenad;15
vez mismo;15
seguir esperando;15
recibo subsidio habitacional;15
cesetac;15
cursos disponibles;15
cedetc;15
pases abonos subte;14
suciedad;14
adentro;14
solicitar partidas;14
dermatologia infantil;14
pague ayer;14
bloquearon cuenta;14
primer licencia;14
claves;14
comprobante turno;14
hospital ramos mejias;14
recoleccion programa;14
copia acta nacimiento;14
sos util;14
datos necesitas;14
entro miba;14
pases tarifas especiales;14
cuanto sale vtv;14
sacar turno retirar dni;14
pasame asesor;14
turno controlador atiende videollamada;14
baja radicacion;14
ayuda cuenta miba;14
sacar turno especialista;14
pap colpo;14
duplicar licencia;14
telepasse;14
mensaje momento podemos responder haremos posible momento cerrado horario comercial siguiente lunes sabados 0900 1800 domingos cerrado;14
obtener certificado domicilio;14
sacar certificado nacimiento;14
dni perdido;14
test vih;14
solicitud acta nacimiento;14
adelantar turno;14
turno registro moto;14
turno estudios medicos;14
busqueda trabajo;14
ahora nogracias;14
tipo multas;14
cerrar cuenta;14
turno certificado domicilio;14
ver recibo;14
sos idiota;14
pasadas telepase;14
wwwbuenosairesgobarlicenciasdeconducirconsulta infracciones;14
sacar turno mama;14
ver infraccion transito;14
retiro escombros voluminosos;14
turno salu;14
gripal;14
certificado fiebre amarilla;14
vacunacion canina;14
boticomo valido identidad;14
regrabado autopartes;14
activa;14
renovar dni hija;14
acarreos;14
puede hacer pago voluntario;14
deja hacerlo;14
okmuchas;14
consulta presencial;14
hablar alguien agip;14
cambio juridiccion;14
algun numero llamar;14
turnos dermatologia;14
costo acarreo;14
solicitud turnos;14
turno hacer descargo;14
multa ciudadana;14
turno educacion vial;14
hok;14
tele;14
renovar dni hijo;14
aceite usado;14
bache calle;14
turno renovar pasaporte;14
infracciones pendientes;14
registrar tarjeta sube;14
turno partida nacimiento;14
orquesta filarmonica aires;14
sacar tirno;14
turno control faltas;14
uso espacio publico;14
turno saque;14
registro manejo;14
quisiera reprogramar turno;14
llamo 147;14
mal estacionados;14
personas;14
hospital ojos;14
registrar miba;14
telefono ecoparque;14
estaciomar;14
saco entradas ecoparque;14
nivel clave;14
descargar certificado manipulacion alimentos;14
curso barberia;14
codigo barras;14
mal cobro;14
trabajar transito;14
mas consultas;14
voluntariados;14
fka934;14
consulta acta;14
formularios;14
inscripcion escuela primaria;14
licencis;14
trabajo ciudadania portena;14
pagar unas multas;14
turno legalizar titulo secundario;14
numero seguimiento;14
robo licencia conducir;14
turno castracion gatas;14
solucionar;14
cuenta miba nivel;14
encuentro pagar;14
informe multas;14
hablando;14
tramite partida;14
doctor cabecera;14
malos olores;14
inmueble;14
villa;14
permiso uso precario ferias artesanales;14
reposicion;14
recordatorio turnos;14
generar boleta pagar;14
verlo;14
denunciar robo;14
reclamo patente;14
hospitales turnos;14
impresentables;14
curso virtual scoring;14
siu;14
escuela musica;14
inscripcion ciclo lectivo 2027;14
manejar;14
denunciar autos mal estacionados;14
curso vialidad;14
servicio reclamo;14
hoy habil;14
evento;14
verificacion policial domicilio;14
resultados tomografia;14
turno clinica;14
danos obras;14
quisiera pagar multa;14
llego multa auto;14
turno horario;14
bajar boleta abl;14
mogolico;14
salie;14
apelar multas;14
obtener turno;14
viewchat;14
cancelar turno dni;14
cuenta telepase;14
agendar turno controlador;14
pedir certificado domicilio;14
circular;14
casa tomada;14
local;14
adopcion animales;14
ayuda verificacion policial;14
estacionamiento ciudad;14
comfirmo;14
abrir miba;14
aprobado;14
andate;14
registro renovar;14
sacar turno neumonologo;14
servicio barrio;14
reclamo contenedor;14
resultados examen residencia;14
plantear defensa infraccion;14
guardia oftalmologia;14
vacuna perros;14
ingreso cuenta;14
escuela maestros;14
hacerme resonancia;14
gestionar turno;14
grabado cristales;14
retiro podas;14
sudadania portena;14
gruas;14
cloacas;14
solicitud retiro residuos;14
hago inscribirme;14
turno curso vial;14
puede estacionar calle;14
ritmos;14
telepasebuenas;14
ver solicitudes;14
nuevo tramite;14
plan pagos vencido;14
pasar turno;14
turno diabetologo;14
infrac;14
ciclo lectivo 2027;14
cobraron mal peaje;14
visita obelisco;14
infraccionws;14
vacuna rabia;14
igualmente usted;14
pelotudos;14
persona turno;14
multas videollamada;14
automal estacionado;14
ampliacion moto;14
golf;14
biopsia;14
taller;14
pedir partida matrimonio;14
quisiera hablar persona;14
realizar descargo multa;14
estaciinamiento;14
jugar;14
renovacion habilitacion remis;14
multa corresponde vehiculo;14
feo;14
legalizacion titulos;14
turno aun;14
hacer vereda;14
turno ramos mejia;14
desbloquear cuenta;14
sacar multas;14
equivocaron numero;14
nunca aires;14
deja descargarlo;14
sacar residuos;14
atenderme cesac;14
pagar informacion;14
descargar comprobante;14
hablar alguien adultos 2000;14
sacar contenedor;14
salud bucal;14
certificado cenat;14
sacar turno retirar vehiculo;14
infraccioens;14
programar recoleccion;14
ver boletas abl;14
pagar infraccion auto;14
turnos hospital pirovano;14
hice curso seguridad vial;14
revisar turnos;14
subsidio jubilados;14
sacar turno odontologico;14
vacunarme neumonia;14
portal empleo;14
reserva espacio estacionamiento;14
terminar secundaria online;14
propuestas culturales;14
recuperar clave ciudad;14
cuantos;14
ifts;14
union convivencia;14
licencia conducir cambio jurisdiccion;14
residente;14
pagar infracciones tarjeta;14
retiro colchones;14
turno huella;14
puede dar turno;14
denuncia infraccion transito;14
abogado familia;14
nuevo ejemplar titulo secundario;14
turno cambio domicilio dni;14
denuncia venta automotor;14
turno hospital pena;14
aprendeba familias;14
domicilio fiscal;14
valide;14
tramite verificacion policial;14
turno especialidades;14
tele pase activo;14
inoperancia gobierno ciudad;14
denuncial vial;14
reclamo subte;14
vincular cud;14
test sabes app bax;14
otorgar licencia conducir;14
actos publicos;14
jhj;14
consultar controlador;14
lincencia conducir;14
consultar solicitud retiro escombros;14
turno odontologia pediatrica;14
vigencia licencia conducir;14
guitarra;14
endrocrinologia;14
charla seguridad vial renovacion licencia;14
atencion 147;14
recoleccion residuos grandes;14
pago multas online;14
silvia;14
participacion ciudadana;14
queria consultar infracciones;14
cursos ciudadania portena;14
consultar vehiculo;14
inundacion;14
nivel medio;14
reclamo abl;14
inscripcion materias adultos 2000;14
holab;14
lista;14
rutamur;14
sacar turno estudio;14
punto licencia;14
saco turno vtv;14
renuevo licencia conducir;14
funciona 147;14
motivo;14
estacionamiento puerto madero;14
cuantos puntos scoring;14
imprimir partida nacimiento;14
auto garage;14
decis;14
parente;14
anular solicitud;14
imfraciones;14
audiencia infracciones transito;14
maria curie;14
seguimiento expediente;14
desestimar multa;14
vtv auto;14
ensayos filamornica;14
denuncia venta vehiculo;14
venta;14
carga descarga;14
retencion registro;14
sube registrada;14
inscripciones escolar;14
notificado;14
veraz;14
multa pertenece;14
corresponde hacer vtv;14
targeta ciudadania portena;14
feria ciudad;14
cidadania portena;14
cambio horario;14
doctora;14
psicofisico;14
equivoque perdon;14
cedetacbuenosairesgobar;14
voi;14
consulta puntos licencia;14
okok;14
envie;14
pagar licencia;14
cables;14
requisitos renovar licencia conducir;14
consultar infracciones dni;14
cargaron tarjeta;14
andrea;14
fiab;14
sigo aguardando;14
mas vehiculo;14
plantear defensa multa;14
sede tac;14
inoperancia nivel noquis espectacular;14
sacar turno vacuna gripe;14
repara movil;14
sacar sertificado domicilio;14
telepade;14
dialogar ser humano;14
verificacion vtv;14
bacolaborativa;14
infracion transito;14
ferias artesanales;14
pagar infracciones pago voluntario;14
queria multa;14
retirar bolsas escombros;14
multas cuit;14
sade;14
infraccionew;14
actualizar app;14
podes hacer;14
abc;14
fertilidad;14
permiso venta ambulante;14
hospital ninos ricardo gutierrez;14
cambiar turno manana;14
pague certificado cenat rechazaron tramite;14
multas audiencia virtual;14
cobros;14
cens;14
descargo controlador;14
gracoas;14
audiencia controlador transito;14
sugerencia;14
pito;14
tonto;14
geriatrico;14
abril;14
matrimonio civil;14
sigue canal plim plim oficial whatsapp httpswhatsappcomchannel0029vaif2loaznc575xpxm1o;14
sacar acta nacimiento;14
turno vacunacion gripe;14
oncologico;14
revisar multas dni;14
hibrido;14
reagendar;14
pasaporte renovacion;14
das;14
pastillas anticonceptivas;14
intentando hacer verificacion identidad aplicacion miba resulta imposible dni nuevo trae codigo barras aplicacion actualizada verificar dni nuevo paso exactamente mismo afip hicieron persona capital federal cambiar contrasena falta respecto estan haciendo ninun pais mundo atreven tanta inoperancia intentando hacer verificacion identidad aplicacion miba resulta imposible dni nuevo trae codigo barras aplicacion actualizada verificar dni nuevo paso exactamente mismo afip hicieron persona capital federal cambiar contrasena falta respecto estan haciendo ninun pais mundo atreven tanta inoperancia;14
campana;14
sos malisimo;14
transferencia vehiculo;14
truno;14
implante subdermico;14
revisar miltas;14
holabuen;14
sacar tueno;14
infracciones teansito;14
esperare;14
rmn;14
turno presencial controlador infracciones;14
turnera;14
factura pagar;14
onfracciones;14
certificado legalidad registro conducir;14
oftamologo;14
patrocinio;14
dudas;14
eco;14
residuos via publica;14
andis;14
sacar turno examen manejo;14
direccion caba;13
retirar vehiculo retenido;13
falta transito;13
perdon confundi;13
pagar tarifa;13
turno hospital pineiro;13
ddjj anual administradores consorcios;13
buscar dni;13
sacar turno medicos;13
nesecito ayuda;13
estan bien datos;13
donacion sangre;13
parque ciudad;13
inscripciones escuela;13
estaciones;13
ramas poda;13
textil;13
pago estacionamiento medido;13
pagar multa tarjeta debito;13
movilidad portena jubilados;13
sacar turno patricios;13
sacar turno anses;13
pagar infraccion pago voluntario;13
laboratorio sangre;13
solicitud retiro;13
atencion consumidor;13
retiro residuo voluminoso;13
dar baja telepeaje;13
comprobante domicilio;13
contas chiste;13
puntos registro conducir;13
vacuna anos;13
informacion sumaria;13
reprogramar cita;13
darme baja;13
comprobante multa;13
incripcion linea;13
reparacion;13
ayuda turno verificacion policial;13
presento;13
locencia;13
biblioteca digital;13
sacar turno controlador falta;13
turno pavon rios;13
turnos persona;13
debo pagar;13
solicito libre deuda;13
deuda telepeaje;13
factura infraccion;13
vacunas anos;13
concha hermana;13
plano propiedad;13
paternal;13
retiro resto poda;13
reclamo solicitud;13
sacar turno castrar gata;13
sabes isidoro canones;13
denuncia online;13
autovia mercosur;13
consulta vtv;13
turno fondo ojos;13
muitas;13
validar edentidad;13
lavarropa;13
mensaje momento podemos responder haremos posible horario atencion jugueteriachurrinchemitiendanubecom;13
saco turno controlador;13
multas corresponden;13
llevaron vehiculo;13
restos poda domiciliaria;13
dalee;13
guardia otorrinolaringologia;13
turno hospital velez;13
entro pagina;13
numero partida inmobiliaria;13
auto estacionado garaje;13
boleto estudantil;13
activar sube;13
saldo ciudadania;13
tarifa estacionamiento;13
pasar nivel nivel;13
ayudar mas;13
moto mal estacionado;13
mensaje momento podemos responder comunicare posible;13
turnos habitacional;13
activarlo;13
turno salguero;13
aprenderba;13
subsidio subte jubilados;13
dientes;13
solucionar multas;13
imprimir boleta pago infraccion;13
pista aprendizaje manejo;13
hospital quemados;13
retiro voluntario;13
chau servis;13
recoleccion restos obra;13
curso portugues;13
pedir poda arbol;13
inscribirme adultos 2000;13
equivoco numero;13
clases canto;13
curso recuperar puntos scoring;13
cambiar domicilio licencia conducir;13
reponer sube;13
necesitaria turno;13
imprimir boleta infraccion transito;13
queda barrio chino;13
turno medica clinica;13
maderas;13
turno hospital oftalmologia santa lucia;13
sicologia;13
talleres ninos;13
multar auto;13
continuemos;13
ciudadania portenas;13
reportar infraccion transito;13
ayuda tramite;13
ausa telepase;13
109;13
reclamo salud;13
pedir semaforo;13
sede cercana;13
retiros escombros;13
auto mal estacionado esquina senda peatonal bloqueando rampa discapacitados;13
presentar recibo subsidio habitacional;13
turno dni express;13
programa vivir casa;13
blanqueo cuenta mibab;13
generar certificado domicilio;13
exencion iibb;13
presentar queja;13
danos obras construcciones permiso;13
artes;13
ayudaron;13
sacar turno retirar moto;13
boleta ivc;13
alumbrado barrido limpieza;13
profesorado;13
quise cancelar;13
vacunas turno;13
alta radicacion;13
bomberos;13
liberacion moto;13
antirabica;13
reclamos telepase;13
curso renovacion licencia;13
visitas escolares;13
descargar partida matrimonio;13
inscripciones secundaria;13
pagar pasaporte;13
lugar turno;13
denunciar local;13
informacion multa;13
sacar turno sacar licencia conducir;13
imprimo multa;13
hacer rendir recibo;13
ciudadania pprtena;13
retiro material;13
app estacionamiento;13
rstacionar;13
multas presencial;13
recoleccion objetos voluminosos;13
certificado matrimonio actualizado;13
pasaportes;13
hospital clinica;13
ampliacion registro moto;13
cambiar titularidad telepase;13
cuanto cuesta entrada ecoparque;13
cuanto tiempo;13
mulyas;13
reclamos multas;13
complicado;13
sacar mueble;13
deja pagar multa;13
turno comuna boleto estudiantil;13
pagar deuda patentes;13
delitos ambientales;13
certificado primaria;13
dormir;13
hice charla aprobe;13
turno mes;13
partida nacimiento apostillada;13
estacionar cerca;13
pesimos aterradores;13
transporte cud;13
turno pista auto;13
cree cuenta miba;13
pase colegio;13
hago cambiar turno;13
pagar multa cuotas;13
cardilogia;13
hacer carnet manipulacion alimentos;13
copia analitico;13
contestaron;13
reintentar;13
servis mierda;13
hospital odontologia jose duenas;13
clases licencia;13
matricula apm;13
auto acarreo;13
turno sede;13
hermano;13
facultad odontologia;13
chua;13
desbloquear;13
turno psicofisico;13
parque ninos;13
multas automovil;13
error pagina;13
turno oftalmologia pediatrica;13
resolver faltas;13
postularme;13
generar clave;13
ingresar equipo;13
pudiste;13
equivocaste numero;13
plan adultos 2000;13
hoteleria;13
vacuna perro;13
volvamos;13
score;13
perdi registro conducir;13
luis pasteur;13
chupa pija;13
digito verificador patente;13
consultar multas infracciones;13
tramite divorcio;13
seguridad nivel;13
turno nino enfermo;13
renovar licencia charla;13
costo vtv;13
edificio;13
muebles desuso;13
asistire turno;13
tramite hecho;13
permiso viaje menor;13
podria cambiar turno;13
infraccionrs;13
tarifa simple;13
tambien confirmo;13
ver multas dni;13
bajar;13
nesesito;13
feria francesa;13
turnos registro;13
comunicarme equipo termina secundaria;13
registro deudores alimentarios;13
ver acta transito;13
buscador administradores;13
ofmatologia;13
tenes;13
primera licencia conducir;13
pago mercado pago;13
secundario online;13
turno guardia;13
descuento subte;13
renovacion cambio juridiccion;13
tirar termotanque;13
polideportivo pomar;13
hice infraccion;13
entradas usina arte;13
gracais;13
hablar controlador multa;13
retencion vehicular;13
usar miba;13
reduccion cremacion;13
posponer turno;13
hematologa;13
turno medico hija;13
desconocimiento multa;13
solucionaste;13
ver multas vehiculo;13
automotores;13
reductor velocidad;13
turno recuerdo fecha;13
grua auto mal estacionado;13
rendicion recibo subsidio habitacional;13
cambio fecha;13
licensias;13
defensa multa;13
ecografia mamaria bilateral;13
estcionamiento;13
soretes;13
ayuda psicologica;13
acta inspeccion;13
identidad genero;13
27062026;13
sartificado domicilio;13
error infraccion;13
turno hospital quemado;13
pagarla tarjeta debito;13
verificacion tecnica;13
puede cambiar horario turno;13
iniciar sesion cuenta;13
mas telepase;13
seguir denuncia;13
denunciar maltrato animal;13
defensoria consumidor;13
obtener partida nacimiento;13
rendir recibo sueldo;13
disolucion union convivencial;13
adolecencia;13
ciba;13
defensoria pueblo;13
inclusion laboral;13
solicito;13
pedir turno renovar licencia conducir;13
jjj;13
registro administradores;13
castracion gratis;13
retiro tarjeta ciudadania portena;13
tercera edad;13
talleres adultos mayores;13
eco mamaria;13
confirmar numero;13
ahora bien;13
defensoria;13
buscar vacunatorios;13
app aprendeba;13
jorge;13
buscar multas;13
turno hospital lagleyse;13
costura;13
entrada teatro colon;13
cambiar cuil;13
cuil uso;13
consulta reclamo;13
siguiente;13
turno policial;13
elegi opcion seguimos revisar multas consultar puntos suscripciones impuesto patentes cambiar tema;13
boleto estudiantil nivel terciario;13
sacar registro conducir primera vez;13
sacar turno obstetricia;13
estacionamiento trucho;13
renovar licencia vencida;13
ayuda economica;13
inicial;13
multas vehiculares;13
descargar tramite;13
danos casa;13
llego multa vehiculo;13
santollani;13
vivo capital;13
adherido telepase;13
turnos hijos;13
turno online controlador;13
turnos hospital durand;13
hoy feriado;13
pedir turno pediatria;13
querido;13
dentistas;13
plan pago patente;13
social;13
saco cud;13
contactar equipo termina secundaria;13
turno agc;13
revisar puntos;13
entregar recibo 690;13
turno verificacion;13
hacer multa transito;13
hitler;13
perdi registro;13
corregir;13
disponible;13
escuela tecnica;13
dni hija;13
pedir analitico;13
turno tramitar dni;13
soporte cuenta miba;13
how;13
clave miba nivel;13
estacionar motos;13
lanus;13
habil;13
actualizar matricula;13
certificado vacunacion covid;13
superintendencia salud;13
partidas nacimientos;13
tucuman;13
persona real;13
manden mas mensajes;13
ensayo general;13
pagar infracciones presencial;13
salud visual;13
consultar multas hacer descargo videollamadaa;13
documentos llevar;13
cancelar turno hospital;13
asistir turno;13
vista;13
reclamo cobro;13
mucha gracia;13
crear clave ciudad;13
turno ojos;13
reempadronamiento discapacidad;13
lisencia conducir;13
pagos multas;13
anda app;13
traumatolojia;13
turno vehiculo;13
retiro programado muebles;13
ensano filarmonica;13
hacer registro;13
seguir solicitud;13
escombros retirar;13
manual;13
turno diabetes;13
validar identidad aplicacion;13
anote;13
yurno;13
autorizacion viaje menor;13
apto psicofisico;13
hospital ferrer;13
historial multas;13
turno acuerdo;13
descargar infraccion transito;13
controlador infraccion;13
enviar recibo;13
plataforma tad;13
tira error;13
reclamo deuda;13
boro;13
entrada eco parque;13
oncologo;13
auto mas estacionado;13
vacuna domicilio;13
renovar lincencia;13
ahola consultar infracciones transito;13
turno dni extranjero;13
familia;13
andate cagar;13
boletas pago;13
sacar turno hospital zubizarreta;13
molestes;13
cambiar turno fecha;13
agradecida;13
horrible;13
siempre;13
pago cuotas;13
validar indentidad;13
ecoparque entradas;13
ramon carrillo;13
martes;13
ferias mercados;13
otorrino infantil;13
estudios salud;13
licencia enfermedad;13
cambio domicilio fiscal;13
prefiero esperar;13
telepase patente;13
holaaaaaaaa;13
vacunacion turno;13
chat alguien;13
acceso cuenta;13
exencion patentes discapacidad;13
pedir turno vtv;13
suicidio;13
sacar turno electrocardiograma;13
abogado gratuito;13
sacar turno hacerme dni;13
hacer videollamada;13
recoleccion electrodomestico;13
sube estudiante;13
fecha vencimiento;13
recibi notificacion infraccion;13
castracion felina;13
pagar multa voluntariamente;13
circunscripcion;13
turno dni argentino;13
turno menor edad;13
cedula citacion;13
turnos renovacion licencia conducir;13
charla virtual seguridad vial;13
quisiera hablar algun representante adultos 2000;13
anticonceptivo;13
ampliar;13
recuperar licencia retenida;13
vehiculo mal;13
recuperar usuario;13
cancer;13
mias multas;13
lado derecho puede;13
renovar dni turno;13
error ejecutar tarea tareasubsanacion error finalizar tarea3736674 error resolver subsanacion ex202616424340 gcabasstedu error realizar peticion http error 500 encontro actividad previa expediente;13
blanquear usuario;13
adherirme boleta electronica abl;13
dios mio;13
perdi titulo secundario;13
consultar infracciones transitoc;13
traslados comunitarios;13
panoramica;13
notas;13
vigencia vtv;13
turno siquiatra;13
titulo automotor;13
facilidades;13
ets;13
materias;13
mude caba;13
desastre atencion;13
remover contenedor;13
infraccioes;13
turno vacunacion cesac;13
telepasd;13
hablar alguien infracciones;13
subte linea;13
contenedor mal ubicado;13
codigo estudiante;13
juan;13
cedetac turno;13
primer pasaporte;13
kdt;13
revisarmultas;13
ferrer;13
ibfracciones;13
presurometria;13
asesorar productos soma ventassolnicsomacomar wwwsomaelectroproductoscomar;13
tomografia turno;13
hospital ramos megia;13
pagar multa forma voluntaria;13
confirmar permisos;13
merlo;13
gba;13
cinemometro;13
llamar grua;13
reclamar multas transito;13
ecografia transvaginal;13
sacar clave ciudad;13
esperando respuesta;13
inscripcion secundaria 2027;13
scooring;13
turno confirmarlo;13
comunico;13
veo turnos;13
telapase;13
turno video llamada controlador;13
nunca lugar;13
aplicacion aprende;13
hablar ejecutivo;13
mando foto;13
calle rota;13
hice pedido;13
falso;13
profesional;13
multas infracciones transito;13
otorrinologia;13
pagar hago;13
quetal;13
registrarla;13
renovar licenciq;13
buscando empleo;13
cuanto pago voluntario;13
turno otorgamiento;13
prueba;13
hemograma;13
tabaquismo;13
corazon;13
mba;13
lpqtp;13
mamo;13
telepasetelepase;13
cpi;13
turno renovacion licencia taxi;13
cuanto sale acarreo;13
san martin;13
retiro telepase;13
agregar apellido materno;13
portal turnos;12
renovacion partida nacimiento;12
volve intentar;12
permiso estacionar;12
denuncia irregularidades via publica;12
curso computacion;12
solicite codigo;12
zona sur;12
averiguar tramite;12
tarjeta portenia;12
cud turno;12
sacar turno miba;12
muntas;12
ver estudios medicos;12
recolectar escombros;12
tas;12
curso italiano;12
vacunad;12
buenisimo confirmar turno;12
retirar termotanque;12
alta ingresos brutos;12
inscripcion terminar secundaria;12
evento fin semana;12
turno vista;12
stacionar;12
operador 147;12
certificado cambio domicilio;12
tekepase;12
sacar turno videollamada controlador;12
venta vehiculo;12
esracionamiento;12
apelar infracciones;12
denuncias transito;12
start;12
puede pagar mercado pago;12
lugares vacunacion;12
subo nivel seguridad;12
confirmas turno;12
turno medicina general;12
saco turno boleto estudiantil;12
citacion infraccion;12
licencia ampliacion;12
reconocimiento;12
clausura local;12
infraccoones;12
respondeme;12
cuanto debo pagar;12
abrir app;12
deudores;12
sacar turno hospital publico;12
costo entrada;12
tramites argentina;12
informacion infracciones;12
revision infracciones;12
vivo provincia aires;12
1600;12
fin chat;12
comprobante plan pagos vencido;12
solucionar problema;12
parador;12
practicar manejo;12
baja telepeaje;12
necesario;12
turno vacunarme gripe;12
cambiar contrasena cuenta;12
trabajar agente transito;12
bueno chau;12
deuda auto;12
guardia psiquiatrica;12
pase gratis subte jubilados;12
habilitacion local comercial;12
daniel;12
cerra orto;12
sacar turno resolver infracciones transito;12
ver dni;12
devolucion pagos;12
renovar sube estudiantil;12
descargar titulo secundario;12
prestamos;12
botivalidar identidad;12
registrarse;12
boyi;12
colon fabrica;12
instituto vivienda;12
confirma turnos;12
cable caido;12
turn9;12
datos turno;12
baja patente cambio radicacion;12
toma dni;12
hago vtv;12
hago cuenta;12
pague libre deuda;12
quisiera turno odontologia;12
hgh;12
revision policial;12
registro vencido;12
sia;12
adherir telepase;12
hacer nivel;12
preceptor;12
consulta infracciones dominio;12
linea subte;12
clases natacion;12
dni permanente;12
httpsstoragegoogleapiscomstoragebotmakercompublicresplbwx5xygq2b3gp7in8q20260223c2wgbqhhjmard3qgg1tarpt1pp43wnrgdpng;12
lluvia;12
titulo analitico;12
tenepase;12
ingresos brutos deuda;12
tramitar sube;12
turno roca;12
link pagar;12
colon ensayo;12
turno hepatologo;12
restriccion vehicular;12
sacar turno favor;12
boleto estudiantil universidad;12
veo turno;12
vacunar gato;12
cambio categoria licencia conducir;12
express;12
retiro cocina;12
respondeme json;12
podes contar patoruzu;12
estacuonamiento;12
sacar turno oftalmologica;12
perdi partida nacimiento;12
deposito;12
manual conductor ciudad aires;12
buenasss;12
vehiculo nombre;12
amarillo;12
turno sacar boleto estudiantil;12
consulta saldo ciudadania portena;12
espanol;12
escuela primaria;12
abortar;12
paciente;12
fondo ojo;12
imprimir infraccion pagar;12
registro administradores consorcio;12
beca comedor;12
gerontologico;12
solicitar turno hospital;12
turno medico cesac;12
pedir contenedor;12
denunciar trapito;12
pileta santojanni;12
pasaporte hijo;12
noche museos 2026;12
hacer hoy ciudad;12
confundi patente;12
martin fierro;12
inscripciones 2026;12
resultados resonancia;12
recorrido;12
cesto basura;12
estacionamineto;12
imprimir factura;12
sacar turno neumonologia;12
turno irep;12
hago tener nivel;12
primario;12
baja dispositivo;12
sube secundario;12
vence licencia conducir;12
validar identidad dni;12
telepase plus;12
ensayo filarmonic;12
respuesta automatica congreso flame mayo whatautoai;12
solo multa;12
ultima multa;12
amarilla;12
podes ayudarme;12
escombros via publica;12
mover contenedor basura;12
permiso estacionamiento;12
bueno oki;12
renovar registro profesional;12
nacionalidad argentina;12
nivel agip;12
educacion adultos;12
enferma;12
equivocaste;12
subizarreta;12
certificado domicilo;12
opcion pagar;12
cambiar patente;12
acarrearon;12
aire acondicionado;12
turno hematologo;12
renovar dni argentino;12
empleabilidad plateada;12
inscripcion line;12
denunciar infracciones transito;12
registros;12
domicilio provincia;12
oferta educativa;12
atencion odontologica;12
cargar cud;12
activado telepase;12
puede estacionar lugar;12
servia;12
telepaae;12
comprobante pago infracciones;12
cambiar fecha vtv;12
cancelsr;12
boletin secundario;12
licenciada;12
crear usuario miba;12
multas pago;12
mejor barrido;12
turno tac;12
trancito;12
renovacion lic conducir;12
instrumentacion quirurgica;12
pase libre cud;12
jubilados gratis;12
ambiente;12
turno control;12
jhuu;12
ciudad aires;12
hacerte consulta abl;12
almagro;12
pre quirurgico;12
deuda patente auto;12
inscripcion talleres;12
propiedad;12
turnos verificacion policial;12
turno ampliacion licencia;12
booty;12
pagar licencia conducir;12
entradas ensayo colon;12
agip inmobiliario;12
neurologa;12
villa lugano;12
ciudadania portena tarjeta consulta;12
cuanto sale entrada;12
das solucion;12
puesto diarios;12
pasaporte expres;12
carpinteria;12
residuos verdes;12
patente duplicada;12
removieron auto;12
canje licencia;12
limpieza hojas;12
pude pagar;12
cardiologia turno;12
aprender conducir;12
consulta actas;12
alguien hablar;12
nooooooooo;12
exencion discapacidad;12
pagar todas multas;12
espero turno;12
tramitacion distancia;12
mundo gea;12
pediatrico;12
verificar turno vtv;12
lado izquierdo puede;12
diseno curricular;12
puede hablar alguien;12
ingresar cuenta ciudad;12
turnos hospital argerich;12
sube jubilado;12
partidas casamiento;12
deja pagarla;12
antecedente penales;12
botiiiii;12
resolver controlador multas;12
asociar cud tarjeta sube;12
apto fisico docente;12
sacar turno pediatrico;12
sacar turno vtv caba;12
resolvi consulta;12
rendir resivo avitacional;12
descargo presencial;12
familiar;12
turno presencial comuna;12
renovarla;12
consultar infracciones transitohola;12
infracciones automovil;12
mas atencion social;12
cursos salida laboral;12
termine consulta;12
transferir auto;12
escombroa;12
turno discapacidad;12
pasar;12
descargar archivo;12
licencia condicir;12
poste;12
ver detalle infraccion;12
multa descargo;12
espacio reservado discapacidad;12
horas;12
subo nivel miba;12
turno fernandez;12
mas cerca;12
rectificaciones partidas errores omisiones;12
villa crespo;12
pase sube;12
ver cursos;12
hacerlo presencial;12
registrar sube cud;12
pagar infraccion mercado pago;12
coudadania portena;12
algun conocimiento depositos subsidio habitacional varias versiones deposito;12
entrar sitio;12
consultar estacionar;12
ezeiza;12
examen psicofisico;12
licencia provincia;12
secundario distancia;12
cruce peligroso;12
prescripcion infracciones;12
holac;12
verde;12
hablar algun representante;12
libre deuda comercial;12
esperando hablar alguien;12
boleto gratuito subte;12
partida nacimiento legalizada;12
acarreo autos;12
herpes;12
consulta licencia;12
crear clave miba;12
ecografia tiroides;12
aires ciudad;12
pago boleta cenat;12
retiro escombros programado;12
permite ingresar;12
sacar bolsas escombros;12
torno;12
luminarias apagadas;12
vehiculo removido;12
perdida agua;12
turnos casa cuna;12
acta completa;12
pase libre multimodal;12
util;12
multa paga;12
xfavor;12
llega mail confirmacion;12
pagar transferencia;12
contenedor residuos;12
dejame joder;12
huella docente;12
revisar infraccion;12
paga entrada;12
castraciones gatos;12
subsidio habitual;12
ballet;12
aaaa;12
pagar deudas;12
cesac cercano;12
uola;12
abono bui;12
quisiera turno medico;12
estudios diagnostico imagen;12
inscripcion educacion;12
direccion cargada;12
costanera sur;12
controladores;12
reprocan;12
empezamos nuevo;12
pagar bui licencia conducir;12
exterior;12
atiende;12
becas secundario;12
reparacion bache;12
precio ecoparque;12
audiencia pagar;12
antineumococcica;12
padel;12
sacar turno resolver;12
csncelar;12
buep;12
cambiar hora;12
direccion turno;12
desbloquear netbook;12
yty;12
sorete;12
deja acceder;12
mail registrado;12
turnos dentista;12
sacar turno hospital pedro elizalde;12
ver factura abl;12
pagar multas buepp;12
beneficio subte;12
elijo;12
cambio correo;12
tramite presencial;12
taller escritura;12
pasame;12
preinscripcion secundaria;12
respondes;12
resultados analisis clinicos;12
recoleccion ramas poda;12
trafico;12
reclamo via publica;12
partida nacimiento hijos;12
hospital oftalmologia;12
curso licencia;12
generar cuenta;12
garantia facil;12
recuperar licencia conducir;12
retirar partida nacimiento;12
otorrinonaringologia;12
retina;12
estacionar pagar;12
pagar infraccion presencial;12
solucionan;12
alta patentes;12
direcciones;12
vecino;12
buena noche;12
comprobantes legajo;12
inscripcion juegos portenos;12
hacer fotomulta;12
titularidad abl;12
quisiera infracciones;12
cobra ciudadania portena;12
sacar turno matrimonio;12
intento mas tarde;12
validar identidad subir nivel;12
consultar multas caba;12
puede cambiar horario;12
ciudadania porteno;12
pagar multa audiencia;12
foto vehiculo;12
pagar legajos;12
suerte;12
abonada;12
monotributo social;12
pagar multa deja;12
turno confirmo;12
consultar infraciones;12
aprender familias;12
bunas;12
queria turnos;12
turno ministerio educacion;12
recoleccion residuos contenedor;12
denuncia espacio publico;12
mio vehiculo;12
jornadas adopcion;12
pagar patente automotor;12
tai chi;12
recoleccion colchon;12
charla virtual licencia;12
acceder tad;12
gabriela;12
denunciar perdida dni;12
actividades fin semana;12
seria turno;12
ufa;12
portal inscripciones;12
rto;12
cuanto entrada ecoparque;12
turno ecodoppler;12
sacar entradas ver ensayos orquesta filarmonica;12
finalizar consulta;12
cancelar vtv;12
persona atienda;12
salir cuenta;12
defunciones;12
roac;12
tejido;12
concha;12
turnos covid;12
orquestra filarmonica;12
devolucion saf;12
partida agip;12
certificado catastral;12
pase cultura;12
jefe gobierno;12
consultorio;12
curso costura;12
parques;12
mal cobro telepase;12
subsidio avitacional;12
contenedores verdes;12
torax;12
abre link;12
queria pagar multa;12
hablar controlador humano;12
resonancia magnetica cerebral;12
hostigamiento;12
estacionar capital;12
cancelacion;12
tan dificil;12
chat agip;12
actualizada;12
parque manuel belgrano;12
olh244;12
turno electromiograma;12
aprobada;12
gratuitos;12
quilmes;12
entrar usuario;12
retiro escombrod;12
ocupado;12
fraude;12
podes suicidar;12
jol;12
impugnar;12
cancelar cita;12
medrano;12
infracciones audiencia;12
vola;12
sacar nuevo dni;12
movilidad reducida;12
revision multa;12
correr contenedor;12
salta error;12
real;12
bueno bien;12
valuacion fiscal 2025;12
infracciones pagas;12
liliana;12
llego nivel;12
auto grua;12
cambiar escuela;12
pagar entrada;12
calzado mayorista whatsapp solo compra zapatos botas nybshoes multas transito tramites publicos;12
sacar turno kinesiologia;12
mas adelante;12
sigeci;12
veo multa;12
carrillo;12
cabcelar;12
hacer turno;12
inracciones;12
ensayo filatmonica;12
grabado partes;12
scoring puntos;12
tele consulta;12
cancelar multa;12
entradas gratuitas;12
listo mas;12
ver acta completa;12
contactar controlador;12
contactar asesor;12
consulta multa transito;12
gestiones;12
hablar alguien telepase;12
codigo validacion;12
inicie secion;12
ingresar usuario;12
mascotas castracion;12
oblea vtv;12
pague infracciones;12
lavar contenedor;12
entrevista;12
pase discapacitados;12
visa;12
generar clave ciudad;12
multas audiencia;12
debo patentes;12
cuadro tarifario;12
residuos especiales;12
deuda patente automotor;12
hospital rocca;12
fiebre;12
gtacias;12
falta multa;12
titularidad;12
cedetap;12
evaluacion;12
anteojos gratis;12
imprimir multa pagar;12
500;12
nunca atienden;12
resolver problema;12
anotarme terminar secundario;12
tramites pendientes;12
vacunacion neumococo;12
renovar patente;12
cetetac;12
elegir;12
asignacion universal hijo;12
entregar recibo avitacional;12
vacaciones invierno escuela;12
ensayo filarmonica anos;12
bienas;12
recien nacido;12
turnos renovacion licencia;12
avisame;12
1721300;12
hola...;12
asi hare;12
pagan ciudadania portena;12
servicios cercanos;12
curso mecanica;12
retiro bienes desuso;11
subir recibo;11
cuidad;11
burnas;11
ver turno vtv;11
curso peluqueria;11
saco turno presencial;11
denuncio auto mal estacionado;11
fachadas;11
copia acta divorcio;11
descargar documentos;11
render recibo;11
conectar miba;11
joyeria;11
eventos mayo;11
error patente;11
audiencia controlador infracciones;11
perdida gas;11
tarifa colectivo;11
espectaculos gratis;11
comer cuidad;11
turno videollamada controlador faltas;11
uso indebido espacio publico;11
cargar documentos;11
tramite virtual;11
consultar puntos licencia conducir;11
generar usuario;11
hacer natacion;11
violencia;11
tarjeta social;11
telepases;11
curso educacion financiera;11
programa cultural barrios;11
impugnar multas;11
interrumpir embarazo;11
motocicleta;11
hacer charla renovacion licencia;11
cursos peluqueria;11
reimprimir licencia;11
escombros obra;11
problemas vecinos;11
cancelar pedido;11
turno vacuna antineumococica;11
patente infracciones;11
mediaciones;11
multas peajes;11
beca estudiante;11
gasista;11
profesionales;11
avanzamos;11
dconsultar turnos;11
turnos hospital ramos mejia;11
reclamo basura;11
licencia docente;11
telepase adherido mercado pago;11
reglamento copropiedad;11
ship;11
generar boleta cenat;11
oftomologia;11
paga bui;11
cortes calles;11
volver registrarme;11
momento ocupada dejame consulta comunicare brevedad;11
hacer secundario;11
resignacion puntos;11
consultar fecha cobro;11
ruidos obra;11
falta iluminacion;11
ad263tx;11
alla estare;11
licencia manejo;11
boleto secundaria;11
dni argentina;11
desvincular;11
espero atiendan;11
hacer charla renovar registro;11
hospital cerca;11
renovacion licencia conducir turno;11
sacar turno hospital velez;11
prueba manejo;11
turno atencion;11
duplicado licencias;11
turno consultorio externo;11
busco centro inclusion social;11
buscar auto;11
sirvio ayuda;11
sube secundaria;11
descargo fotomulta;11
sacar turno resolver controlador;11
cursos gasista;11
mira;11
cancelalo;11
agradecer;11
bbb;11
ratificacion partida nacimiento;11
electronico;11
busco partida nacimiento;11
inmunologia;11
queria consultar infracciones transito;11
deja ingresar pagina;11
dni urgente;11
ser docente;11
reclamar multa transito;11
turno ampliacion licencia conducir;11
salir bot;11
acarrearon vehiculo;11
boletas pagar;11
enviaron;11
aceptaron;11
turno tornu;11
calles estacionar;11
multas pendientes;11
hablame inodoro pereyra mendieta;11
licenciate;11
hicieron;11
tomografia contraste;11
cerrar secion;11
nomuchas;11
dice resolver controlador;11
vacuna animales;11
turno hospital oftalmologico;11
subir nivel seguridad miba;11
estudio imagen;11
licencia medica docente;11
alguna infraccion transito;11
retiro cosas;11
ionamiento;11
resolver video llamada;11
hablar alguiem;11
falta barrendero;11
turno tarjeta ciudadania portena;11
carta ciudadania;11
plano edificio;11
dar baja dispositivo;11
fecha multa;11
inscribirme terminar secundaria;11
pasas link;11
educacion accesible;11
oagar;11
pedir turno dni;11
baja servicio;11
multal;11
certificado vacunas covid;11
centro diagnostico alta complejidad;11
ayudes sacar turno;11
hacer resonancia;11
sofia;11
crear nueva;11
extravio patente;11
descargue;11
tramite renovar licencia;11
sacar turno pista manejo;11
tramites vehiculo;11
depositan habitacional;11
vacunas animales;11
turno tramite pendiente;11
generar multa;11
valor entrada;11
auto mal eatacionado;11
requisitos renovar licencia;11
denuncia vereda;11
jose paz;11
denuncias viales;11
turnos ginecologa;11
pedir turno resonancia magnetica;11
orden merito;11
persona hablar;11
turno unidad administrativa control faltas;11
dejar auto;11
matanza;11
anotarme curso;11
peligro derrumbe;11
recoleccion residuos obra;11
consultar deuda infracciones;11
titulo tramite;11
hablar persona equipo;11
infraccion mal estacionamiento;11
mensaje momento responder hare posible seguime redes instagramcomleliamedinainmuebles facebookcomleliamedinainmuebles arlinkedincominleliamedinalatorre;11
personas discapacidad trasplantadas movilidad portena;11
accedo pago voluntario;11
realizar inscripcion;11
sube estudiantil turno;11
confirmar turno oftalmologia;11
cursos idiomas;11
certificacion firmas;11
menores;11
consulta ciudadania;11
habilitacion comercio;11
papel concubinato;11
quisiera hablar controlador;11
quisiera cancelar turno;11
asiconfirmar;11
pedir volquete;11
donacion ropa;11
denunciar estafa;11
entradas teatro;11
libre deuda infraciones;11
auto robado;11
reprogramacion turno;11
pedirte turno;11
esperando llamada;11
renuevo dni;11
descargo faltas;11
ver tramite finalizado;11
playa infractores;11
boleto educativo nivel superior;11
multa capital;11
horarios cesac;11
asistencia habitacional;11
tramite telepase;11
corte raices;11
maternales;11
jhui;11
butti;11
contestas;11
descarga pdf;11
oblea telepase;11
resolver infracciones transito mediante audiencia virtual controlador faltas;11
teatro san martin;11
pagar menos;11
defensa infraccion;11
enviar descargo;11
senda peatonal;11
messi;11
numero llamar sacar turno;11
turnos registrados;11
reclamo partida;11
factura multa;11
tirar sillon;11
boleto subte jubilados;11
retiro programado basura;11
violencia familiar;11
auto foto;11
elijo opcion;11
anda aplicacion;11
retiro basura voluminosa;11
recoleccion objetos;11
pagar infraccion trancito;11
puedes contarme mas bax mandamos solicitud bac interna numero tramite 0069356226 novedades aviso;11
busqueda empleo;11
multas mal estacionamiento;11
empadronarse;11
ayudo;11
plantacion arboles;11
boleto estudiantil universitarios;11
ferias gastronomicas;11
vence agosto;11
turno junta evaluadora;11
auto mal estacionafo;11
pagar multa telepase;11
denunciar basura;11
museos gratis;11
pedir turno nuevo;11
infracciones vehiculares;11
reduccion multas;11
suscribete;11
hago ser nivel;11
contactarme alguien;11
cambiar turno hospital;11
habilitacion telepase;11
densitometria osea;11
especialidades turno previo;11
neumonologia infantil;11
hice curso virtual;11
consultar multa patente;11
neumonologo infantil;11
sos basura;11
patentes auto;11
manana comunico;11
validar identificacion;11
mas servicio barrio;11
confirmo dos;11
inscripcion agente transito;11
debito automatico patente;11
turno descargo infracciones;11
vacantes escolares;11
dar baja cuenta;11
entradas obelisco;11
turno dalud;11
hablar atencion cliente;11
remover auto abandonado;11
tramitar telepase;11
ayuda favor;11
queda lejos;11
solicitar telepase;11
pedir turno comuna;11
multa mal cobrada;11
presentar descargo infraccion;11
tribunal falta;11
mas ayuda;11
derecho;11
anda dormir;11
turno presencial resolver multas;11
recoleccion bolsas escombros;11
hablar personas;11
numero atencion;11
pedir turno vacunacion;11
abierto ecoparque hoy;11
hables mas;11
renovar dni menor;11
consultar infracciones caba;11
recoleccion residuos poda;11
comprobantes vencidos;11
atencion persona;11
hablar alguien habitacional;11
turnos vacuna gripe;11
pedir turno medico clinico;11
salta;11
siudadania portena;11
curso marketing;11
mensaje momento podemos responder horario atencion lunes sabados 19hs;11
licencia conducir caba;11
reclamar multa mal hecha;11
tramitar documentacion;11
pude entrar miba;11
ggg;11
numero telefonico;11
02062026;11
atenderse hospitales;11
programa acompanar;11
hacer nuevo dni;11
retiro residuos obra;11
poder;11
ver estacionar;11
realizar descargo infraccion;11
malisimo servicio;11
tramitar sube estudiantil;11
turno holter;11
reconocimiento facial;11
estacionam;11
volvi;11
educacion inicial;11
boletin escuela primaria;11
ubicacion contenedor;11
consulta denuncia;11
ver video suscribete dale like;11
cha;11
hacer descargo controlador;11
movilidad escolar;11
parque centenario;11
activacion telepase;11
pido partida nacimiento;11
turno filarmonica;11
guardia hospital;11
boleta impuesto sellos;11
accedo nivel;11
sas;11
jornada adopcion;11
parquimetros;11
estacionamiebto;11
comunicar 147;11
inoperantes;11
primero;11
remover auto;11
confirmo turnogracias;11
sacar turno vacuna covid;11
habilitacion expres;11
entrada gratuita;11
ver infracciones auto;11
pastilla despues;11
cambio patente;11
pagar partida;11
termino;11
numero comunicarme;11
baja taxi;11
visitas guiadas palacio ceci;11
acceder pago voluntario;11
29062026;11
boleta pago cenat;11
pileta parque chacabuco;11
denuncia obra construccion;11
pedir certificado matrimonio;11
sacar turno bebe;11
turno resolver multas controlador;11
infractores;11
varicela;11
numero partida agip;11
turnos cardiologia;11
carreras distancia;11
castracion animal;11
colonias;11
turno nedico;11
titulo digital;11
container basura;11
obstruccion cochera;11
denuncia comercio;11
retirar medicamentos;11
solicitud tramite;11
llamar telefono;11
medicina laboral;11
senor;11
retiro bultos;11
pagar boleta ivc;11
papeles llevar;11
inhabilitacion;11
obtener;11
actualizar domicilio;11
multas consulta;11
beca nivel medio;11
registro residentes;11
decis multas;11
confirmar turno vtv;11
declarar domicilio;11
consultar multas hacer pago voluntario;11
recibo abitacional;11
consulta deudas;11
taichi;11
retencion veiculo;11
levantamiento clausura;11
beca secundario;11
telepse;11
centros diagnostico tratamiento alta complejidad cedetac estudios diagnostico imagen;11
encontre info buscaba;11
reportar mal estacionamiento;11
perdida agua via publica;11
ahora sacar turno;11
favor hablar alguien;11
liciencias;11
consultar multas hacer descargo videollamadab;11
verificacion identidad;11
boletines escolares;11
2010;11
turno ergometria;11
programado;11
estacionas;11
cobro beca;11
inscribir hijo;11
sacar dni nuevo;11
descargos infracciones;11
bui licencia conducir;11
partida nacimiento mia;11
turno descargo multa;11
tarjeta sube cud;11
turnp;11
camaras seguridad;11
ocupacion via publica;11
wsp;11
solicitud titulo secundario;11
turno lagleize;11
ingresar sitio;11
clases ingles;11
entrar aprende;11
estacionamiento prohibido;11
multa pague;11
quisiera hacer descargo;11
moto acarreada;11
libre;11
clase profesional;11
hice necesitaba;11
historia;11
cambiar categoria;11
celebrar teatro colon abre puertas ensayos;11
hablar representante humano;11
denunciar auto infraccion;11
factura pago;11
bombonera;11
cursos pasteleria;11
turno fonoaudiologia;11
bote;11
sacar turno hospital pena;11
depositaron habitacional;11
turno actualizar dni;11
ingresar argentina;11
grua llevo vehiculo;11
programas;11
superior;11
guarderias;11
retenida;11
facilidades pago;11
consulto infracciones;11
descargar boletas abl;11
cambie numero;11
seguimiento reclamo;11
puede cambiar fecha;11
hablo whatsapp;11
informacion ciudadania portena;11
holisss espero encuentres bien mensaje momento disponibles responderemos tan pronto regresemos horario atencion lunes viernes hermoso;11
inflaciones;11
escuela especial;11
turno examen conducir;11
avance;11
licencia conducir carnet registro;11
vencimiento multa;11
comisaria comuna;11
asesoria legal;11
validar identidad pasar nivel;11
pase libre subte cud;11
turno infracciones caba;11
echo;11
licencia conducir vencida;11
consulta deuda patente;11
mediacion comunitaria;11
comprobantes pago legajos vencido;11
pago voluntario multas transito;11
llame;11
poste luz;11
presentar descargo infraccion transito;11
confirmar turno pediatria;11
suficiente;11
portal;11
falta contenedor;11
rendir recibo subsidio habitacional 690;11
seguimiento retiro escombros;11
solicitud copia planos mensura horizontalidad prehorizontalidad catastro;11
ver notificacion;11
queria cancelar;11
pedir turno presencial;11
estacionamiento gratis;11
especialidad turno;11
hacer vtv mas;11
resultados estudio;11
cedula auto;11
haberes;11
toxicologia;11
teorico;11
deuda iibb;11
contrasena cuenta;11
hacer multa mal estacionamiento;11
blanquiamiento cuenta;11
plan pagos patentes;11
programar retiro;11
reparacion luminarias;11
espacio verde;11
registre miba;11
pueden dar turno;11
reclamar telepase;11
turnos hospitalarios;11
recuerdo clave;11
establecer contacto alguien;11
canbiar turno;11
recien;11
credito hipotecario;11
turno video llamada controlador transito;11
erika;11
examen residencia medica;11
partida actualizada;11
infracciones autos;11
renovar licencia profesional;11
operacion;11
raices;11
turno ecografias;11
infraccion obra;11
pagar multa automotor;11
adolescentes;11
debe patente;11
dni ejemplar;11
boletin hijo;11
esconbro;11
hacerme estudio;11
antecedente penal;11
pagar forma voluntaria;11
turno examen practico;11
constancia divorcio;11
perder beneficio;11
boleta infraccion transito;11
activacion;11
cambiar contenedor;11
pagan multas;11
velez sarsfield;11
cirugia infantil;11
reportar vehiculos;11
apnd;11
pagar estacionamiento calle;11
siiiiii;11
cobre;11
mandar curriculum;11
electro cardiograma;11
cdu;11
holsa;11
ciclo lectivo;11
rendicion subsidio habitacional 690;11
formulario verificacion policial;11
audiciencia;11
evan;11
cancekar;11
copia analitico secundario;11
chantas;11
audencia;11
pedir audiencia virtual;11
maria;11
cargar recibo;11
campus virtual;11
constancia ultimo domicilio;11
reconsideracion;11
nnn;11
cursos mayores;11
maternidad sarda;11
actualizacion datos;11
auto vendi;11
cuanto sale multa;11
mandar audio;11
cancelar tueno;11
holiii;11
dar;11
denuncias anonimas;11
publicacion grillas resultados partir junio;11
renover licencia;11
donar mueble;11
otrogamiento;11
laura;11
cim;11
requisitos ciudadania portena;11
turnos previos;11
revisar multaa;11
tramitar sube cud;11
palacio libertad;11
vencio vtv;11
ayuda cuenta;11
puede entrar;11
ginecologico;11
revaluacion examen practico;11
domiciliario;11
crea cuenta;11
herpes zoster;11
cambiar medio pago telepase;11
solicitud recoleccion escombros;11
libre deuda multas transito;11
gente;11
supuesto;11
cesto;11
calzado mayorista nathy nybshoes whatsapp solo compra zapatos botas tramites elecciones servicios ciudad;11
antigripal covid;11
chacabuco;11
adhesion boleta electronica abl;11
unas multas;11
reclamo acarreo;11
cambiar turno licencia conducir;11
reeducacion vial;11
inflacion transito;11
infracciones vencidas;11
puede ser paso cancelaron tambien turno neurologo tambien ahora electroencefalogrsma puede ser paso boia quehar ustede piede ser asi aser trabajo;11
quisiera hablar operador;11
primer trabajo;11
planos mensura;11
marie curie;11
patentamiento;11
bataxi;11
angiografia;11
podria sacar turno;11
cambio clave miba;11
odontologia gratis;11
infracciones libre deuda;11
gestor;11
avo;11
multas transito dni;11
habla agiphola;11
abrir archivo;11
contactos;11
soporte cuenta;11
turno hacerme estudio;11
ecografia partes blandas;11
turno hispital;11
auto mal estacionados;11
renivacion;11
fisiatria;11
diste numero;11
ver facturas;11
hablar adultos 2000;11
telepasa;11
acompanante terapeutico;11
constancia inscripcion iibb;11
licencia conducir cambio domicilio;11
boleta pago infracciones;11
calzado mayorista nathy nybshoes whatsapp solo compra zapatos botas elecciones multas tramites publicos;11
doble adultos;11
comforme;11
reempadronamiento sube;11
resuelven;11
vereda rota raices;11
turno verificacion policial caba;11
vacante primaria;11
ronovar licencia;11
coche abandonado;11
retiro scombro;11
diaaa;11
holaq;11
informe medico;11
hacer pago;11
calzado mayorista whatsapp solo compra zapatos botas nybshoes tramites elecciones servicios publicos;11
cacelar;11
bloqueada;11
ver pasadas telepase;11
lagleize;11
orquesta filarmonica cumple anos;11
turno lagleyse;11
oponer excepciones;11
centellograma oseo;11
579ene;11
retiro escobros;11
patentes caba;11
hoala;11
desafectacion taxi;11
discutir multas;11
detalles;11
tuno medico;11
fecha pago;11
tarjeta habitacional;10
recuperar turno;10
nacionalidad;10
buscar infracciones;10
ver titulo secundario;10
llego dni;10
charla virtual aprobada;10
dni tramite;10
multa foto;10
columna;10
retirar bolsas escombro;10
llega correo;10
infraccion turno;10
velocidad iba;10
turno presencial regimiento patricios;10
villa devoto;10
entradas filarmonica teatro colon;10
documento requerido adjunto datos tramite;10
ciudadania pirtena;10
alicia;10
informaciones transito;10
abandono;10
boleto jubilado;10
encuentro seccion perfil;10
solicitar partida nacimiento hijo;10
vacuna doble adultos;10
contactar agente;10
abrir aplicacion;10
turno resonancia cerebro;10
puntaje registro;10
reservar dos entradas ensayo filarmonica;10
carnet conductor;10
comunicame alguien;10
papel;10
aumentar nivel;10
sacar turno renovacion;10
hacer validacion;10
nueva denuncia;10
boleto nivel superior;10
sacar turno pagar;10
cursos formales;10
cursos cocina;10
denunciar trapitos;10
ser agente transito;10
vacuna herpes zoster;10
primer empleo;10
teatro colon entradas;10
ver legajo;10
pagar online multas;10
chatarra;10
divorciar;10
juan carlos;10
hospital fernandes;10
confirmar tambien;10
pagar renovacion registro;10
busco turno salud;10
recoger poda;10
dni perdida;10
atienda operador;10
descargo online;10
perdida licencia conducir;10
sacar turno clinico medico;10
venezuela;10
oportunidades laborales;10
oks;10
dudas licencia conducir;10
tramite pasaporte;10
moto estacionada vereda;10
controlador linea;10
multa corresponde auto;10
vacuna gatos;10
toca hacer vtv;10
mostrar infracciones;10
moreno;10
senales transito;10
sacar turno hospital albares ginecologa;10
sacar turno resolver videollamada;10
reclamo transporte;10
nueva;10
administradores consorcio;10
hija anos;10
sacar turno manana;10
hacer denuncia consumidor;10
reclamar multa mia;10
bien sigamos;10
ciudadania portena tarjeta;10
telefono telepase;10
ayudarte;10
ver documento;10
pago multa online;10
turno lunes;10
cargada ciudadania portena;10
cambiar turno favor;10
estudio sangre;10
denuncia local;10
libertad;10
infracciones mias;10
espero rato;10
ahora sigue;10
descuento pago voluntario infracciones;10
concha bien madre;10
monto multas;10
solicitar turno boleto estudiantil;10
dinero;10
patented;10
matricula administrador;10
baja turno;10
mande mail;10
turnos psicologia;10
viaje gratis jubilados;10
turno hospital odontologico;10
instituto zoonosis luis pasteur;10
boleto estudiantil sube;10
certificado secundario;10
centro vacunacion;10
ayuda cuadra;10
cuanto sale tramite;10
insfraccion;10
clave aires;10
bolsa escombros;10
baja patentes cambio radicacion;10
tarjeta cultural;10
turno salud cesac;10
hablar alguine;10
sacar turno controlador videollamada;10
turnomedico;10
turno mascotas;10
funciona sitio;10
cuanto total multas;10
horarios ecoparque;10
mapa interactivo;10
iniciar reclamo;10
tener audiencia;10
beca ciudad 2026;10
hacer tramite gratis web;10
escanea dni;10
dar baja sube estudiantil;10
pago acarreo;10
gusta;10
ciudania;10
favor turno;10
infracciones pagadas;10
consultar dominio;10
tranite;10
hablar operario;10
consultar infracciones patente;10
polideportivo santojanni;10
activar boleto estudiantil;10
mas cultura;10
precio entradas;10
dice pagar;10
hora turno manana;10
desratisacion;10
veterinaria movil;10
bloqueado;10
perfil miba;10
retencion auto;10
reconoce dni;10
turno dni cambio domicilio;10
endodoncia;10
infraccion telepase;10
molestar;10
app escuela;10
cargan ciudadania;10
animales adopcion;10
puesto trabajo;10
cultural;10
atencion operador;10
sube discapacitado;10
turno proctologo;10
telepaseg;10
solicitar prescripcion multas;10
especialidades turno;10
perdio;10
entradas lis ensayos orquesta filarmonica;10
desconozco multa;10
sacar turno juez faltas;10
consulta mas;10
entro cuenta;10
hacer preinscripcion;10
salud sacar turno;10
inscripcion ferias;10
actividades ciudad;10
charla virtual renovar licencia;10
abogado gratis;10
pendiente;10
help;10
eventos culturales;10
cambio direccion;10
limpieza sumidero;10
vtv motos;10
charlar controlador;10
reparar luminaria;10
horario ecoparque;10
finalizados;10
ayudame crear cuenta;10
ciudadania portrna;10
retiro mueble desuso;10
sacar rurno;10
cartel prohibido estacionar;10
descargo virtual;10
sos verga;10
sacar turno video llamada controlador;10
entrenamiento funcional;10
localidad;10
libreta matrimonio;10
solicitud boleto estudiantil;10
validar identidad manera presencial;10
baja patente automotor;10
pagina anda;10
sacar turno conducir;10
validar datos biometricos;10
estacionar recoleta;10
matrimonios;10
hablar persona maquina;10
juzgado;10
ago pagar;10
recuperar acceso;10
comprobante pago infraccion;10
blanqueo cuanta miba;10
solicitar retiro poda;10
turnos farmacia;10
ver turnos pendientes;10
actualizar domicilio dni;10
codigo barra;10
curso informatica;10
dni persona;10
entrega recibo subsidio habitacional;10
turno gracia;10
nad;10
luis;10
castraciones perros;10
libertador;10
nena;10
costo renovacion dni;10
turno rmn;10
turno nene;10
libre dueda;10
reconocimiento hijo;10
confirmar ambos turnos;10
registro huella digital;10
cursando;10
empezar cero;10
bueno grasias;10
plataforma;10
cordon pintado amarillo;10
borda;10
partida nacimiento solicitada;10
pagar turno;10
permiso artista callejero;10
perdi documento;10
solicitud empleo;10
siento entendi favor elegi opciones ingresando numero correspondiente ejemplo escribe iniciar reclamo falta suministro consulta saldo adhesion factura digital envio factura debito automatico segmentacion tarifaria subsidio rase medios pago medios contacto finalizar chat;10
pagar deja;10
once;10
barberia;10
olvidalo;10
barrido vereda;10
cuanto tarda tramite;10
ver historia clinica;10
numero gestion;10
grierson;10
cobra beca;10
blanqueo clave ciudad;10
parida nacimiento;10
salio mal favor volve intentarlo nuevo minutos problema persiste escribile;10
abri cuenta;10
plan facilidades patentes;10
requiero turno clinica medica hospital santa lucia;10
certificado legalidad registro;10
controlador videollamada;10
continuar renovacion licencia;10
nina;10
cuanto debo multa;10
eventos gratis;10
plan pago patentes;10
eventos finde semana;10
partida original;10
exenciones jubilados personas discapacidad;10
rama caida;10
sinfonica colon;10
electro;10
comer;10
hemoterapia;10
taxista;10
telefono hablar;10
denuncio;10
hablar operador 147;10
turno fonoaudiologa;10
castrar gatas;10
tel;10
usuario clave;10
consultar resultado laboratorio;10
verificar infracciones;10
chatear asistente;10
cambio contenedor;10
consultar fecha turno;10
infraccion transitoria;10
cambiar lugar;10
retire;10
horario linea;10
descuento subte jubilados;10
perdon opcion;10
beca media;10
examen teorico licencia conducir;10
descargar multa transito;10
besitos;10
servicio odontologia;10
licencia conducit;10
confirmar turno junio;10
desconocer multas;10
curso impresion;10
asistente ser humano;10
denunciar ocupacion espacio publico;10
turno psicologico;10
multas coche;10
dni mayor;10
ricardo;10
abl numero partida;10
codigo edificacion;10
exencion pago patentes;10
ver boletin escolar;10
sacar turno hospital pinero;10
contactar ausa;10
agip boleta;10
recoleccion residuos voluminoso;10
cursos tecnologia;10
turno vacunas antigripal;10
termine tramite;10
tarifa subte;10
mal multa;10
desechos;10
renovacion registro cambio domicilio;10
actualizacion dni anos;10
multa mal;10
campo visual;10
constancia estadia;10
chauuuuuu;10
auditoria;10
denuncia ratas;10
consulta tarjeta ciudadania portena;10
cerrar tema;10
llego email;10
sacar turno obstetra;10
pago partida;10
visita guiada teatro colon;10
renovar boleto estudiantil;10
quisiera hablar asesor;10
revisar multas auto;10
solicito retiro escombros;10
inscripcion jardines;10
murcielago;10
sacar partida nacimiento hija;10
impuesto inmobiliario abl;10
estudio psicodiagnostico;10
hablar empleado;10
denunciar administrador consorcio;10
chupame verga;10
jtp443;10
unica;10
formulario movilidad portena;10
licencia ciudad;10
carolina;10
campana vacunas;10
autismo;10
aparece error;10
bui abonada;10
lorena;10
vehicular;10
115;10
termine curso;10
recibir notificaciones;10
gusta pito;10
imprimir boletas pagar;10
talleres memoria;10
fotos multas;10
conecta;10
descargo foto multa;10
contactarme asesor;10
segunda multa;10
tramite convivencia;10
foto auto;10
playa auto;10
multa acarreo;10
clases tango;10
cancelar turno licencia;10
corralon floresta;10
limpieza barrido;10
plan cuotas;10
escobros;10
parque;10
plomeria;10
rendir examen;10
fecha cobro beca ciudad;10
renovacion curso manipulacion alimentos;10
explique;10
hacer apto fisico;10
turnos confirmo;10
audiencia online infracciones;10
telefono infracciones;10
podes ayudarme tramites;10
entro audiencia;10
solicitud analitico;10
ingresar datos;10
registro campanas;10
obra clausurada;10
alguien equipo;10
ojo;10
sacar libreta sanitaria;10
mientras podemos seguir charlando mas salud cambiar tema;10
boletin hija;10
accion social;10
pagar facturas;10
solicitar recoleccion escombros;10
llego mensaje aprobacion recibo email;10
legajo multas;10
pagar infraccion vehiculo;10
hablar representante telepase;10
estan vencidas;10
infraccion transito caba;10
denuncia administracion consorcio;10
mail comunicarme;10
cambio contrasena miba;10
funciona esicol;10
turno resolver multa videollamada;10
pedir acta matrimonio;10
curso joyeria;10
aparece acceso denegado;10
palacio cecci;10
renovar licencia caba;10
contravenciones;10
curso manipulador alimentos;10
retirar residuos voluminosos;10
puede hablar persona;10
mas solicitudes;10
beneficios jubilados;10
sacar multa;10
denuncia consorcio;10
remision moto;10
esperando operador;10
930;10
concha puta madre;10
creditos hipotecarios;10
hospital bernardino rivadavia;10
bien turno;10
tramites registro;10
chola;10
ruidos vecinos;10
plaza mayo;10
solo confirmar turno;10
dos multas;10
tramitar pase subte;10
nadie;10
pagos abl;10
ecg;10
servicio consumidor;10
menu inicial;10
infraciones caba;10
validacion cuenta;10
turno papa;10
terminar charla;10
baja robo;10
castraciones animales;10
ver controlador resolvio traspaso infracciones quedaba saldo puntos;10
turnos neurologia;10
turno examen licencia;10
validar dni miba;10
chequear multas;10
reembolso;10
telepase pagar;10
turno tramitar ciudadania portena;10
vacunar fiebre amarilla;10
teatro colon ensayo;10
valuacion inmueble;10
diego;10
sacar turno regimiento patricio;10
bueno sacar turno;10
educacion financiera;10
administrador consorcios;10
turno renovacion carnet conducir;10
vacuna antigripal 2026;10
turnos tomografia;10
opcion perfil;10
bajar boleta pagar;10
cambiar turno odontologia;10
resolver multas videollamada controlador;10
saco clave ciudad;10
confirmar turno cardiologia;10
pagar multa voluntario;10
valor acarreo;10
negativa anses;10
turno sacar nuevo dni;10
hopital;10
sni;10
fechas disponibles;10
reubicar contenedor basura;10
sacar turno odontologo;10
conozco;10
servicios sociales;10
sacar turno casarme;10
retirar licencia retenida;10
vacuna antigripal covid;10
ingreso docencia;10
infracciobes;10
polideportivo chacabuco;10
seccion;10
ingresar perfil;10
force ninguna barrera;10
validado;10
boleto subte;10
telepasebuen;10
generar;10
ingreso app;10
sirven opciones;10
examen manipulacion alimentos;10
turno castracion perra;10
imprimirlas;10
breve contesto;10
hago cancelar turno;10
retiro carteles;10
porfa;10
canje licencia conducir;10
salita;10
consultar infracciones auto;10
colonias invierno;10
xxx;10
ecoparque gratis;10
ayb;10
cuantos puntos registro;10
dermatologia pediatrica;10
pagar infraccion tarjeta;10
pasar nivel seguridad;10
sacar turno especialidad;10
turno salita;10
comisaria corresponde domicilio;10
habla;10
actividades ninos;10
turno controlador infraccion;10
autorizacion actividad economica;10
espacios verdes;10
precensial;10
generar cupon pago;10
confirmo tres turnos;10
ezequiel;10
deja pagar infraccion;10
transferencia moto;10
jhyu;10
florencia sousa estilista confianza horario atencion lunes sabados 900 1800 preocupes responder brevedad contactarme podes ver trabajos httpswwwinstagramcomflorsvestilistahlesla;10
burla;10
turno web;10
registrar direccion;10
renovacio licencia conducir;10
curso gratis;10
descargar multa pagar;10
plan pago vencido infracciones;10
entrar pagina pagar;10
sacar turno neumologo;10
burn;10
lucas;10
llego notificacion multa;10
consulta multas dni;10
ocupacion indebida;10
obtengo digito verificador;10
envian codigo;10
antineumococo;10
copia plano obra;10
pase gratuito;10
resolver multa video llamada;10
resolver controlador transito;10
sola;10
edenor;10
sacar turno controlador video llamada;10
renovar pase;10
puedes contarme mas bax kev 20260521 push solas;10
sacar turno hospital pineiro;10
mecenazgo;10
prescribio;10
adhesion debito automatico;10
estacionar ahora;10
confirmar turno vacunacion;10
videollamada controlador faltas;10
turno agencia;10
sacar turno registro moto;10
reduccion infracciones;10
obtener descuento;10
obtengo;10
comunicarte silvina recupero horario atencion lunes viernes 9hs 18hs sabados 9hs dejanos consulta respondiendo brevedad;10
baset;10
imprimir multa pagarla;10
boca tormenta;10
clinica medico;10
acuerdo infraccion;10
turno uacf;10
recibi cedula notificacion citacion;10
obtener clave;10
wstacionar;10
sacar turno renovar cud;10
turnos salud mental;10
validar identidas;10
solicitar acta defuncion;10
judicial;10
estacionamiento indebido;10
hacer declaracion jurada;10
pagar acta infraccion;10
hoy abre ecoparque;10
pase gratis jubilados subte;10
sirve respuesta;10
plantar arboles;10
gestion residuos;10
pase emova;10
turno hospital odontologia;10
realice charla virtual;10
guardias odontologicas;10
turno hospital sarda;10
ensayo filarmonica mayo;10
resolvio pedido;10
infraccion vehiculo mal estacionado;10
hacemos;10
polisonografia;10
infracciones descuento;10
charla virtual licencia conducir;10
turno vasectomia;10
grasia;10
hui;10
obra clandestina;10
primer dni;10
cursos rcp;10
chatear alguein;10
turnos pediatrico;10
medico clinica;10
cafecito;10
boxeo;10
oftanmologia;10
pagar deuda agip;10
bilingue;10
duplicado acta matrimonio;10
dime;10
mensaje actualmente horario atencion habitual ello solicitamos necesita asistencia inmediata emergencia favor coloque palabra emergencia seguido direccion detalle caso necesita coordinar visita deje direccion nombre caso comuniquese horario trabajo habitual;10
momento carro horarios 2030 23hs hoy cerrado disculpe molestias elegirnos;10
paga multas;10
viaje gratis;10
registro vehicular;10
ingresar campus;10
certificado analitico secundario;10
multa llego;10
turno 2026;10
denuncia transporte publico;10
buenaas;10
aplique;10
scanear;10
adicion apellido;10
recuperar contrasena cuenta;10
portal director obra;10
botija;10
sircreb;10
sacarturno;10
tema multas;10
consultar multas hacer descargo forma presencial;10
cursos arte;10
ruido motos;10
subsidio gas;10
livencia;10
pase telepase;10
turno cede;10
viajo;10
beneficiaria;10
link preinscripcion;10
ver turno medico;10
queria sacar turno medico clinico;10
encuentra;10
obtener boleta abl;10
neurocirujano;10
hago nivel;10
ver acta multa;10
hacer plan pagos;10
hago pregunta;10
vivo zona;10
dni menor edad;10
licencia conducir carnet registro... podes decirle quieras;10
contralor;10
garcias;10
vacunacion cesac;10
consulta solicitudes;10
1930;10
echa;10
mensaje contiene siglas transcribirlas puntos mensaje contiene siglas transcribirlas puntos;10
aprender finanzas online;10
infractions;10
grabado autoparte;10
solicitud cese retractivo ingresos brutos;10
folklore;10
pagar multa hago;10
yendo;10
cecac;10
unidad controladora;10
presento reclamo telepase asociado mercado pago pasadas debiten automaticamente evitar justamente generacion deuda embargo sistema autopistas urbanas figuran impagas siguientes liquidaciones comprobante 5028b00199116 246131 vencimiento 1305 comprobante 5028b00161882 796491 vencimiento 3003 comprobante 5028b00135058 579642 vencimiento 0203 solicito explicacion formal pasadas incorporadas debito correspondiente existio error lectura procesamiento imputacion regularice situacion manera inmediata trasladarme cargos intereses consecuencias corresponden actue buena manteniendo servicio adherido cobro automatico quedo espera respuesta solucion urgente;10
validar numero telefono;10
simbolo internacional acceso;10
non;10
registro campana;10
charla line;10
infraccion equivocada;10
aa369ns;10
sad;10
sillon;10
adulto mayor;10
validar telefono;10
graciaas;10
estacionmiento;10
cedecap;10
boleta inmobiliario;10
listo pague;10
bnas;10
ver resultados laboratorio;10
pagar infracciones transito online;10
pagar cementerio;10
concurso residencias;10
camino;10
monumentos turismo;10
estudio mamografia;10
actualizar partidas nacimiento;10
multas pagarlas;10
denuncia ruido molesto;10
sacar permiso;10
bajar boleta infraccion;10
talento tech adultos;10
retiro contenedor;10
sacar turno familiar;10
pagar voluntariamente multa;10
turno conducir;10
