one,click,abandonos,nada,texto,ne,total,porcentaje_ne,porcentaje_nada,d13
938120,169017,15768,17711,1060,22815,1164491,0.01959225103500156,0.015209220165720473,0.03480147120072203
